branch,origem,destino
mockups-finais,PALL-8-BILLION-BR_01-costas.png,PALL-8-BILLION-BR_01-costas.png
mockups-finais,PALL-8-BILLION-BR_03-inclinada.png,PALL-8-BILLION-BR_02-close.png
mockups-finais,PALL-8-BILLION-BR_02-frente.png,PALL-8-BILLION-BR_03-frente.png
modelos-branca,PALL-8-BILLION-BR_M1-costas-close.png,PALL-8-BILLION-BR_04-modelo-costas-close.png
modelos-branca,PALL-8-BILLION-BR_M2-frente-close.png,PALL-8-BILLION-BR_05-modelo-frente-close.png
modelos-branca,PALL-8-BILLION-BR_M3-costas-corpo.png,PALL-8-BILLION-BR_06-modelo-costas-corpo.png
modelos-branca,PALL-8-BILLION-BR_M4-frente-corpo.png,PALL-8-BILLION-BR_07-modelo-frente-corpo.png
mockups-finais,PALL-8-BILLION-OW_01-costas.png,PALL-8-BILLION-OW_01-costas.png
mockups-finais,PALL-8-BILLION-OW_03-inclinada.png,PALL-8-BILLION-OW_02-close.png
mockups-finais,PALL-8-BILLION-OW_02-frente.png,PALL-8-BILLION-OW_03-frente.png
modelos-off-white,PALL-8-BILLION-OW_M1-costas-close.png,PALL-8-BILLION-OW_04-modelo-costas-close.png
modelos-off-white,PALL-8-BILLION-OW_M2-frente-close.png,PALL-8-BILLION-OW_05-modelo-frente-close.png
modelos-off-white,PALL-8-BILLION-OW_M3-costas-corpo.png,PALL-8-BILLION-OW_06-modelo-costas-corpo.png
modelos-off-white,PALL-8-BILLION-OW_M4-frente-corpo.png,PALL-8-BILLION-OW_07-modelo-frente-corpo.png
mockups-finais,PALL-8-BILLION-PT_01-costas.png,PALL-8-BILLION-PT_01-costas.png
mockups-finais,PALL-8-BILLION-PT_03-inclinada.png,PALL-8-BILLION-PT_02-close.png
mockups-finais,PALL-8-BILLION-PT_02-frente.png,PALL-8-BILLION-PT_03-frente.png
modelos-preta,PALL-8-BILLION-PT_M1-costas-close.png,PALL-8-BILLION-PT_04-modelo-costas-close.png
modelos-preta,PALL-8-BILLION-PT_M2-frente-close.png,PALL-8-BILLION-PT_05-modelo-frente-close.png
modelos-preta,PALL-8-BILLION-PT_M3-costas-corpo.png,PALL-8-BILLION-PT_06-modelo-costas-corpo.png
modelos-preta,PALL-8-BILLION-PT_M4-frente-corpo.png,PALL-8-BILLION-PT_07-modelo-frente-corpo.png
mockups-finais,PALL-AFRO-BR_01-costas.png,PALL-AFRO-BR_01-costas.png
mockups-finais,PALL-AFRO-BR_02-frente.png,PALL-AFRO-BR_02-frente.png
mockups-finais,PALL-AFRO-BR_03-inclinada.png,PALL-AFRO-BR_03-close.png
modelos-branca,PALL-AFRO-BR_M1-costas-close.png,PALL-AFRO-BR_04-modelo-costas-close.png
modelos-branca,PALL-AFRO-BR_M2-frente-close.png,PALL-AFRO-BR_05-modelo-frente-close.png
modelos-branca,PALL-AFRO-BR_M3-costas-corpo.png,PALL-AFRO-BR_06-modelo-costas-corpo.png
modelos-branca,PALL-AFRO-BR_M4-frente-corpo.png,PALL-AFRO-BR_07-modelo-frente-corpo.png
mockups-finais,PALL-AFRO-OW_01-costas.png,PALL-AFRO-OW_01-costas.png
mockups-finais,PALL-AFRO-OW_02-frente.png,PALL-AFRO-OW_02-frente.png
mockups-finais,PALL-AFRO-OW_03-inclinada.png,PALL-AFRO-OW_03-close.png
modelos-off-white,PALL-AFRO-OW_M1-costas-close.png,PALL-AFRO-OW_04-modelo-costas-close.png
modelos-off-white,PALL-AFRO-OW_M2-frente-close.png,PALL-AFRO-OW_05-modelo-frente-close.png
modelos-off-white,PALL-AFRO-OW_M3-costas-corpo.png,PALL-AFRO-OW_06-modelo-costas-corpo.png
modelos-off-white,PALL-AFRO-OW_M4-frente-corpo.png,PALL-AFRO-OW_07-modelo-frente-corpo.png
mockups-finais,PALL-AFRO-PT_01-costas.png,PALL-AFRO-PT_01-costas.png
mockups-finais,PALL-AFRO-PT_02-frente.png,PALL-AFRO-PT_02-frente.png
mockups-finais,PALL-AFRO-PT_03-inclinada.png,PALL-AFRO-PT_03-close.png
modelos-preta,PALL-AFRO-PT_M1-costas-close.png,PALL-AFRO-PT_04-modelo-costas-close.png
modelos-preta,PALL-AFRO-PT_M2-frente-close.png,PALL-AFRO-PT_05-modelo-frente-close.png
modelos-preta,PALL-AFRO-PT_M3-costas-corpo.png,PALL-AFRO-PT_06-modelo-costas-corpo.png
modelos-preta,PALL-AFRO-PT_M4-frente-corpo.png,PALL-AFRO-PT_07-modelo-frente-corpo.png
mockups-finais,PALL-AFTER-PARTY-BR_01-costas.png,PALL-AFTER-PARTY-BR_01-costas.png
mockups-finais,PALL-AFTER-PARTY-BR_03-inclinada.png,PALL-AFTER-PARTY-BR_02-close.png
mockups-finais,PALL-AFTER-PARTY-BR_02-frente.png,PALL-AFTER-PARTY-BR_03-frente.png
modelos-branca,PALL-AFTER-PARTY-BR_M1-costas-close.png,PALL-AFTER-PARTY-BR_04-modelo-costas-close.png
modelos-branca,PALL-AFTER-PARTY-BR_M2-frente-close.png,PALL-AFTER-PARTY-BR_05-modelo-frente-close.png
modelos-branca,PALL-AFTER-PARTY-BR_M3-costas-corpo.png,PALL-AFTER-PARTY-BR_06-modelo-costas-corpo.png
modelos-branca,PALL-AFTER-PARTY-BR_M4-frente-corpo.png,PALL-AFTER-PARTY-BR_07-modelo-frente-corpo.png
mockups-finais,PALL-AFTER-PARTY-OW_01-costas.png,PALL-AFTER-PARTY-OW_01-costas.png
mockups-finais,PALL-AFTER-PARTY-OW_03-inclinada.png,PALL-AFTER-PARTY-OW_02-close.png
mockups-finais,PALL-AFTER-PARTY-OW_02-frente.png,PALL-AFTER-PARTY-OW_03-frente.png
modelos-off-white,PALL-AFTER-PARTY-OW_M1-costas-close.png,PALL-AFTER-PARTY-OW_04-modelo-costas-close.png
modelos-off-white,PALL-AFTER-PARTY-OW_M2-frente-close.png,PALL-AFTER-PARTY-OW_05-modelo-frente-close.png
modelos-off-white,PALL-AFTER-PARTY-OW_M3-costas-corpo.png,PALL-AFTER-PARTY-OW_06-modelo-costas-corpo.png
modelos-off-white,PALL-AFTER-PARTY-OW_M4-frente-corpo.png,PALL-AFTER-PARTY-OW_07-modelo-frente-corpo.png
mockups-finais,PALL-AFTER-PARTY-PT_01-costas.png,PALL-AFTER-PARTY-PT_01-costas.png
mockups-finais,PALL-AFTER-PARTY-PT_03-inclinada.png,PALL-AFTER-PARTY-PT_02-close.png
mockups-finais,PALL-AFTER-PARTY-PT_02-frente.png,PALL-AFTER-PARTY-PT_03-frente.png
modelos-preta,PALL-AFTER-PARTY-PT_M1-costas-close.png,PALL-AFTER-PARTY-PT_04-modelo-costas-close.png
modelos-preta,PALL-AFTER-PARTY-PT_M2-frente-close.png,PALL-AFTER-PARTY-PT_05-modelo-frente-close.png
modelos-preta,PALL-AFTER-PARTY-PT_M3-costas-corpo.png,PALL-AFTER-PARTY-PT_06-modelo-costas-corpo.png
modelos-preta,PALL-AFTER-PARTY-PT_M4-frente-corpo.png,PALL-AFTER-PARTY-PT_07-modelo-frente-corpo.png
mockups-finais,PALL-AIRDROP-AZ_01-costas.png,PALL-AIRDROP-AZ_01-costas.png
mockups-finais,PALL-AIRDROP-AZ_02-frente.png,PALL-AIRDROP-AZ_02-frente.png
mockups-finais,PALL-AIRDROP-AZ_03-inclinada.png,PALL-AIRDROP-AZ_03-close.png
modelos-azul-marinho,PALL-AIRDROP-AZ_M1-costas-close.png,PALL-AIRDROP-AZ_04-modelo-costas-close.png
modelos-azul-marinho,PALL-AIRDROP-AZ_M2-frente-close.png,PALL-AIRDROP-AZ_05-modelo-frente-close.png
modelos-azul-marinho,PALL-AIRDROP-AZ_M3-costas-corpo.png,PALL-AIRDROP-AZ_06-modelo-costas-corpo.png
modelos-azul-marinho,PALL-AIRDROP-AZ_M4-frente-corpo.png,PALL-AIRDROP-AZ_07-modelo-frente-corpo.png
mockups-finais,PALL-AIRDROP-BR_01-costas.png,PALL-AIRDROP-BR_01-costas.png
mockups-finais,PALL-AIRDROP-BR_02-frente.png,PALL-AIRDROP-BR_02-frente.png
mockups-finais,PALL-AIRDROP-BR_03-inclinada.png,PALL-AIRDROP-BR_03-close.png
modelos-branca,PALL-AIRDROP-BR_M1-costas-close.png,PALL-AIRDROP-BR_04-modelo-costas-close.png
modelos-branca,PALL-AIRDROP-BR_M2-frente-close.png,PALL-AIRDROP-BR_05-modelo-frente-close.png
modelos-branca,PALL-AIRDROP-BR_M3-costas-corpo.png,PALL-AIRDROP-BR_06-modelo-costas-corpo.png
modelos-branca,PALL-AIRDROP-BR_M4-frente-corpo.png,PALL-AIRDROP-BR_07-modelo-frente-corpo.png
mockups-finais,PALL-AIRDROP-OW_01-costas.png,PALL-AIRDROP-OW_01-costas.png
mockups-finais,PALL-AIRDROP-OW_02-frente.png,PALL-AIRDROP-OW_02-frente.png
mockups-finais,PALL-AIRDROP-OW_03-inclinada.png,PALL-AIRDROP-OW_03-close.png
modelos-off-white,PALL-AIRDROP-OW_M1-costas-close.png,PALL-AIRDROP-OW_04-modelo-costas-close.png
modelos-off-white,PALL-AIRDROP-OW_M2-frente-close.png,PALL-AIRDROP-OW_05-modelo-frente-close.png
modelos-off-white,PALL-AIRDROP-OW_M3-costas-corpo.png,PALL-AIRDROP-OW_06-modelo-costas-corpo.png
modelos-off-white,PALL-AIRDROP-OW_M4-frente-corpo.png,PALL-AIRDROP-OW_07-modelo-frente-corpo.png
mockups-finais,PALL-AIRDROP-PT_01-costas.png,PALL-AIRDROP-PT_01-costas.png
mockups-finais,PALL-AIRDROP-PT_02-frente.png,PALL-AIRDROP-PT_02-frente.png
mockups-finais,PALL-AIRDROP-PT_03-inclinada.png,PALL-AIRDROP-PT_03-close.png
modelos-preta,PALL-AIRDROP-PT_M1-costas-close.png,PALL-AIRDROP-PT_04-modelo-costas-close.png
modelos-preta,PALL-AIRDROP-PT_M2-frente-close.png,PALL-AIRDROP-PT_05-modelo-frente-close.png
modelos-preta,PALL-AIRDROP-PT_M3-costas-corpo.png,PALL-AIRDROP-PT_06-modelo-costas-corpo.png
modelos-preta,PALL-AIRDROP-PT_M4-frente-corpo.png,PALL-AIRDROP-PT_07-modelo-frente-corpo.png
mockups-finais,PALL-AIRLINES-AZ_01-costas.png,PALL-AIRLINES-AZ_01-costas.png
mockups-finais,PALL-AIRLINES-AZ_02-frente.png,PALL-AIRLINES-AZ_02-frente.png
mockups-finais,PALL-AIRLINES-AZ_03-inclinada.png,PALL-AIRLINES-AZ_03-close.png
modelos-azul-marinho,PALL-AIRLINES-AZ_M1-costas-close.png,PALL-AIRLINES-AZ_04-modelo-costas-close.png
modelos-azul-marinho,PALL-AIRLINES-AZ_M2-frente-close.png,PALL-AIRLINES-AZ_05-modelo-frente-close.png
modelos-azul-marinho,PALL-AIRLINES-AZ_M3-costas-corpo.png,PALL-AIRLINES-AZ_06-modelo-costas-corpo.png
modelos-azul-marinho,PALL-AIRLINES-AZ_M4-frente-corpo.png,PALL-AIRLINES-AZ_07-modelo-frente-corpo.png
mockups-finais,PALL-AIRLINES-BR_01-costas.png,PALL-AIRLINES-BR_01-costas.png
mockups-finais,PALL-AIRLINES-BR_02-frente.png,PALL-AIRLINES-BR_02-frente.png
mockups-finais,PALL-AIRLINES-BR_03-inclinada.png,PALL-AIRLINES-BR_03-close.png
modelos-branca,PALL-AIRLINES-BR_M1-costas-close.png,PALL-AIRLINES-BR_04-modelo-costas-close.png
modelos-branca,PALL-AIRLINES-BR_M2-frente-close.png,PALL-AIRLINES-BR_05-modelo-frente-close.png
modelos-branca,PALL-AIRLINES-BR_M3-costas-corpo.png,PALL-AIRLINES-BR_06-modelo-costas-corpo.png
modelos-branca,PALL-AIRLINES-BR_M4-frente-corpo.png,PALL-AIRLINES-BR_07-modelo-frente-corpo.png
mockups-finais,PALL-AIRLINES-PT_01-costas.png,PALL-AIRLINES-PT_01-costas.png
mockups-finais,PALL-AIRLINES-PT_02-frente.png,PALL-AIRLINES-PT_02-frente.png
mockups-finais,PALL-AIRLINES-PT_03-inclinada.png,PALL-AIRLINES-PT_03-close.png
modelos-preta,PALL-AIRLINES-PT_M1-costas-close.png,PALL-AIRLINES-PT_04-modelo-costas-close.png
modelos-preta,PALL-AIRLINES-PT_M2-frente-close.png,PALL-AIRLINES-PT_05-modelo-frente-close.png
modelos-preta,PALL-AIRLINES-PT_M3-costas-corpo.png,PALL-AIRLINES-PT_06-modelo-costas-corpo.png
modelos-preta,PALL-AIRLINES-PT_M4-frente-corpo.png,PALL-AIRLINES-PT_07-modelo-frente-corpo.png
mockups-finais,PALL-ALCOOL-AZ_01-costas.png,PALL-ALCOOL-AZ_01-costas.png
mockups-finais,PALL-ALCOOL-AZ_02-frente.png,PALL-ALCOOL-AZ_02-frente.png
mockups-finais,PALL-ALCOOL-AZ_03-inclinada.png,PALL-ALCOOL-AZ_03-close.png
modelos-azul-marinho,PALL-ALCOOL-AZ_M1-costas-close.png,PALL-ALCOOL-AZ_04-modelo-costas-close.png
modelos-azul-marinho,PALL-ALCOOL-AZ_M2-frente-close.png,PALL-ALCOOL-AZ_05-modelo-frente-close.png
modelos-azul-marinho,PALL-ALCOOL-AZ_M3-costas-corpo.png,PALL-ALCOOL-AZ_06-modelo-costas-corpo.png
modelos-azul-marinho,PALL-ALCOOL-AZ_M4-frente-corpo.png,PALL-ALCOOL-AZ_07-modelo-frente-corpo.png
mockups-finais,PALL-ALCOOL-BR_01-costas.png,PALL-ALCOOL-BR_01-costas.png
mockups-finais,PALL-ALCOOL-BR_02-frente.png,PALL-ALCOOL-BR_02-frente.png
mockups-finais,PALL-ALCOOL-BR_03-inclinada.png,PALL-ALCOOL-BR_03-close.png
modelos-branca,PALL-ALCOOL-BR_M1-costas-close.png,PALL-ALCOOL-BR_04-modelo-costas-close.png
modelos-branca,PALL-ALCOOL-BR_M2-frente-close.png,PALL-ALCOOL-BR_05-modelo-frente-close.png
modelos-branca,PALL-ALCOOL-BR_M3-costas-corpo.png,PALL-ALCOOL-BR_06-modelo-costas-corpo.png
modelos-branca,PALL-ALCOOL-BR_M4-frente-corpo.png,PALL-ALCOOL-BR_07-modelo-frente-corpo.png
mockups-finais,PALL-ALCOOL-OW_01-costas.png,PALL-ALCOOL-OW_01-costas.png
mockups-finais,PALL-ALCOOL-OW_02-frente.png,PALL-ALCOOL-OW_02-frente.png
mockups-finais,PALL-ALCOOL-OW_03-inclinada.png,PALL-ALCOOL-OW_03-close.png
modelos-off-white,PALL-ALCOOL-OW_M1-costas-close.png,PALL-ALCOOL-OW_04-modelo-costas-close.png
modelos-off-white,PALL-ALCOOL-OW_M2-frente-close.png,PALL-ALCOOL-OW_05-modelo-frente-close.png
modelos-off-white,PALL-ALCOOL-OW_M3-costas-corpo.png,PALL-ALCOOL-OW_06-modelo-costas-corpo.png
modelos-off-white,PALL-ALCOOL-OW_M4-frente-corpo.png,PALL-ALCOOL-OW_07-modelo-frente-corpo.png
mockups-finais,PALL-ALCOOL-PT_01-costas.png,PALL-ALCOOL-PT_01-costas.png
mockups-finais,PALL-ALCOOL-PT_02-frente.png,PALL-ALCOOL-PT_02-frente.png
mockups-finais,PALL-ALCOOL-PT_03-inclinada.png,PALL-ALCOOL-PT_03-close.png
modelos-preta,PALL-ALCOOL-PT_M1-costas-close.png,PALL-ALCOOL-PT_04-modelo-costas-close.png
modelos-preta,PALL-ALCOOL-PT_M2-frente-close.png,PALL-ALCOOL-PT_05-modelo-frente-close.png
modelos-preta,PALL-ALCOOL-PT_M3-costas-corpo.png,PALL-ALCOOL-PT_06-modelo-costas-corpo.png
modelos-preta,PALL-ALCOOL-PT_M4-frente-corpo.png,PALL-ALCOOL-PT_07-modelo-frente-corpo.png
mockups-finais,PALL-ALREADY-LATE-AZ_01-costas.png,PALL-ALREADY-LATE-AZ_01-costas.png
mockups-finais,PALL-ALREADY-LATE-AZ_03-inclinada.png,PALL-ALREADY-LATE-AZ_02-close.png
mockups-finais,PALL-ALREADY-LATE-AZ_02-frente.png,PALL-ALREADY-LATE-AZ_03-frente.png
modelos-azul-marinho,PALL-ALREADY-LATE-AZ_M1-costas-close.png,PALL-ALREADY-LATE-AZ_04-modelo-costas-close.png
modelos-azul-marinho,PALL-ALREADY-LATE-AZ_M2-frente-close.png,PALL-ALREADY-LATE-AZ_05-modelo-frente-close.png
modelos-azul-marinho,PALL-ALREADY-LATE-AZ_M3-costas-corpo.png,PALL-ALREADY-LATE-AZ_06-modelo-costas-corpo.png
modelos-azul-marinho,PALL-ALREADY-LATE-AZ_M4-frente-corpo.png,PALL-ALREADY-LATE-AZ_07-modelo-frente-corpo.png
mockups-finais,PALL-ALREADY-LATE-BR_01-costas.png,PALL-ALREADY-LATE-BR_01-costas.png
mockups-finais,PALL-ALREADY-LATE-BR_03-inclinada.png,PALL-ALREADY-LATE-BR_02-close.png
mockups-finais,PALL-ALREADY-LATE-BR_02-frente.png,PALL-ALREADY-LATE-BR_03-frente.png
modelos-branca,PALL-ALREADY-LATE-BR_M1-costas-close.png,PALL-ALREADY-LATE-BR_04-modelo-costas-close.png
modelos-branca,PALL-ALREADY-LATE-BR_M2-frente-close.png,PALL-ALREADY-LATE-BR_05-modelo-frente-close.png
modelos-branca,PALL-ALREADY-LATE-BR_M3-costas-corpo.png,PALL-ALREADY-LATE-BR_06-modelo-costas-corpo.png
modelos-branca,PALL-ALREADY-LATE-BR_M4-frente-corpo.png,PALL-ALREADY-LATE-BR_07-modelo-frente-corpo.png
mockups-finais,PALL-ALREADY-LATE-OW_01-costas.png,PALL-ALREADY-LATE-OW_01-costas.png
mockups-finais,PALL-ALREADY-LATE-OW_03-inclinada.png,PALL-ALREADY-LATE-OW_02-close.png
mockups-finais,PALL-ALREADY-LATE-OW_02-frente.png,PALL-ALREADY-LATE-OW_03-frente.png
modelos-off-white,PALL-ALREADY-LATE-OW_M1-costas-close.png,PALL-ALREADY-LATE-OW_04-modelo-costas-close.png
modelos-off-white,PALL-ALREADY-LATE-OW_M2-frente-close.png,PALL-ALREADY-LATE-OW_05-modelo-frente-close.png
modelos-off-white,PALL-ALREADY-LATE-OW_M3-costas-corpo.png,PALL-ALREADY-LATE-OW_06-modelo-costas-corpo.png
modelos-off-white,PALL-ALREADY-LATE-OW_M4-frente-corpo.png,PALL-ALREADY-LATE-OW_07-modelo-frente-corpo.png
mockups-finais,PALL-ALREADY-LATE-PT_01-costas.png,PALL-ALREADY-LATE-PT_01-costas.png
mockups-finais,PALL-ALREADY-LATE-PT_03-inclinada.png,PALL-ALREADY-LATE-PT_02-close.png
mockups-finais,PALL-ALREADY-LATE-PT_02-frente.png,PALL-ALREADY-LATE-PT_03-frente.png
modelos-preta,PALL-ALREADY-LATE-PT_M1-costas-close.png,PALL-ALREADY-LATE-PT_04-modelo-costas-close.png
modelos-preta,PALL-ALREADY-LATE-PT_M2-frente-close.png,PALL-ALREADY-LATE-PT_05-modelo-frente-close.png
modelos-preta,PALL-ALREADY-LATE-PT_M3-costas-corpo.png,PALL-ALREADY-LATE-PT_06-modelo-costas-corpo.png
modelos-preta,PALL-ALREADY-LATE-PT_M4-frente-corpo.png,PALL-ALREADY-LATE-PT_07-modelo-frente-corpo.png
mockups-finais,PALL-AMALFI-COAST-AZ_01-costas.png,PALL-AMALFI-COAST-AZ_01-costas.png
mockups-finais,PALL-AMALFI-COAST-AZ_03-inclinada.png,PALL-AMALFI-COAST-AZ_02-close.png
mockups-finais,PALL-AMALFI-COAST-AZ_02-frente.png,PALL-AMALFI-COAST-AZ_03-frente.png
modelos-azul-marinho,PALL-AMALFI-COAST-AZ_M1-costas-close.png,PALL-AMALFI-COAST-AZ_04-modelo-costas-close.png
modelos-azul-marinho,PALL-AMALFI-COAST-AZ_M2-frente-close.png,PALL-AMALFI-COAST-AZ_05-modelo-frente-close.png
modelos-azul-marinho,PALL-AMALFI-COAST-AZ_M3-costas-corpo.png,PALL-AMALFI-COAST-AZ_06-modelo-costas-corpo.png
modelos-azul-marinho,PALL-AMALFI-COAST-AZ_M4-frente-corpo.png,PALL-AMALFI-COAST-AZ_07-modelo-frente-corpo.png
mockups-finais,PALL-AMALFI-COAST-BR_01-costas.png,PALL-AMALFI-COAST-BR_01-costas.png
mockups-finais,PALL-AMALFI-COAST-BR_03-inclinada.png,PALL-AMALFI-COAST-BR_02-close.png
mockups-finais,PALL-AMALFI-COAST-BR_02-frente.png,PALL-AMALFI-COAST-BR_03-frente.png
modelos-branca,PALL-AMALFI-COAST-BR_M1-costas-close.png,PALL-AMALFI-COAST-BR_04-modelo-costas-close.png
modelos-branca,PALL-AMALFI-COAST-BR_M2-frente-close.png,PALL-AMALFI-COAST-BR_05-modelo-frente-close.png
modelos-branca,PALL-AMALFI-COAST-BR_M3-costas-corpo.png,PALL-AMALFI-COAST-BR_06-modelo-costas-corpo.png
modelos-branca,PALL-AMALFI-COAST-BR_M4-frente-corpo.png,PALL-AMALFI-COAST-BR_07-modelo-frente-corpo.png
mockups-finais,PALL-AMALFI-COAST-OW_01-costas.png,PALL-AMALFI-COAST-OW_01-costas.png
mockups-finais,PALL-AMALFI-COAST-OW_03-inclinada.png,PALL-AMALFI-COAST-OW_02-close.png
mockups-finais,PALL-AMALFI-COAST-OW_02-frente.png,PALL-AMALFI-COAST-OW_03-frente.png
modelos-off-white,PALL-AMALFI-COAST-OW_M1-costas-close.png,PALL-AMALFI-COAST-OW_04-modelo-costas-close.png
modelos-off-white,PALL-AMALFI-COAST-OW_M2-frente-close.png,PALL-AMALFI-COAST-OW_05-modelo-frente-close.png
modelos-off-white,PALL-AMALFI-COAST-OW_M3-costas-corpo.png,PALL-AMALFI-COAST-OW_06-modelo-costas-corpo.png
modelos-off-white,PALL-AMALFI-COAST-OW_M4-frente-corpo.png,PALL-AMALFI-COAST-OW_07-modelo-frente-corpo.png
mockups-finais,PALL-AMALFI-COAST-PT_01-costas.png,PALL-AMALFI-COAST-PT_01-costas.png
mockups-finais,PALL-AMALFI-COAST-PT_03-inclinada.png,PALL-AMALFI-COAST-PT_02-close.png
mockups-finais,PALL-AMALFI-COAST-PT_02-frente.png,PALL-AMALFI-COAST-PT_03-frente.png
modelos-preta,PALL-AMALFI-COAST-PT_M1-costas-close.png,PALL-AMALFI-COAST-PT_04-modelo-costas-close.png
modelos-preta,PALL-AMALFI-COAST-PT_M2-frente-close.png,PALL-AMALFI-COAST-PT_05-modelo-frente-close.png
modelos-preta,PALL-AMALFI-COAST-PT_M3-costas-corpo.png,PALL-AMALFI-COAST-PT_06-modelo-costas-corpo.png
modelos-preta,PALL-AMALFI-COAST-PT_M4-frente-corpo.png,PALL-AMALFI-COAST-PT_07-modelo-frente-corpo.png
mockups-finais,PALL-ANOTHER-BR_01-costas.png,PALL-ANOTHER-BR_01-costas.png
mockups-finais,PALL-ANOTHER-BR_03-inclinada.png,PALL-ANOTHER-BR_02-close.png
mockups-finais,PALL-ANOTHER-BR_02-frente.png,PALL-ANOTHER-BR_03-frente.png
modelos-branca,PALL-ANOTHER-BR_M1-costas-close.png,PALL-ANOTHER-BR_04-modelo-costas-close.png
modelos-branca,PALL-ANOTHER-BR_M2-frente-close.png,PALL-ANOTHER-BR_05-modelo-frente-close.png
modelos-branca,PALL-ANOTHER-BR_M3-costas-corpo.png,PALL-ANOTHER-BR_06-modelo-costas-corpo.png
modelos-branca,PALL-ANOTHER-BR_M4-frente-corpo.png,PALL-ANOTHER-BR_07-modelo-frente-corpo.png
mockups-finais,PALL-ANOTHER-OW_01-costas.png,PALL-ANOTHER-OW_01-costas.png
mockups-finais,PALL-ANOTHER-OW_03-inclinada.png,PALL-ANOTHER-OW_02-close.png
mockups-finais,PALL-ANOTHER-OW_02-frente.png,PALL-ANOTHER-OW_03-frente.png
modelos-off-white,PALL-ANOTHER-OW_M1-costas-close.png,PALL-ANOTHER-OW_04-modelo-costas-close.png
modelos-off-white,PALL-ANOTHER-OW_M2-frente-close.png,PALL-ANOTHER-OW_05-modelo-frente-close.png
modelos-off-white,PALL-ANOTHER-OW_M3-costas-corpo.png,PALL-ANOTHER-OW_06-modelo-costas-corpo.png
modelos-off-white,PALL-ANOTHER-OW_M4-frente-corpo.png,PALL-ANOTHER-OW_07-modelo-frente-corpo.png
mockups-finais,PALL-ANOTHER-PT_01-costas.png,PALL-ANOTHER-PT_01-costas.png
mockups-finais,PALL-ANOTHER-PT_03-inclinada.png,PALL-ANOTHER-PT_02-close.png
mockups-finais,PALL-ANOTHER-PT_02-frente.png,PALL-ANOTHER-PT_03-frente.png
modelos-preta,PALL-ANOTHER-PT_M1-costas-close.png,PALL-ANOTHER-PT_04-modelo-costas-close.png
modelos-preta,PALL-ANOTHER-PT_M2-frente-close.png,PALL-ANOTHER-PT_05-modelo-frente-close.png
modelos-preta,PALL-ANOTHER-PT_M3-costas-corpo.png,PALL-ANOTHER-PT_06-modelo-costas-corpo.png
modelos-preta,PALL-ANOTHER-PT_M4-frente-corpo.png,PALL-ANOTHER-PT_07-modelo-frente-corpo.png
mockups-finais,PALL-APEROL-BR_01-costas.png,PALL-APEROL-BR_01-costas.png
mockups-finais,PALL-APEROL-BR_03-inclinada.png,PALL-APEROL-BR_02-close.png
mockups-finais,PALL-APEROL-BR_02-frente.png,PALL-APEROL-BR_03-frente.png
modelos-branca,PALL-APEROL-BR_M1-costas-close.png,PALL-APEROL-BR_04-modelo-costas-close.png
modelos-branca,PALL-APEROL-BR_M2-frente-close.png,PALL-APEROL-BR_05-modelo-frente-close.png
modelos-branca,PALL-APEROL-BR_M3-costas-corpo.png,PALL-APEROL-BR_06-modelo-costas-corpo.png
modelos-branca,PALL-APEROL-BR_M4-frente-corpo.png,PALL-APEROL-BR_07-modelo-frente-corpo.png
mockups-finais,PALL-APEROL-OW_01-costas.png,PALL-APEROL-OW_01-costas.png
mockups-finais,PALL-APEROL-OW_03-inclinada.png,PALL-APEROL-OW_02-close.png
mockups-finais,PALL-APEROL-OW_02-frente.png,PALL-APEROL-OW_03-frente.png
modelos-off-white,PALL-APEROL-OW_M1-costas-close.png,PALL-APEROL-OW_04-modelo-costas-close.png
modelos-off-white,PALL-APEROL-OW_M2-frente-close.png,PALL-APEROL-OW_05-modelo-frente-close.png
modelos-off-white,PALL-APEROL-OW_M3-costas-corpo.png,PALL-APEROL-OW_06-modelo-costas-corpo.png
modelos-off-white,PALL-APEROL-OW_M4-frente-corpo.png,PALL-APEROL-OW_07-modelo-frente-corpo.png
mockups-finais,PALL-APEROL-PT_01-costas.png,PALL-APEROL-PT_01-costas.png
mockups-finais,PALL-APEROL-PT_03-inclinada.png,PALL-APEROL-PT_02-close.png
mockups-finais,PALL-APEROL-PT_02-frente.png,PALL-APEROL-PT_03-frente.png
modelos-preta,PALL-APEROL-PT_M1-costas-close.png,PALL-APEROL-PT_04-modelo-costas-close.png
modelos-preta,PALL-APEROL-PT_M2-frente-close.png,PALL-APEROL-PT_05-modelo-frente-close.png
modelos-preta,PALL-APEROL-PT_M3-costas-corpo.png,PALL-APEROL-PT_06-modelo-costas-corpo.png
modelos-preta,PALL-APEROL-PT_M4-frente-corpo.png,PALL-APEROL-PT_07-modelo-frente-corpo.png
mockups-finais,PALL-APRES-SKI-AZ_01-costas.png,PALL-APRES-SKI-AZ_01-costas.png
mockups-finais,PALL-APRES-SKI-AZ_02-frente.png,PALL-APRES-SKI-AZ_02-frente.png
mockups-finais,PALL-APRES-SKI-AZ_03-inclinada.png,PALL-APRES-SKI-AZ_03-close.png
modelos-azul-marinho,PALL-APRES-SKI-AZ_M1-costas-close.png,PALL-APRES-SKI-AZ_04-modelo-costas-close.png
modelos-azul-marinho,PALL-APRES-SKI-AZ_M2-frente-close.png,PALL-APRES-SKI-AZ_05-modelo-frente-close.png
modelos-azul-marinho,PALL-APRES-SKI-AZ_M3-costas-corpo.png,PALL-APRES-SKI-AZ_06-modelo-costas-corpo.png
modelos-azul-marinho,PALL-APRES-SKI-AZ_M4-frente-corpo.png,PALL-APRES-SKI-AZ_07-modelo-frente-corpo.png
mockups-finais,PALL-APRES-SKI-BR_01-costas.png,PALL-APRES-SKI-BR_01-costas.png
mockups-finais,PALL-APRES-SKI-BR_02-frente.png,PALL-APRES-SKI-BR_02-frente.png
mockups-finais,PALL-APRES-SKI-BR_03-inclinada.png,PALL-APRES-SKI-BR_03-close.png
modelos-branca,PALL-APRES-SKI-BR_M1-costas-close.png,PALL-APRES-SKI-BR_04-modelo-costas-close.png
modelos-branca,PALL-APRES-SKI-BR_M2-frente-close.png,PALL-APRES-SKI-BR_05-modelo-frente-close.png
modelos-branca,PALL-APRES-SKI-BR_M3-costas-corpo.png,PALL-APRES-SKI-BR_06-modelo-costas-corpo.png
modelos-branca,PALL-APRES-SKI-BR_M4-frente-corpo.png,PALL-APRES-SKI-BR_07-modelo-frente-corpo.png
mockups-finais,PALL-APRES-SKI-OW_01-costas.png,PALL-APRES-SKI-OW_01-costas.png
mockups-finais,PALL-APRES-SKI-OW_02-frente.png,PALL-APRES-SKI-OW_02-frente.png
mockups-finais,PALL-APRES-SKI-OW_03-inclinada.png,PALL-APRES-SKI-OW_03-close.png
modelos-off-white,PALL-APRES-SKI-OW_M1-costas-close.png,PALL-APRES-SKI-OW_04-modelo-costas-close.png
modelos-off-white,PALL-APRES-SKI-OW_M2-frente-close.png,PALL-APRES-SKI-OW_05-modelo-frente-close.png
modelos-off-white,PALL-APRES-SKI-OW_M3-costas-corpo.png,PALL-APRES-SKI-OW_06-modelo-costas-corpo.png
modelos-off-white,PALL-APRES-SKI-OW_M4-frente-corpo.png,PALL-APRES-SKI-OW_07-modelo-frente-corpo.png
mockups-finais,PALL-APRES-SKI-PT_01-costas.png,PALL-APRES-SKI-PT_01-costas.png
mockups-finais,PALL-APRES-SKI-PT_02-frente.png,PALL-APRES-SKI-PT_02-frente.png
mockups-finais,PALL-APRES-SKI-PT_03-inclinada.png,PALL-APRES-SKI-PT_03-close.png
modelos-preta,PALL-APRES-SKI-PT_M1-costas-close.png,PALL-APRES-SKI-PT_04-modelo-costas-close.png
modelos-preta,PALL-APRES-SKI-PT_M2-frente-close.png,PALL-APRES-SKI-PT_05-modelo-frente-close.png
modelos-preta,PALL-APRES-SKI-PT_M3-costas-corpo.png,PALL-APRES-SKI-PT_06-modelo-costas-corpo.png
modelos-preta,PALL-APRES-SKI-PT_M4-frente-corpo.png,PALL-APRES-SKI-PT_07-modelo-frente-corpo.png
mockups-finais,PALL-ARTIST-AZ_01-costas.png,PALL-ARTIST-AZ_01-costas.png
mockups-finais,PALL-ARTIST-AZ_03-inclinada.png,PALL-ARTIST-AZ_02-close.png
mockups-finais,PALL-ARTIST-AZ_02-frente.png,PALL-ARTIST-AZ_03-frente.png
modelos-azul-marinho,PALL-ARTIST-AZ_M1-costas-close.png,PALL-ARTIST-AZ_04-modelo-costas-close.png
modelos-azul-marinho,PALL-ARTIST-AZ_M2-frente-close.png,PALL-ARTIST-AZ_05-modelo-frente-close.png
modelos-azul-marinho,PALL-ARTIST-AZ_M3-costas-corpo.png,PALL-ARTIST-AZ_06-modelo-costas-corpo.png
modelos-azul-marinho,PALL-ARTIST-AZ_M4-frente-corpo.png,PALL-ARTIST-AZ_07-modelo-frente-corpo.png
mockups-finais,PALL-ARTIST-BR_01-costas.png,PALL-ARTIST-BR_01-costas.png
mockups-finais,PALL-ARTIST-BR_03-inclinada.png,PALL-ARTIST-BR_02-close.png
mockups-finais,PALL-ARTIST-BR_02-frente.png,PALL-ARTIST-BR_03-frente.png
modelos-branca,PALL-ARTIST-BR_M1-costas-close.png,PALL-ARTIST-BR_04-modelo-costas-close.png
modelos-branca,PALL-ARTIST-BR_M2-frente-close.png,PALL-ARTIST-BR_05-modelo-frente-close.png
modelos-branca,PALL-ARTIST-BR_M3-costas-corpo.png,PALL-ARTIST-BR_06-modelo-costas-corpo.png
modelos-branca,PALL-ARTIST-BR_M4-frente-corpo.png,PALL-ARTIST-BR_07-modelo-frente-corpo.png
mockups-finais,PALL-ARTIST-OW_01-costas.png,PALL-ARTIST-OW_01-costas.png
mockups-finais,PALL-ARTIST-OW_03-inclinada.png,PALL-ARTIST-OW_02-close.png
mockups-finais,PALL-ARTIST-OW_02-frente.png,PALL-ARTIST-OW_03-frente.png
modelos-off-white,PALL-ARTIST-OW_M1-costas-close.png,PALL-ARTIST-OW_04-modelo-costas-close.png
modelos-off-white,PALL-ARTIST-OW_M2-frente-close.png,PALL-ARTIST-OW_05-modelo-frente-close.png
modelos-off-white,PALL-ARTIST-OW_M3-costas-corpo.png,PALL-ARTIST-OW_06-modelo-costas-corpo.png
modelos-off-white,PALL-ARTIST-OW_M4-frente-corpo.png,PALL-ARTIST-OW_07-modelo-frente-corpo.png
mockups-finais,PALL-ARTIST-PT_01-costas.png,PALL-ARTIST-PT_01-costas.png
mockups-finais,PALL-ARTIST-PT_03-inclinada.png,PALL-ARTIST-PT_02-close.png
mockups-finais,PALL-ARTIST-PT_02-frente.png,PALL-ARTIST-PT_03-frente.png
modelos-preta,PALL-ARTIST-PT_M1-costas-close.png,PALL-ARTIST-PT_04-modelo-costas-close.png
modelos-preta,PALL-ARTIST-PT_M2-frente-close.png,PALL-ARTIST-PT_05-modelo-frente-close.png
modelos-preta,PALL-ARTIST-PT_M3-costas-corpo.png,PALL-ARTIST-PT_06-modelo-costas-corpo.png
modelos-preta,PALL-ARTIST-PT_M4-frente-corpo.png,PALL-ARTIST-PT_07-modelo-frente-corpo.png
mockups-finais,PALL-ATTRACT-BR_01-costas.png,PALL-ATTRACT-BR_01-costas.png
mockups-finais,PALL-ATTRACT-BR_03-inclinada.png,PALL-ATTRACT-BR_02-close.png
mockups-finais,PALL-ATTRACT-BR_02-frente.png,PALL-ATTRACT-BR_03-frente.png
modelos-branca,PALL-ATTRACT-BR_M1-costas-close.png,PALL-ATTRACT-BR_04-modelo-costas-close.png
modelos-branca,PALL-ATTRACT-BR_M2-frente-close.png,PALL-ATTRACT-BR_05-modelo-frente-close.png
modelos-branca,PALL-ATTRACT-BR_M3-costas-corpo.png,PALL-ATTRACT-BR_06-modelo-costas-corpo.png
modelos-branca,PALL-ATTRACT-BR_M4-frente-corpo.png,PALL-ATTRACT-BR_07-modelo-frente-corpo.png
mockups-finais,PALL-ATTRACT-OW_01-costas.png,PALL-ATTRACT-OW_01-costas.png
mockups-finais,PALL-ATTRACT-OW_03-inclinada.png,PALL-ATTRACT-OW_02-close.png
mockups-finais,PALL-ATTRACT-OW_02-frente.png,PALL-ATTRACT-OW_03-frente.png
modelos-off-white,PALL-ATTRACT-OW_M1-costas-close.png,PALL-ATTRACT-OW_04-modelo-costas-close.png
modelos-off-white,PALL-ATTRACT-OW_M2-frente-close.png,PALL-ATTRACT-OW_05-modelo-frente-close.png
modelos-off-white,PALL-ATTRACT-OW_M3-costas-corpo.png,PALL-ATTRACT-OW_06-modelo-costas-corpo.png
modelos-off-white,PALL-ATTRACT-OW_M4-frente-corpo.png,PALL-ATTRACT-OW_07-modelo-frente-corpo.png
mockups-finais,PALL-ATTRACT-PT_01-costas.png,PALL-ATTRACT-PT_01-costas.png
mockups-finais,PALL-ATTRACT-PT_03-inclinada.png,PALL-ATTRACT-PT_02-close.png
mockups-finais,PALL-ATTRACT-PT_02-frente.png,PALL-ATTRACT-PT_03-frente.png
modelos-preta,PALL-ATTRACT-PT_M1-costas-close.png,PALL-ATTRACT-PT_04-modelo-costas-close.png
modelos-preta,PALL-ATTRACT-PT_M2-frente-close.png,PALL-ATTRACT-PT_05-modelo-frente-close.png
modelos-preta,PALL-ATTRACT-PT_M3-costas-corpo.png,PALL-ATTRACT-PT_06-modelo-costas-corpo.png
modelos-preta,PALL-ATTRACT-PT_M4-frente-corpo.png,PALL-ATTRACT-PT_07-modelo-frente-corpo.png
mockups-finais,PALL-AVENUE-AZ_01-costas.png,PALL-AVENUE-AZ_01-costas.png
mockups-finais,PALL-AVENUE-AZ_03-inclinada.png,PALL-AVENUE-AZ_02-close.png
mockups-finais,PALL-AVENUE-AZ_02-frente.png,PALL-AVENUE-AZ_03-frente.png
modelos-azul-marinho,PALL-AVENUE-AZ_M1-costas-close.png,PALL-AVENUE-AZ_04-modelo-costas-close.png
modelos-azul-marinho,PALL-AVENUE-AZ_M2-frente-close.png,PALL-AVENUE-AZ_05-modelo-frente-close.png
modelos-azul-marinho,PALL-AVENUE-AZ_M3-costas-corpo.png,PALL-AVENUE-AZ_06-modelo-costas-corpo.png
modelos-azul-marinho,PALL-AVENUE-AZ_M4-frente-corpo.png,PALL-AVENUE-AZ_07-modelo-frente-corpo.png
mockups-finais,PALL-AVENUE-BR-AZL_01-costas.png,PALL-AVENUE-BR-AZL_01-costas.png
mockups-finais,PALL-AVENUE-BR-AZL_03-inclinada.png,PALL-AVENUE-BR-AZL_02-close.png
mockups-finais,PALL-AVENUE-BR-AZL_02-frente.png,PALL-AVENUE-BR-AZL_03-frente.png
mockups-finais,PALL-AVENUE-BR-PT_01-costas.png,PALL-AVENUE-BR-PT_01-costas.png
mockups-finais,PALL-AVENUE-BR-PT_03-inclinada.png,PALL-AVENUE-BR-PT_02-close.png
mockups-finais,PALL-AVENUE-BR-PT_02-frente.png,PALL-AVENUE-BR-PT_03-frente.png
mockups-finais,PALL-AVENUE-OW_01-costas.png,PALL-AVENUE-OW_01-costas.png
mockups-finais,PALL-AVENUE-OW_03-inclinada.png,PALL-AVENUE-OW_02-close.png
mockups-finais,PALL-AVENUE-OW_02-frente.png,PALL-AVENUE-OW_03-frente.png
modelos-off-white,PALL-AVENUE-OW_M1-costas-close.png,PALL-AVENUE-OW_04-modelo-costas-close.png
modelos-off-white,PALL-AVENUE-OW_M2-frente-close.png,PALL-AVENUE-OW_05-modelo-frente-close.png
modelos-off-white,PALL-AVENUE-OW_M3-costas-corpo.png,PALL-AVENUE-OW_06-modelo-costas-corpo.png
modelos-off-white,PALL-AVENUE-OW_M4-frente-corpo.png,PALL-AVENUE-OW_07-modelo-frente-corpo.png
mockups-finais,PALL-AVENUE-PT_01-costas.png,PALL-AVENUE-PT_01-costas.png
mockups-finais,PALL-AVENUE-PT_03-inclinada.png,PALL-AVENUE-PT_02-close.png
mockups-finais,PALL-AVENUE-PT_02-frente.png,PALL-AVENUE-PT_03-frente.png
modelos-preta,PALL-AVENUE-PT_M1-costas-close.png,PALL-AVENUE-PT_04-modelo-costas-close.png
modelos-preta,PALL-AVENUE-PT_M2-frente-close.png,PALL-AVENUE-PT_05-modelo-frente-close.png
modelos-preta,PALL-AVENUE-PT_M3-costas-corpo.png,PALL-AVENUE-PT_06-modelo-costas-corpo.png
modelos-preta,PALL-AVENUE-PT_M4-frente-corpo.png,PALL-AVENUE-PT_07-modelo-frente-corpo.png
mockups-finais,PALL-BACKSTAGE-AZ_01-costas.png,PALL-BACKSTAGE-AZ_01-costas.png
mockups-finais,PALL-BACKSTAGE-AZ_03-inclinada.png,PALL-BACKSTAGE-AZ_02-close.png
mockups-finais,PALL-BACKSTAGE-AZ_02-frente.png,PALL-BACKSTAGE-AZ_03-frente.png
modelos-azul-marinho,PALL-BACKSTAGE-AZ_M1-costas-close.png,PALL-BACKSTAGE-AZ_04-modelo-costas-close.png
modelos-azul-marinho,PALL-BACKSTAGE-AZ_M2-frente-close.png,PALL-BACKSTAGE-AZ_05-modelo-frente-close.png
modelos-azul-marinho,PALL-BACKSTAGE-AZ_M3-costas-corpo.png,PALL-BACKSTAGE-AZ_06-modelo-costas-corpo.png
modelos-azul-marinho,PALL-BACKSTAGE-AZ_M4-frente-corpo.png,PALL-BACKSTAGE-AZ_07-modelo-frente-corpo.png
mockups-finais,PALL-BACKSTAGE-BR_01-costas.png,PALL-BACKSTAGE-BR_01-costas.png
mockups-finais,PALL-BACKSTAGE-BR_03-inclinada.png,PALL-BACKSTAGE-BR_02-close.png
mockups-finais,PALL-BACKSTAGE-BR_02-frente.png,PALL-BACKSTAGE-BR_03-frente.png
modelos-branca,PALL-BACKSTAGE-BR_M1-costas-close.png,PALL-BACKSTAGE-BR_04-modelo-costas-close.png
modelos-branca,PALL-BACKSTAGE-BR_M2-frente-close.png,PALL-BACKSTAGE-BR_05-modelo-frente-close.png
modelos-branca,PALL-BACKSTAGE-BR_M3-costas-corpo.png,PALL-BACKSTAGE-BR_06-modelo-costas-corpo.png
modelos-branca,PALL-BACKSTAGE-BR_M4-frente-corpo.png,PALL-BACKSTAGE-BR_07-modelo-frente-corpo.png
mockups-finais,PALL-BACKSTAGE-OW_01-costas.png,PALL-BACKSTAGE-OW_01-costas.png
mockups-finais,PALL-BACKSTAGE-OW_03-inclinada.png,PALL-BACKSTAGE-OW_02-close.png
mockups-finais,PALL-BACKSTAGE-OW_02-frente.png,PALL-BACKSTAGE-OW_03-frente.png
modelos-off-white,PALL-BACKSTAGE-OW_M1-costas-close.png,PALL-BACKSTAGE-OW_04-modelo-costas-close.png
modelos-off-white,PALL-BACKSTAGE-OW_M2-frente-close.png,PALL-BACKSTAGE-OW_05-modelo-frente-close.png
modelos-off-white,PALL-BACKSTAGE-OW_M3-costas-corpo.png,PALL-BACKSTAGE-OW_06-modelo-costas-corpo.png
modelos-off-white,PALL-BACKSTAGE-OW_M4-frente-corpo.png,PALL-BACKSTAGE-OW_07-modelo-frente-corpo.png
mockups-finais,PALL-BACKSTAGE-PT_01-costas.png,PALL-BACKSTAGE-PT_01-costas.png
mockups-finais,PALL-BACKSTAGE-PT_03-inclinada.png,PALL-BACKSTAGE-PT_02-close.png
mockups-finais,PALL-BACKSTAGE-PT_02-frente.png,PALL-BACKSTAGE-PT_03-frente.png
modelos-preta,PALL-BACKSTAGE-PT_M1-costas-close.png,PALL-BACKSTAGE-PT_04-modelo-costas-close.png
modelos-preta,PALL-BACKSTAGE-PT_M2-frente-close.png,PALL-BACKSTAGE-PT_05-modelo-frente-close.png
modelos-preta,PALL-BACKSTAGE-PT_M3-costas-corpo.png,PALL-BACKSTAGE-PT_06-modelo-costas-corpo.png
modelos-preta,PALL-BACKSTAGE-PT_M4-frente-corpo.png,PALL-BACKSTAGE-PT_07-modelo-frente-corpo.png
mockups-finais,PALL-BAD-BITCH-BR_01-costas.png,PALL-BAD-BITCH-BR_01-costas.png
mockups-finais,PALL-BAD-BITCH-BR_03-inclinada.png,PALL-BAD-BITCH-BR_02-close.png
mockups-finais,PALL-BAD-BITCH-BR_02-frente.png,PALL-BAD-BITCH-BR_03-frente.png
modelos-branca,PALL-BAD-BITCH-BR_M1-costas-close.png,PALL-BAD-BITCH-BR_04-modelo-costas-close.png
modelos-branca,PALL-BAD-BITCH-BR_M2-frente-close.png,PALL-BAD-BITCH-BR_05-modelo-frente-close.png
modelos-branca,PALL-BAD-BITCH-BR_M3-costas-corpo.png,PALL-BAD-BITCH-BR_06-modelo-costas-corpo.png
modelos-branca,PALL-BAD-BITCH-BR_M4-frente-corpo.png,PALL-BAD-BITCH-BR_07-modelo-frente-corpo.png
mockups-finais,PALL-BAD-BITCH-OW_01-costas.png,PALL-BAD-BITCH-OW_01-costas.png
mockups-finais,PALL-BAD-BITCH-OW_03-inclinada.png,PALL-BAD-BITCH-OW_02-close.png
mockups-finais,PALL-BAD-BITCH-OW_02-frente.png,PALL-BAD-BITCH-OW_03-frente.png
modelos-off-white,PALL-BAD-BITCH-OW_M1-costas-close.png,PALL-BAD-BITCH-OW_04-modelo-costas-close.png
modelos-off-white,PALL-BAD-BITCH-OW_M2-frente-close.png,PALL-BAD-BITCH-OW_05-modelo-frente-close.png
modelos-off-white,PALL-BAD-BITCH-OW_M3-costas-corpo.png,PALL-BAD-BITCH-OW_06-modelo-costas-corpo.png
modelos-off-white,PALL-BAD-BITCH-OW_M4-frente-corpo.png,PALL-BAD-BITCH-OW_07-modelo-frente-corpo.png
mockups-finais,PALL-BAD-BITCH-PT_01-costas.png,PALL-BAD-BITCH-PT_01-costas.png
mockups-finais,PALL-BAD-BITCH-PT_03-inclinada.png,PALL-BAD-BITCH-PT_02-close.png
mockups-finais,PALL-BAD-BITCH-PT_02-frente.png,PALL-BAD-BITCH-PT_03-frente.png
modelos-preta,PALL-BAD-BITCH-PT_M1-costas-close.png,PALL-BAD-BITCH-PT_04-modelo-costas-close.png
modelos-preta,PALL-BAD-BITCH-PT_M2-frente-close.png,PALL-BAD-BITCH-PT_05-modelo-frente-close.png
modelos-preta,PALL-BAD-BITCH-PT_M3-costas-corpo.png,PALL-BAD-BITCH-PT_06-modelo-costas-corpo.png
modelos-preta,PALL-BAD-BITCH-PT_M4-frente-corpo.png,PALL-BAD-BITCH-PT_07-modelo-frente-corpo.png
mockups-finais,PALL-BANK-AZ_01-costas.png,PALL-BANK-AZ_01-costas.png
mockups-finais,PALL-BANK-AZ_03-inclinada.png,PALL-BANK-AZ_02-close.png
mockups-finais,PALL-BANK-AZ_02-frente.png,PALL-BANK-AZ_03-frente.png
modelos-azul-marinho,PALL-BANK-AZ_M1-costas-close.png,PALL-BANK-AZ_04-modelo-costas-close.png
modelos-azul-marinho,PALL-BANK-AZ_M2-frente-close.png,PALL-BANK-AZ_05-modelo-frente-close.png
modelos-azul-marinho,PALL-BANK-AZ_M3-costas-corpo.png,PALL-BANK-AZ_06-modelo-costas-corpo.png
modelos-azul-marinho,PALL-BANK-AZ_M4-frente-corpo.png,PALL-BANK-AZ_07-modelo-frente-corpo.png
mockups-finais,PALL-BANK-BR_01-costas.png,PALL-BANK-BR_01-costas.png
mockups-finais,PALL-BANK-BR_03-inclinada.png,PALL-BANK-BR_02-close.png
mockups-finais,PALL-BANK-BR_02-frente.png,PALL-BANK-BR_03-frente.png
modelos-branca,PALL-BANK-BR_M1-costas-close.png,PALL-BANK-BR_04-modelo-costas-close.png
modelos-branca,PALL-BANK-BR_M2-frente-close.png,PALL-BANK-BR_05-modelo-frente-close.png
modelos-branca,PALL-BANK-BR_M3-costas-corpo.png,PALL-BANK-BR_06-modelo-costas-corpo.png
modelos-branca,PALL-BANK-BR_M4-frente-corpo.png,PALL-BANK-BR_07-modelo-frente-corpo.png
mockups-finais,PALL-BANK-OW_01-costas.png,PALL-BANK-OW_01-costas.png
mockups-finais,PALL-BANK-OW_03-inclinada.png,PALL-BANK-OW_02-close.png
mockups-finais,PALL-BANK-OW_02-frente.png,PALL-BANK-OW_03-frente.png
modelos-off-white,PALL-BANK-OW_M1-costas-close.png,PALL-BANK-OW_04-modelo-costas-close.png
modelos-off-white,PALL-BANK-OW_M2-frente-close.png,PALL-BANK-OW_05-modelo-frente-close.png
modelos-off-white,PALL-BANK-OW_M3-costas-corpo.png,PALL-BANK-OW_06-modelo-costas-corpo.png
modelos-off-white,PALL-BANK-OW_M4-frente-corpo.png,PALL-BANK-OW_07-modelo-frente-corpo.png
mockups-finais,PALL-BANK-PT_01-costas.png,PALL-BANK-PT_01-costas.png
mockups-finais,PALL-BANK-PT_03-inclinada.png,PALL-BANK-PT_02-close.png
mockups-finais,PALL-BANK-PT_02-frente.png,PALL-BANK-PT_03-frente.png
modelos-preta,PALL-BANK-PT_M1-costas-close.png,PALL-BANK-PT_04-modelo-costas-close.png
modelos-preta,PALL-BANK-PT_M2-frente-close.png,PALL-BANK-PT_05-modelo-frente-close.png
modelos-preta,PALL-BANK-PT_M3-costas-corpo.png,PALL-BANK-PT_06-modelo-costas-corpo.png
modelos-preta,PALL-BANK-PT_M4-frente-corpo.png,PALL-BANK-PT_07-modelo-frente-corpo.png
mockups-finais,PALL-BIG-FAN-AZ_01-costas.png,PALL-BIG-FAN-AZ_01-costas.png
mockups-finais,PALL-BIG-FAN-AZ_03-inclinada.png,PALL-BIG-FAN-AZ_02-close.png
mockups-finais,PALL-BIG-FAN-AZ_02-frente.png,PALL-BIG-FAN-AZ_03-frente.png
modelos-azul-marinho,PALL-BIG-FAN-AZ_M1-costas-close.png,PALL-BIG-FAN-AZ_04-modelo-costas-close.png
modelos-azul-marinho,PALL-BIG-FAN-AZ_M2-frente-close.png,PALL-BIG-FAN-AZ_05-modelo-frente-close.png
modelos-azul-marinho,PALL-BIG-FAN-AZ_M3-costas-corpo.png,PALL-BIG-FAN-AZ_06-modelo-costas-corpo.png
modelos-azul-marinho,PALL-BIG-FAN-AZ_M4-frente-corpo.png,PALL-BIG-FAN-AZ_07-modelo-frente-corpo.png
mockups-finais,PALL-BIG-FAN-BR_01-costas.png,PALL-BIG-FAN-BR_01-costas.png
mockups-finais,PALL-BIG-FAN-BR_03-inclinada.png,PALL-BIG-FAN-BR_02-close.png
mockups-finais,PALL-BIG-FAN-BR_02-frente.png,PALL-BIG-FAN-BR_03-frente.png
modelos-branca,PALL-BIG-FAN-BR_M1-costas-close.png,PALL-BIG-FAN-BR_04-modelo-costas-close.png
modelos-branca,PALL-BIG-FAN-BR_M2-frente-close.png,PALL-BIG-FAN-BR_05-modelo-frente-close.png
modelos-branca,PALL-BIG-FAN-BR_M3-costas-corpo.png,PALL-BIG-FAN-BR_06-modelo-costas-corpo.png
modelos-branca,PALL-BIG-FAN-BR_M4-frente-corpo.png,PALL-BIG-FAN-BR_07-modelo-frente-corpo.png
mockups-finais,PALL-BIG-FAN-OW_01-costas.png,PALL-BIG-FAN-OW_01-costas.png
mockups-finais,PALL-BIG-FAN-OW_03-inclinada.png,PALL-BIG-FAN-OW_02-close.png
mockups-finais,PALL-BIG-FAN-OW_02-frente.png,PALL-BIG-FAN-OW_03-frente.png
modelos-off-white,PALL-BIG-FAN-OW_M1-costas-close.png,PALL-BIG-FAN-OW_04-modelo-costas-close.png
modelos-off-white,PALL-BIG-FAN-OW_M2-frente-close.png,PALL-BIG-FAN-OW_05-modelo-frente-close.png
modelos-off-white,PALL-BIG-FAN-OW_M3-costas-corpo.png,PALL-BIG-FAN-OW_06-modelo-costas-corpo.png
modelos-off-white,PALL-BIG-FAN-OW_M4-frente-corpo.png,PALL-BIG-FAN-OW_07-modelo-frente-corpo.png
mockups-finais,PALL-BIG-FAN-PT_01-costas.png,PALL-BIG-FAN-PT_01-costas.png
mockups-finais,PALL-BIG-FAN-PT_03-inclinada.png,PALL-BIG-FAN-PT_02-close.png
mockups-finais,PALL-BIG-FAN-PT_02-frente.png,PALL-BIG-FAN-PT_03-frente.png
modelos-preta,PALL-BIG-FAN-PT_M1-costas-close.png,PALL-BIG-FAN-PT_04-modelo-costas-close.png
modelos-preta,PALL-BIG-FAN-PT_M2-frente-close.png,PALL-BIG-FAN-PT_05-modelo-frente-close.png
modelos-preta,PALL-BIG-FAN-PT_M3-costas-corpo.png,PALL-BIG-FAN-PT_06-modelo-costas-corpo.png
modelos-preta,PALL-BIG-FAN-PT_M4-frente-corpo.png,PALL-BIG-FAN-PT_07-modelo-frente-corpo.png
mockups-finais,PALL-BIG-MONEY-AZ_01-costas.png,PALL-BIG-MONEY-AZ_01-costas.png
mockups-finais,PALL-BIG-MONEY-AZ_03-inclinada.png,PALL-BIG-MONEY-AZ_02-close.png
mockups-finais,PALL-BIG-MONEY-AZ_02-frente.png,PALL-BIG-MONEY-AZ_03-frente.png
modelos-azul-marinho,PALL-BIG-MONEY-AZ_M1-costas-close.png,PALL-BIG-MONEY-AZ_04-modelo-costas-close.png
modelos-azul-marinho,PALL-BIG-MONEY-AZ_M2-frente-close.png,PALL-BIG-MONEY-AZ_05-modelo-frente-close.png
modelos-azul-marinho,PALL-BIG-MONEY-AZ_M3-costas-corpo.png,PALL-BIG-MONEY-AZ_06-modelo-costas-corpo.png
modelos-azul-marinho,PALL-BIG-MONEY-AZ_M4-frente-corpo.png,PALL-BIG-MONEY-AZ_07-modelo-frente-corpo.png
mockups-finais,PALL-BIG-MONEY-BR_01-costas.png,PALL-BIG-MONEY-BR_01-costas.png
mockups-finais,PALL-BIG-MONEY-BR_03-inclinada.png,PALL-BIG-MONEY-BR_02-close.png
mockups-finais,PALL-BIG-MONEY-BR_02-frente.png,PALL-BIG-MONEY-BR_03-frente.png
modelos-branca,PALL-BIG-MONEY-BR_M1-costas-close.png,PALL-BIG-MONEY-BR_04-modelo-costas-close.png
modelos-branca,PALL-BIG-MONEY-BR_M2-frente-close.png,PALL-BIG-MONEY-BR_05-modelo-frente-close.png
modelos-branca,PALL-BIG-MONEY-BR_M3-costas-corpo.png,PALL-BIG-MONEY-BR_06-modelo-costas-corpo.png
modelos-branca,PALL-BIG-MONEY-BR_M4-frente-corpo.png,PALL-BIG-MONEY-BR_07-modelo-frente-corpo.png
mockups-finais,PALL-BIG-MONEY-OW_01-costas.png,PALL-BIG-MONEY-OW_01-costas.png
mockups-finais,PALL-BIG-MONEY-OW_03-inclinada.png,PALL-BIG-MONEY-OW_02-close.png
mockups-finais,PALL-BIG-MONEY-OW_02-frente.png,PALL-BIG-MONEY-OW_03-frente.png
modelos-off-white,PALL-BIG-MONEY-OW_M1-costas-close.png,PALL-BIG-MONEY-OW_04-modelo-costas-close.png
modelos-off-white,PALL-BIG-MONEY-OW_M2-frente-close.png,PALL-BIG-MONEY-OW_05-modelo-frente-close.png
modelos-off-white,PALL-BIG-MONEY-OW_M3-costas-corpo.png,PALL-BIG-MONEY-OW_06-modelo-costas-corpo.png
modelos-off-white,PALL-BIG-MONEY-OW_M4-frente-corpo.png,PALL-BIG-MONEY-OW_07-modelo-frente-corpo.png
mockups-finais,PALL-BIG-MONEY-PT_01-costas.png,PALL-BIG-MONEY-PT_01-costas.png
mockups-finais,PALL-BIG-MONEY-PT_03-inclinada.png,PALL-BIG-MONEY-PT_02-close.png
mockups-finais,PALL-BIG-MONEY-PT_02-frente.png,PALL-BIG-MONEY-PT_03-frente.png
modelos-preta,PALL-BIG-MONEY-PT_M1-costas-close.png,PALL-BIG-MONEY-PT_04-modelo-costas-close.png
modelos-preta,PALL-BIG-MONEY-PT_M2-frente-close.png,PALL-BIG-MONEY-PT_05-modelo-frente-close.png
modelos-preta,PALL-BIG-MONEY-PT_M3-costas-corpo.png,PALL-BIG-MONEY-PT_06-modelo-costas-corpo.png
modelos-preta,PALL-BIG-MONEY-PT_M4-frente-corpo.png,PALL-BIG-MONEY-PT_07-modelo-frente-corpo.png
mockups-finais,PALL-BILIONARIO-AZ_01-costas.png,PALL-BILIONARIO-AZ_01-costas.png
mockups-finais,PALL-BILIONARIO-AZ_03-inclinada.png,PALL-BILIONARIO-AZ_02-close.png
mockups-finais,PALL-BILIONARIO-AZ_02-frente.png,PALL-BILIONARIO-AZ_03-frente.png
modelos-azul-marinho,PALL-BILIONARIO-AZ_M1-costas-close.png,PALL-BILIONARIO-AZ_04-modelo-costas-close.png
modelos-azul-marinho,PALL-BILIONARIO-AZ_M2-frente-close.png,PALL-BILIONARIO-AZ_05-modelo-frente-close.png
modelos-azul-marinho,PALL-BILIONARIO-AZ_M3-costas-corpo.png,PALL-BILIONARIO-AZ_06-modelo-costas-corpo.png
modelos-azul-marinho,PALL-BILIONARIO-AZ_M4-frente-corpo.png,PALL-BILIONARIO-AZ_07-modelo-frente-corpo.png
mockups-finais,PALL-BILIONARIO-BR_01-costas.png,PALL-BILIONARIO-BR_01-costas.png
mockups-finais,PALL-BILIONARIO-BR_03-inclinada.png,PALL-BILIONARIO-BR_02-close.png
mockups-finais,PALL-BILIONARIO-BR_02-frente.png,PALL-BILIONARIO-BR_03-frente.png
modelos-branca,PALL-BILIONARIO-BR_M1-costas-close.png,PALL-BILIONARIO-BR_04-modelo-costas-close.png
modelos-branca,PALL-BILIONARIO-BR_M2-frente-close.png,PALL-BILIONARIO-BR_05-modelo-frente-close.png
modelos-branca,PALL-BILIONARIO-BR_M3-costas-corpo.png,PALL-BILIONARIO-BR_06-modelo-costas-corpo.png
modelos-branca,PALL-BILIONARIO-BR_M4-frente-corpo.png,PALL-BILIONARIO-BR_07-modelo-frente-corpo.png
mockups-finais,PALL-BILIONARIO-OW_01-costas.png,PALL-BILIONARIO-OW_01-costas.png
mockups-finais,PALL-BILIONARIO-OW_03-inclinada.png,PALL-BILIONARIO-OW_02-close.png
mockups-finais,PALL-BILIONARIO-OW_02-frente.png,PALL-BILIONARIO-OW_03-frente.png
modelos-off-white,PALL-BILIONARIO-OW_M1-costas-close.png,PALL-BILIONARIO-OW_04-modelo-costas-close.png
modelos-off-white,PALL-BILIONARIO-OW_M2-frente-close.png,PALL-BILIONARIO-OW_05-modelo-frente-close.png
modelos-off-white,PALL-BILIONARIO-OW_M3-costas-corpo.png,PALL-BILIONARIO-OW_06-modelo-costas-corpo.png
modelos-off-white,PALL-BILIONARIO-OW_M4-frente-corpo.png,PALL-BILIONARIO-OW_07-modelo-frente-corpo.png
mockups-finais,PALL-BILIONARIO-PT_01-costas.png,PALL-BILIONARIO-PT_01-costas.png
mockups-finais,PALL-BILIONARIO-PT_03-inclinada.png,PALL-BILIONARIO-PT_02-close.png
mockups-finais,PALL-BILIONARIO-PT_02-frente.png,PALL-BILIONARIO-PT_03-frente.png
modelos-preta,PALL-BILIONARIO-PT_M1-costas-close.png,PALL-BILIONARIO-PT_04-modelo-costas-close.png
modelos-preta,PALL-BILIONARIO-PT_M2-frente-close.png,PALL-BILIONARIO-PT_05-modelo-frente-close.png
modelos-preta,PALL-BILIONARIO-PT_M3-costas-corpo.png,PALL-BILIONARIO-PT_06-modelo-costas-corpo.png
modelos-preta,PALL-BILIONARIO-PT_M4-frente-corpo.png,PALL-BILIONARIO-PT_07-modelo-frente-corpo.png
mockups-finais,PALL-BIRKIN-AZ_01-costas.png,PALL-BIRKIN-AZ_01-costas.png
mockups-finais,PALL-BIRKIN-AZ_03-inclinada.png,PALL-BIRKIN-AZ_02-close.png
mockups-finais,PALL-BIRKIN-AZ_02-frente.png,PALL-BIRKIN-AZ_03-frente.png
modelos-azul-marinho,PALL-BIRKIN-AZ_M1-costas-close.png,PALL-BIRKIN-AZ_04-modelo-costas-close.png
modelos-azul-marinho,PALL-BIRKIN-AZ_M2-frente-close.png,PALL-BIRKIN-AZ_05-modelo-frente-close.png
modelos-azul-marinho,PALL-BIRKIN-AZ_M3-costas-corpo.png,PALL-BIRKIN-AZ_06-modelo-costas-corpo.png
modelos-azul-marinho,PALL-BIRKIN-AZ_M4-frente-corpo.png,PALL-BIRKIN-AZ_07-modelo-frente-corpo.png
mockups-finais,PALL-BIRKIN-BR_01-costas.png,PALL-BIRKIN-BR_01-costas.png
mockups-finais,PALL-BIRKIN-BR_03-inclinada.png,PALL-BIRKIN-BR_02-close.png
mockups-finais,PALL-BIRKIN-BR_02-frente.png,PALL-BIRKIN-BR_03-frente.png
modelos-branca,PALL-BIRKIN-BR_M1-costas-close.png,PALL-BIRKIN-BR_04-modelo-costas-close.png
modelos-branca,PALL-BIRKIN-BR_M2-frente-close.png,PALL-BIRKIN-BR_05-modelo-frente-close.png
modelos-branca,PALL-BIRKIN-BR_M3-costas-corpo.png,PALL-BIRKIN-BR_06-modelo-costas-corpo.png
modelos-branca,PALL-BIRKIN-BR_M4-frente-corpo.png,PALL-BIRKIN-BR_07-modelo-frente-corpo.png
mockups-finais,PALL-BIRKIN-OW_01-costas.png,PALL-BIRKIN-OW_01-costas.png
mockups-finais,PALL-BIRKIN-OW_03-inclinada.png,PALL-BIRKIN-OW_02-close.png
mockups-finais,PALL-BIRKIN-OW_02-frente.png,PALL-BIRKIN-OW_03-frente.png
modelos-off-white,PALL-BIRKIN-OW_M1-costas-close.png,PALL-BIRKIN-OW_04-modelo-costas-close.png
modelos-off-white,PALL-BIRKIN-OW_M2-frente-close.png,PALL-BIRKIN-OW_05-modelo-frente-close.png
modelos-off-white,PALL-BIRKIN-OW_M3-costas-corpo.png,PALL-BIRKIN-OW_06-modelo-costas-corpo.png
modelos-off-white,PALL-BIRKIN-OW_M4-frente-corpo.png,PALL-BIRKIN-OW_07-modelo-frente-corpo.png
mockups-finais,PALL-BIRKIN-PT_01-costas.png,PALL-BIRKIN-PT_01-costas.png
mockups-finais,PALL-BIRKIN-PT_03-inclinada.png,PALL-BIRKIN-PT_02-close.png
mockups-finais,PALL-BIRKIN-PT_02-frente.png,PALL-BIRKIN-PT_03-frente.png
modelos-preta,PALL-BIRKIN-PT_M1-costas-close.png,PALL-BIRKIN-PT_04-modelo-costas-close.png
modelos-preta,PALL-BIRKIN-PT_M2-frente-close.png,PALL-BIRKIN-PT_05-modelo-frente-close.png
modelos-preta,PALL-BIRKIN-PT_M3-costas-corpo.png,PALL-BIRKIN-PT_06-modelo-costas-corpo.png
modelos-preta,PALL-BIRKIN-PT_M4-frente-corpo.png,PALL-BIRKIN-PT_07-modelo-frente-corpo.png
mockups-finais,PALL-BLONDE-BR_01-costas.png,PALL-BLONDE-BR_01-costas.png
mockups-finais,PALL-BLONDE-BR_03-inclinada.png,PALL-BLONDE-BR_02-close.png
mockups-finais,PALL-BLONDE-BR_02-frente.png,PALL-BLONDE-BR_03-frente.png
modelos-branca,PALL-BLONDE-BR_M1-costas-close.png,PALL-BLONDE-BR_04-modelo-costas-close.png
modelos-branca,PALL-BLONDE-BR_M2-frente-close.png,PALL-BLONDE-BR_05-modelo-frente-close.png
modelos-branca,PALL-BLONDE-BR_M3-costas-corpo.png,PALL-BLONDE-BR_06-modelo-costas-corpo.png
modelos-branca,PALL-BLONDE-BR_M4-frente-corpo.png,PALL-BLONDE-BR_07-modelo-frente-corpo.png
mockups-finais,PALL-BLONDE-OW_01-costas.png,PALL-BLONDE-OW_01-costas.png
mockups-finais,PALL-BLONDE-OW_03-inclinada.png,PALL-BLONDE-OW_02-close.png
mockups-finais,PALL-BLONDE-OW_02-frente.png,PALL-BLONDE-OW_03-frente.png
modelos-off-white,PALL-BLONDE-OW_M1-costas-close.png,PALL-BLONDE-OW_04-modelo-costas-close.png
modelos-off-white,PALL-BLONDE-OW_M2-frente-close.png,PALL-BLONDE-OW_05-modelo-frente-close.png
modelos-off-white,PALL-BLONDE-OW_M3-costas-corpo.png,PALL-BLONDE-OW_06-modelo-costas-corpo.png
modelos-off-white,PALL-BLONDE-OW_M4-frente-corpo.png,PALL-BLONDE-OW_07-modelo-frente-corpo.png
mockups-finais,PALL-BLONDE-PT_01-costas.png,PALL-BLONDE-PT_01-costas.png
mockups-finais,PALL-BLONDE-PT_03-inclinada.png,PALL-BLONDE-PT_02-close.png
mockups-finais,PALL-BLONDE-PT_02-frente.png,PALL-BLONDE-PT_03-frente.png
modelos-preta,PALL-BLONDE-PT_M1-costas-close.png,PALL-BLONDE-PT_04-modelo-costas-close.png
modelos-preta,PALL-BLONDE-PT_M2-frente-close.png,PALL-BLONDE-PT_05-modelo-frente-close.png
modelos-preta,PALL-BLONDE-PT_M3-costas-corpo.png,PALL-BLONDE-PT_06-modelo-costas-corpo.png
modelos-preta,PALL-BLONDE-PT_M4-frente-corpo.png,PALL-BLONDE-PT_07-modelo-frente-corpo.png
mockups-finais,PALL-BONJOUR-AZ_01-costas.png,PALL-BONJOUR-AZ_01-costas.png
mockups-finais,PALL-BONJOUR-AZ_03-inclinada.png,PALL-BONJOUR-AZ_02-close.png
mockups-finais,PALL-BONJOUR-AZ_02-frente.png,PALL-BONJOUR-AZ_03-frente.png
modelos-azul-marinho,PALL-BONJOUR-AZ_M1-costas-close.png,PALL-BONJOUR-AZ_04-modelo-costas-close.png
modelos-azul-marinho,PALL-BONJOUR-AZ_M2-frente-close.png,PALL-BONJOUR-AZ_05-modelo-frente-close.png
modelos-azul-marinho,PALL-BONJOUR-AZ_M3-costas-corpo.png,PALL-BONJOUR-AZ_06-modelo-costas-corpo.png
modelos-azul-marinho,PALL-BONJOUR-AZ_M4-frente-corpo.png,PALL-BONJOUR-AZ_07-modelo-frente-corpo.png
mockups-finais,PALL-BONJOUR-BR_01-costas.png,PALL-BONJOUR-BR_01-costas.png
mockups-finais,PALL-BONJOUR-BR_03-inclinada.png,PALL-BONJOUR-BR_02-close.png
mockups-finais,PALL-BONJOUR-BR_02-frente.png,PALL-BONJOUR-BR_03-frente.png
modelos-branca,PALL-BONJOUR-BR_M1-costas-close.png,PALL-BONJOUR-BR_04-modelo-costas-close.png
modelos-branca,PALL-BONJOUR-BR_M2-frente-close.png,PALL-BONJOUR-BR_05-modelo-frente-close.png
modelos-branca,PALL-BONJOUR-BR_M3-costas-corpo.png,PALL-BONJOUR-BR_06-modelo-costas-corpo.png
modelos-branca,PALL-BONJOUR-BR_M4-frente-corpo.png,PALL-BONJOUR-BR_07-modelo-frente-corpo.png
mockups-finais,PALL-BONJOUR-OW_01-costas.png,PALL-BONJOUR-OW_01-costas.png
mockups-finais,PALL-BONJOUR-OW_03-inclinada.png,PALL-BONJOUR-OW_02-close.png
mockups-finais,PALL-BONJOUR-OW_02-frente.png,PALL-BONJOUR-OW_03-frente.png
modelos-off-white,PALL-BONJOUR-OW_M1-costas-close.png,PALL-BONJOUR-OW_04-modelo-costas-close.png
modelos-off-white,PALL-BONJOUR-OW_M2-frente-close.png,PALL-BONJOUR-OW_05-modelo-frente-close.png
modelos-off-white,PALL-BONJOUR-OW_M3-costas-corpo.png,PALL-BONJOUR-OW_06-modelo-costas-corpo.png
modelos-off-white,PALL-BONJOUR-OW_M4-frente-corpo.png,PALL-BONJOUR-OW_07-modelo-frente-corpo.png
mockups-finais,PALL-BONJOUR-PT_01-costas.png,PALL-BONJOUR-PT_01-costas.png
mockups-finais,PALL-BONJOUR-PT_03-inclinada.png,PALL-BONJOUR-PT_02-close.png
mockups-finais,PALL-BONJOUR-PT_02-frente.png,PALL-BONJOUR-PT_03-frente.png
modelos-preta,PALL-BONJOUR-PT_M1-costas-close.png,PALL-BONJOUR-PT_04-modelo-costas-close.png
modelos-preta,PALL-BONJOUR-PT_M2-frente-close.png,PALL-BONJOUR-PT_05-modelo-frente-close.png
modelos-preta,PALL-BONJOUR-PT_M3-costas-corpo.png,PALL-BONJOUR-PT_06-modelo-costas-corpo.png
modelos-preta,PALL-BONJOUR-PT_M4-frente-corpo.png,PALL-BONJOUR-PT_07-modelo-frente-corpo.png
mockups-finais,PALL-BRASIL-MADAME-BR_01-costas.png,PALL-BRASIL-MADAME-BR_01-costas.png
mockups-finais,PALL-BRASIL-MADAME-BR_03-inclinada.png,PALL-BRASIL-MADAME-BR_02-close.png
mockups-finais,PALL-BRASIL-MADAME-BR_02-frente.png,PALL-BRASIL-MADAME-BR_03-frente.png
modelos-branca,PALL-BRASIL-MADAME-BR_M1-costas-close.png,PALL-BRASIL-MADAME-BR_04-modelo-costas-close.png
modelos-branca,PALL-BRASIL-MADAME-BR_M2-frente-close.png,PALL-BRASIL-MADAME-BR_05-modelo-frente-close.png
modelos-branca,PALL-BRASIL-MADAME-BR_M3-costas-corpo.png,PALL-BRASIL-MADAME-BR_06-modelo-costas-corpo.png
modelos-branca,PALL-BRASIL-MADAME-BR_M4-frente-corpo.png,PALL-BRASIL-MADAME-BR_07-modelo-frente-corpo.png
mockups-finais,PALL-BRASIL-MADAME-OW_01-costas.png,PALL-BRASIL-MADAME-OW_01-costas.png
mockups-finais,PALL-BRASIL-MADAME-OW_03-inclinada.png,PALL-BRASIL-MADAME-OW_02-close.png
mockups-finais,PALL-BRASIL-MADAME-OW_02-frente.png,PALL-BRASIL-MADAME-OW_03-frente.png
modelos-off-white,PALL-BRASIL-MADAME-OW_M1-costas-close.png,PALL-BRASIL-MADAME-OW_04-modelo-costas-close.png
modelos-off-white,PALL-BRASIL-MADAME-OW_M2-frente-close.png,PALL-BRASIL-MADAME-OW_05-modelo-frente-close.png
modelos-off-white,PALL-BRASIL-MADAME-OW_M3-costas-corpo.png,PALL-BRASIL-MADAME-OW_06-modelo-costas-corpo.png
modelos-off-white,PALL-BRASIL-MADAME-OW_M4-frente-corpo.png,PALL-BRASIL-MADAME-OW_07-modelo-frente-corpo.png
mockups-finais,PALL-BRASIL-MADAME-PT_01-costas.png,PALL-BRASIL-MADAME-PT_01-costas.png
mockups-finais,PALL-BRASIL-MADAME-PT_03-inclinada.png,PALL-BRASIL-MADAME-PT_02-close.png
mockups-finais,PALL-BRASIL-MADAME-PT_02-frente.png,PALL-BRASIL-MADAME-PT_03-frente.png
modelos-preta,PALL-BRASIL-MADAME-PT_M1-costas-close.png,PALL-BRASIL-MADAME-PT_04-modelo-costas-close.png
modelos-preta,PALL-BRASIL-MADAME-PT_M2-frente-close.png,PALL-BRASIL-MADAME-PT_05-modelo-frente-close.png
modelos-preta,PALL-BRASIL-MADAME-PT_M3-costas-corpo.png,PALL-BRASIL-MADAME-PT_06-modelo-costas-corpo.png
modelos-preta,PALL-BRASIL-MADAME-PT_M4-frente-corpo.png,PALL-BRASIL-MADAME-PT_07-modelo-frente-corpo.png
mockups-finais,PALL-BRAZILIAN-BR_01-costas.png,PALL-BRAZILIAN-BR_01-costas.png
mockups-finais,PALL-BRAZILIAN-BR_03-inclinada.png,PALL-BRAZILIAN-BR_02-close.png
mockups-finais,PALL-BRAZILIAN-BR_02-frente.png,PALL-BRAZILIAN-BR_03-frente.png
modelos-branca,PALL-BRAZILIAN-BR_M1-costas-close.png,PALL-BRAZILIAN-BR_04-modelo-costas-close.png
modelos-branca,PALL-BRAZILIAN-BR_M2-frente-close.png,PALL-BRAZILIAN-BR_05-modelo-frente-close.png
modelos-branca,PALL-BRAZILIAN-BR_M3-costas-corpo.png,PALL-BRAZILIAN-BR_06-modelo-costas-corpo.png
modelos-branca,PALL-BRAZILIAN-BR_M4-frente-corpo.png,PALL-BRAZILIAN-BR_07-modelo-frente-corpo.png
mockups-finais,PALL-BRAZILIAN-OW_01-costas.png,PALL-BRAZILIAN-OW_01-costas.png
mockups-finais,PALL-BRAZILIAN-OW_03-inclinada.png,PALL-BRAZILIAN-OW_02-close.png
mockups-finais,PALL-BRAZILIAN-OW_02-frente.png,PALL-BRAZILIAN-OW_03-frente.png
modelos-off-white,PALL-BRAZILIAN-OW_M1-costas-close.png,PALL-BRAZILIAN-OW_04-modelo-costas-close.png
modelos-off-white,PALL-BRAZILIAN-OW_M2-frente-close.png,PALL-BRAZILIAN-OW_05-modelo-frente-close.png
modelos-off-white,PALL-BRAZILIAN-OW_M3-costas-corpo.png,PALL-BRAZILIAN-OW_06-modelo-costas-corpo.png
modelos-off-white,PALL-BRAZILIAN-OW_M4-frente-corpo.png,PALL-BRAZILIAN-OW_07-modelo-frente-corpo.png
mockups-finais,PALL-BRAZILIAN-PT_01-costas.png,PALL-BRAZILIAN-PT_01-costas.png
mockups-finais,PALL-BRAZILIAN-PT_03-inclinada.png,PALL-BRAZILIAN-PT_02-close.png
mockups-finais,PALL-BRAZILIAN-PT_02-frente.png,PALL-BRAZILIAN-PT_03-frente.png
modelos-preta,PALL-BRAZILIAN-PT_M1-costas-close.png,PALL-BRAZILIAN-PT_04-modelo-costas-close.png
modelos-preta,PALL-BRAZILIAN-PT_M2-frente-close.png,PALL-BRAZILIAN-PT_05-modelo-frente-close.png
modelos-preta,PALL-BRAZILIAN-PT_M3-costas-corpo.png,PALL-BRAZILIAN-PT_06-modelo-costas-corpo.png
modelos-preta,PALL-BRAZILIAN-PT_M4-frente-corpo.png,PALL-BRAZILIAN-PT_07-modelo-frente-corpo.png
mockups-finais,PALL-BREAK-BED-AZ_01-costas.png,PALL-BREAK-BED-AZ_01-costas.png
mockups-finais,PALL-BREAK-BED-AZ_03-inclinada.png,PALL-BREAK-BED-AZ_02-close.png
mockups-finais,PALL-BREAK-BED-AZ_02-frente.png,PALL-BREAK-BED-AZ_03-frente.png
modelos-azul-marinho,PALL-BREAK-BED-AZ_M1-costas-close.png,PALL-BREAK-BED-AZ_04-modelo-costas-close.png
modelos-azul-marinho,PALL-BREAK-BED-AZ_M2-frente-close.png,PALL-BREAK-BED-AZ_05-modelo-frente-close.png
modelos-azul-marinho,PALL-BREAK-BED-AZ_M3-costas-corpo.png,PALL-BREAK-BED-AZ_06-modelo-costas-corpo.png
modelos-azul-marinho,PALL-BREAK-BED-AZ_M4-frente-corpo.png,PALL-BREAK-BED-AZ_07-modelo-frente-corpo.png
mockups-finais,PALL-BREAK-BED-BR_01-costas.png,PALL-BREAK-BED-BR_01-costas.png
mockups-finais,PALL-BREAK-BED-BR_03-inclinada.png,PALL-BREAK-BED-BR_02-close.png
mockups-finais,PALL-BREAK-BED-BR_02-frente.png,PALL-BREAK-BED-BR_03-frente.png
modelos-branca,PALL-BREAK-BED-BR_M1-costas-close.png,PALL-BREAK-BED-BR_04-modelo-costas-close.png
modelos-branca,PALL-BREAK-BED-BR_M2-frente-close.png,PALL-BREAK-BED-BR_05-modelo-frente-close.png
modelos-branca,PALL-BREAK-BED-BR_M3-costas-corpo.png,PALL-BREAK-BED-BR_06-modelo-costas-corpo.png
modelos-branca,PALL-BREAK-BED-BR_M4-frente-corpo.png,PALL-BREAK-BED-BR_07-modelo-frente-corpo.png
mockups-finais,PALL-BREAK-BED-OW_01-costas.png,PALL-BREAK-BED-OW_01-costas.png
mockups-finais,PALL-BREAK-BED-OW_03-inclinada.png,PALL-BREAK-BED-OW_02-close.png
mockups-finais,PALL-BREAK-BED-OW_02-frente.png,PALL-BREAK-BED-OW_03-frente.png
modelos-off-white,PALL-BREAK-BED-OW_M1-costas-close.png,PALL-BREAK-BED-OW_04-modelo-costas-close.png
modelos-off-white,PALL-BREAK-BED-OW_M2-frente-close.png,PALL-BREAK-BED-OW_05-modelo-frente-close.png
modelos-off-white,PALL-BREAK-BED-OW_M3-costas-corpo.png,PALL-BREAK-BED-OW_06-modelo-costas-corpo.png
modelos-off-white,PALL-BREAK-BED-OW_M4-frente-corpo.png,PALL-BREAK-BED-OW_07-modelo-frente-corpo.png
mockups-finais,PALL-BREAK-BED-PT_01-costas.png,PALL-BREAK-BED-PT_01-costas.png
mockups-finais,PALL-BREAK-BED-PT_03-inclinada.png,PALL-BREAK-BED-PT_02-close.png
mockups-finais,PALL-BREAK-BED-PT_02-frente.png,PALL-BREAK-BED-PT_03-frente.png
modelos-preta,PALL-BREAK-BED-PT_M1-costas-close.png,PALL-BREAK-BED-PT_04-modelo-costas-close.png
modelos-preta,PALL-BREAK-BED-PT_M2-frente-close.png,PALL-BREAK-BED-PT_05-modelo-frente-close.png
modelos-preta,PALL-BREAK-BED-PT_M3-costas-corpo.png,PALL-BREAK-BED-PT_06-modelo-costas-corpo.png
modelos-preta,PALL-BREAK-BED-PT_M4-frente-corpo.png,PALL-BREAK-BED-PT_07-modelo-frente-corpo.png
mockups-finais,PALL-BRING-BR-AZC_01-costas.png,PALL-BRING-BR-AZC_01-costas.png
mockups-finais,PALL-BRING-BR-AZC_03-inclinada.png,PALL-BRING-BR-AZC_02-close.png
mockups-finais,PALL-BRING-BR-AZC_02-frente.png,PALL-BRING-BR-AZC_03-frente.png
mockups-finais,PALL-BRING-BR-AZE_01-costas.png,PALL-BRING-BR-AZE_01-costas.png
mockups-finais,PALL-BRING-BR-AZE_03-inclinada.png,PALL-BRING-BR-AZE_02-close.png
mockups-finais,PALL-BRING-BR-AZE_02-frente.png,PALL-BRING-BR-AZE_03-frente.png
mockups-finais,PALL-BRING-OW_01-costas.png,PALL-BRING-OW_01-costas.png
mockups-finais,PALL-BRING-OW_03-inclinada.png,PALL-BRING-OW_02-close.png
mockups-finais,PALL-BRING-OW_02-frente.png,PALL-BRING-OW_03-frente.png
modelos-off-white,PALL-BRING-OW_M1-costas-close.png,PALL-BRING-OW_04-modelo-costas-close.png
modelos-off-white,PALL-BRING-OW_M2-frente-close.png,PALL-BRING-OW_05-modelo-frente-close.png
modelos-off-white,PALL-BRING-OW_M3-costas-corpo.png,PALL-BRING-OW_06-modelo-costas-corpo.png
modelos-off-white,PALL-BRING-OW_M4-frente-corpo.png,PALL-BRING-OW_07-modelo-frente-corpo.png
mockups-finais,PALL-BRING-PT_01-costas.png,PALL-BRING-PT_01-costas.png
mockups-finais,PALL-BRING-PT_03-inclinada.png,PALL-BRING-PT_02-close.png
mockups-finais,PALL-BRING-PT_02-frente.png,PALL-BRING-PT_03-frente.png
modelos-preta,PALL-BRING-PT_M1-costas-close.png,PALL-BRING-PT_04-modelo-costas-close.png
modelos-preta,PALL-BRING-PT_M2-frente-close.png,PALL-BRING-PT_05-modelo-frente-close.png
modelos-preta,PALL-BRING-PT_M3-costas-corpo.png,PALL-BRING-PT_06-modelo-costas-corpo.png
modelos-preta,PALL-BRING-PT_M4-frente-corpo.png,PALL-BRING-PT_07-modelo-frente-corpo.png
mockups-finais,PALL-BRUNETTE-BR_01-costas.png,PALL-BRUNETTE-BR_01-costas.png
mockups-finais,PALL-BRUNETTE-BR_03-inclinada.png,PALL-BRUNETTE-BR_02-close.png
mockups-finais,PALL-BRUNETTE-BR_02-frente.png,PALL-BRUNETTE-BR_03-frente.png
modelos-branca,PALL-BRUNETTE-BR_M1-costas-close.png,PALL-BRUNETTE-BR_04-modelo-costas-close.png
modelos-branca,PALL-BRUNETTE-BR_M2-frente-close.png,PALL-BRUNETTE-BR_05-modelo-frente-close.png
modelos-branca,PALL-BRUNETTE-BR_M3-costas-corpo.png,PALL-BRUNETTE-BR_06-modelo-costas-corpo.png
modelos-branca,PALL-BRUNETTE-BR_M4-frente-corpo.png,PALL-BRUNETTE-BR_07-modelo-frente-corpo.png
mockups-finais,PALL-BRUNETTE-OW_01-costas.png,PALL-BRUNETTE-OW_01-costas.png
mockups-finais,PALL-BRUNETTE-OW_03-inclinada.png,PALL-BRUNETTE-OW_02-close.png
mockups-finais,PALL-BRUNETTE-OW_02-frente.png,PALL-BRUNETTE-OW_03-frente.png
modelos-off-white,PALL-BRUNETTE-OW_M1-costas-close.png,PALL-BRUNETTE-OW_04-modelo-costas-close.png
modelos-off-white,PALL-BRUNETTE-OW_M2-frente-close.png,PALL-BRUNETTE-OW_05-modelo-frente-close.png
modelos-off-white,PALL-BRUNETTE-OW_M3-costas-corpo.png,PALL-BRUNETTE-OW_06-modelo-costas-corpo.png
modelos-off-white,PALL-BRUNETTE-OW_M4-frente-corpo.png,PALL-BRUNETTE-OW_07-modelo-frente-corpo.png
mockups-finais,PALL-BRUNETTE-PT_01-costas.png,PALL-BRUNETTE-PT_01-costas.png
mockups-finais,PALL-BRUNETTE-PT_03-inclinada.png,PALL-BRUNETTE-PT_02-close.png
mockups-finais,PALL-BRUNETTE-PT_02-frente.png,PALL-BRUNETTE-PT_03-frente.png
modelos-preta,PALL-BRUNETTE-PT_M1-costas-close.png,PALL-BRUNETTE-PT_04-modelo-costas-close.png
modelos-preta,PALL-BRUNETTE-PT_M2-frente-close.png,PALL-BRUNETTE-PT_05-modelo-frente-close.png
modelos-preta,PALL-BRUNETTE-PT_M3-costas-corpo.png,PALL-BRUNETTE-PT_06-modelo-costas-corpo.png
modelos-preta,PALL-BRUNETTE-PT_M4-frente-corpo.png,PALL-BRUNETTE-PT_07-modelo-frente-corpo.png
mockups-finais,PALL-CAPRESE-AZ_01-costas.png,PALL-CAPRESE-AZ_01-costas.png
mockups-finais,PALL-CAPRESE-AZ_02-frente.png,PALL-CAPRESE-AZ_02-frente.png
mockups-finais,PALL-CAPRESE-AZ_03-inclinada.png,PALL-CAPRESE-AZ_03-close.png
modelos-azul-marinho,PALL-CAPRESE-AZ_M1-costas-close.png,PALL-CAPRESE-AZ_04-modelo-costas-close.png
modelos-azul-marinho,PALL-CAPRESE-AZ_M2-frente-close.png,PALL-CAPRESE-AZ_05-modelo-frente-close.png
modelos-azul-marinho,PALL-CAPRESE-AZ_M3-costas-corpo.png,PALL-CAPRESE-AZ_06-modelo-costas-corpo.png
modelos-azul-marinho,PALL-CAPRESE-AZ_M4-frente-corpo.png,PALL-CAPRESE-AZ_07-modelo-frente-corpo.png
mockups-finais,PALL-CAPRESE-BR_01-costas.png,PALL-CAPRESE-BR_01-costas.png
mockups-finais,PALL-CAPRESE-BR_02-frente.png,PALL-CAPRESE-BR_02-frente.png
mockups-finais,PALL-CAPRESE-BR_03-inclinada.png,PALL-CAPRESE-BR_03-close.png
modelos-branca,PALL-CAPRESE-BR_M1-costas-close.png,PALL-CAPRESE-BR_04-modelo-costas-close.png
modelos-branca,PALL-CAPRESE-BR_M2-frente-close.png,PALL-CAPRESE-BR_05-modelo-frente-close.png
modelos-branca,PALL-CAPRESE-BR_M3-costas-corpo.png,PALL-CAPRESE-BR_06-modelo-costas-corpo.png
modelos-branca,PALL-CAPRESE-BR_M4-frente-corpo.png,PALL-CAPRESE-BR_07-modelo-frente-corpo.png
mockups-finais,PALL-CAPRESE-OW_01-costas.png,PALL-CAPRESE-OW_01-costas.png
mockups-finais,PALL-CAPRESE-OW_02-frente.png,PALL-CAPRESE-OW_02-frente.png
mockups-finais,PALL-CAPRESE-OW_03-inclinada.png,PALL-CAPRESE-OW_03-close.png
modelos-off-white,PALL-CAPRESE-OW_M1-costas-close.png,PALL-CAPRESE-OW_04-modelo-costas-close.png
modelos-off-white,PALL-CAPRESE-OW_M2-frente-close.png,PALL-CAPRESE-OW_05-modelo-frente-close.png
modelos-off-white,PALL-CAPRESE-OW_M3-costas-corpo.png,PALL-CAPRESE-OW_06-modelo-costas-corpo.png
modelos-off-white,PALL-CAPRESE-OW_M4-frente-corpo.png,PALL-CAPRESE-OW_07-modelo-frente-corpo.png
mockups-finais,PALL-CAPRESE-PT_01-costas.png,PALL-CAPRESE-PT_01-costas.png
mockups-finais,PALL-CAPRESE-PT_02-frente.png,PALL-CAPRESE-PT_02-frente.png
mockups-finais,PALL-CAPRESE-PT_03-inclinada.png,PALL-CAPRESE-PT_03-close.png
modelos-preta,PALL-CAPRESE-PT_M1-costas-close.png,PALL-CAPRESE-PT_04-modelo-costas-close.png
modelos-preta,PALL-CAPRESE-PT_M2-frente-close.png,PALL-CAPRESE-PT_05-modelo-frente-close.png
modelos-preta,PALL-CAPRESE-PT_M3-costas-corpo.png,PALL-CAPRESE-PT_06-modelo-costas-corpo.png
modelos-preta,PALL-CAPRESE-PT_M4-frente-corpo.png,PALL-CAPRESE-PT_07-modelo-frente-corpo.png
mockups-finais,PALL-CAPRI-AZ_01-costas.png,PALL-CAPRI-AZ_01-costas.png
mockups-finais,PALL-CAPRI-AZ_02-frente.png,PALL-CAPRI-AZ_02-frente.png
mockups-finais,PALL-CAPRI-AZ_03-inclinada.png,PALL-CAPRI-AZ_03-close.png
modelos-azul-marinho,PALL-CAPRI-AZ_M1-costas-close.png,PALL-CAPRI-AZ_04-modelo-costas-close.png
modelos-azul-marinho,PALL-CAPRI-AZ_M2-frente-close.png,PALL-CAPRI-AZ_05-modelo-frente-close.png
modelos-azul-marinho,PALL-CAPRI-AZ_M3-costas-corpo.png,PALL-CAPRI-AZ_06-modelo-costas-corpo.png
modelos-azul-marinho,PALL-CAPRI-AZ_M4-frente-corpo.png,PALL-CAPRI-AZ_07-modelo-frente-corpo.png
mockups-finais,PALL-CAPRI-BR_01-costas.png,PALL-CAPRI-BR_01-costas.png
mockups-finais,PALL-CAPRI-BR_02-frente.png,PALL-CAPRI-BR_02-frente.png
mockups-finais,PALL-CAPRI-BR_03-inclinada.png,PALL-CAPRI-BR_03-close.png
modelos-branca,PALL-CAPRI-BR_M1-costas-close.png,PALL-CAPRI-BR_04-modelo-costas-close.png
modelos-branca,PALL-CAPRI-BR_M2-frente-close.png,PALL-CAPRI-BR_05-modelo-frente-close.png
modelos-branca,PALL-CAPRI-BR_M3-costas-corpo.png,PALL-CAPRI-BR_06-modelo-costas-corpo.png
modelos-branca,PALL-CAPRI-BR_M4-frente-corpo.png,PALL-CAPRI-BR_07-modelo-frente-corpo.png
mockups-finais,PALL-CAPRI-OW_01-costas.png,PALL-CAPRI-OW_01-costas.png
mockups-finais,PALL-CAPRI-OW_02-frente.png,PALL-CAPRI-OW_02-frente.png
mockups-finais,PALL-CAPRI-OW_03-inclinada.png,PALL-CAPRI-OW_03-close.png
modelos-off-white,PALL-CAPRI-OW_M1-costas-close.png,PALL-CAPRI-OW_04-modelo-costas-close.png
modelos-off-white,PALL-CAPRI-OW_M2-frente-close.png,PALL-CAPRI-OW_05-modelo-frente-close.png
modelos-off-white,PALL-CAPRI-OW_M3-costas-corpo.png,PALL-CAPRI-OW_06-modelo-costas-corpo.png
modelos-off-white,PALL-CAPRI-OW_M4-frente-corpo.png,PALL-CAPRI-OW_07-modelo-frente-corpo.png
mockups-finais,PALL-CAPRI-PT_01-costas.png,PALL-CAPRI-PT_01-costas.png
mockups-finais,PALL-CAPRI-PT_02-frente.png,PALL-CAPRI-PT_02-frente.png
mockups-finais,PALL-CAPRI-PT_03-inclinada.png,PALL-CAPRI-PT_03-close.png
modelos-preta,PALL-CAPRI-PT_M1-costas-close.png,PALL-CAPRI-PT_04-modelo-costas-close.png
modelos-preta,PALL-CAPRI-PT_M2-frente-close.png,PALL-CAPRI-PT_05-modelo-frente-close.png
modelos-preta,PALL-CAPRI-PT_M3-costas-corpo.png,PALL-CAPRI-PT_06-modelo-costas-corpo.png
modelos-preta,PALL-CAPRI-PT_M4-frente-corpo.png,PALL-CAPRI-PT_07-modelo-frente-corpo.png
mockups-finais,PALL-CHAMPAGNE-BR_01-costas.png,PALL-CHAMPAGNE-BR_01-costas.png
mockups-finais,PALL-CHAMPAGNE-BR_03-inclinada.png,PALL-CHAMPAGNE-BR_02-close.png
mockups-finais,PALL-CHAMPAGNE-BR_02-frente.png,PALL-CHAMPAGNE-BR_03-frente.png
modelos-branca,PALL-CHAMPAGNE-BR_M1-costas-close.png,PALL-CHAMPAGNE-BR_04-modelo-costas-close.png
modelos-branca,PALL-CHAMPAGNE-BR_M2-frente-close.png,PALL-CHAMPAGNE-BR_05-modelo-frente-close.png
modelos-branca,PALL-CHAMPAGNE-BR_M3-costas-corpo.png,PALL-CHAMPAGNE-BR_06-modelo-costas-corpo.png
modelos-branca,PALL-CHAMPAGNE-BR_M4-frente-corpo.png,PALL-CHAMPAGNE-BR_07-modelo-frente-corpo.png
mockups-finais,PALL-CHAMPAGNE-OW_01-costas.png,PALL-CHAMPAGNE-OW_01-costas.png
mockups-finais,PALL-CHAMPAGNE-OW_03-inclinada.png,PALL-CHAMPAGNE-OW_02-close.png
mockups-finais,PALL-CHAMPAGNE-OW_02-frente.png,PALL-CHAMPAGNE-OW_03-frente.png
modelos-off-white,PALL-CHAMPAGNE-OW_M1-costas-close.png,PALL-CHAMPAGNE-OW_04-modelo-costas-close.png
modelos-off-white,PALL-CHAMPAGNE-OW_M2-frente-close.png,PALL-CHAMPAGNE-OW_05-modelo-frente-close.png
modelos-off-white,PALL-CHAMPAGNE-OW_M3-costas-corpo.png,PALL-CHAMPAGNE-OW_06-modelo-costas-corpo.png
modelos-off-white,PALL-CHAMPAGNE-OW_M4-frente-corpo.png,PALL-CHAMPAGNE-OW_07-modelo-frente-corpo.png
mockups-finais,PALL-CHAMPAGNE-PT_01-costas.png,PALL-CHAMPAGNE-PT_01-costas.png
mockups-finais,PALL-CHAMPAGNE-PT_03-inclinada.png,PALL-CHAMPAGNE-PT_02-close.png
mockups-finais,PALL-CHAMPAGNE-PT_02-frente.png,PALL-CHAMPAGNE-PT_03-frente.png
modelos-preta,PALL-CHAMPAGNE-PT_M1-costas-close.png,PALL-CHAMPAGNE-PT_04-modelo-costas-close.png
modelos-preta,PALL-CHAMPAGNE-PT_M2-frente-close.png,PALL-CHAMPAGNE-PT_05-modelo-frente-close.png
modelos-preta,PALL-CHAMPAGNE-PT_M3-costas-corpo.png,PALL-CHAMPAGNE-PT_06-modelo-costas-corpo.png
modelos-preta,PALL-CHAMPAGNE-PT_M4-frente-corpo.png,PALL-CHAMPAGNE-PT_07-modelo-frente-corpo.png
mockups-finais,PALL-CHATGPT-AZ_01-costas.png,PALL-CHATGPT-AZ_01-costas.png
mockups-finais,PALL-CHATGPT-AZ_03-inclinada.png,PALL-CHATGPT-AZ_02-close.png
mockups-finais,PALL-CHATGPT-AZ_02-frente.png,PALL-CHATGPT-AZ_03-frente.png
modelos-azul-marinho,PALL-CHATGPT-AZ_M1-costas-close.png,PALL-CHATGPT-AZ_04-modelo-costas-close.png
modelos-azul-marinho,PALL-CHATGPT-AZ_M2-frente-close.png,PALL-CHATGPT-AZ_05-modelo-frente-close.png
modelos-azul-marinho,PALL-CHATGPT-AZ_M3-costas-corpo.png,PALL-CHATGPT-AZ_06-modelo-costas-corpo.png
modelos-azul-marinho,PALL-CHATGPT-AZ_M4-frente-corpo.png,PALL-CHATGPT-AZ_07-modelo-frente-corpo.png
mockups-finais,PALL-CHATGPT-BR_01-costas.png,PALL-CHATGPT-BR_01-costas.png
mockups-finais,PALL-CHATGPT-BR_03-inclinada.png,PALL-CHATGPT-BR_02-close.png
mockups-finais,PALL-CHATGPT-BR_02-frente.png,PALL-CHATGPT-BR_03-frente.png
modelos-branca,PALL-CHATGPT-BR_M1-costas-close.png,PALL-CHATGPT-BR_04-modelo-costas-close.png
modelos-branca,PALL-CHATGPT-BR_M2-frente-close.png,PALL-CHATGPT-BR_05-modelo-frente-close.png
modelos-branca,PALL-CHATGPT-BR_M3-costas-corpo.png,PALL-CHATGPT-BR_06-modelo-costas-corpo.png
modelos-branca,PALL-CHATGPT-BR_M4-frente-corpo.png,PALL-CHATGPT-BR_07-modelo-frente-corpo.png
mockups-finais,PALL-CHATGPT-OW_01-costas.png,PALL-CHATGPT-OW_01-costas.png
mockups-finais,PALL-CHATGPT-OW_03-inclinada.png,PALL-CHATGPT-OW_02-close.png
mockups-finais,PALL-CHATGPT-OW_02-frente.png,PALL-CHATGPT-OW_03-frente.png
modelos-off-white,PALL-CHATGPT-OW_M1-costas-close.png,PALL-CHATGPT-OW_04-modelo-costas-close.png
modelos-off-white,PALL-CHATGPT-OW_M2-frente-close.png,PALL-CHATGPT-OW_05-modelo-frente-close.png
modelos-off-white,PALL-CHATGPT-OW_M3-costas-corpo.png,PALL-CHATGPT-OW_06-modelo-costas-corpo.png
modelos-off-white,PALL-CHATGPT-OW_M4-frente-corpo.png,PALL-CHATGPT-OW_07-modelo-frente-corpo.png
mockups-finais,PALL-CHATGPT-PT_01-costas.png,PALL-CHATGPT-PT_01-costas.png
mockups-finais,PALL-CHATGPT-PT_03-inclinada.png,PALL-CHATGPT-PT_02-close.png
mockups-finais,PALL-CHATGPT-PT_02-frente.png,PALL-CHATGPT-PT_03-frente.png
modelos-preta,PALL-CHATGPT-PT_M1-costas-close.png,PALL-CHATGPT-PT_04-modelo-costas-close.png
modelos-preta,PALL-CHATGPT-PT_M2-frente-close.png,PALL-CHATGPT-PT_05-modelo-frente-close.png
modelos-preta,PALL-CHATGPT-PT_M3-costas-corpo.png,PALL-CHATGPT-PT_06-modelo-costas-corpo.png
modelos-preta,PALL-CHATGPT-PT_M4-frente-corpo.png,PALL-CHATGPT-PT_07-modelo-frente-corpo.png
mockups-finais,PALL-CIAO-AZ_01-costas.png,PALL-CIAO-AZ_01-costas.png
mockups-finais,PALL-CIAO-AZ_02-frente.png,PALL-CIAO-AZ_02-frente.png
mockups-finais,PALL-CIAO-AZ_03-inclinada.png,PALL-CIAO-AZ_03-close.png
modelos-azul-marinho,PALL-CIAO-AZ_M1-costas-close.png,PALL-CIAO-AZ_04-modelo-costas-close.png
modelos-azul-marinho,PALL-CIAO-AZ_M2-frente-close.png,PALL-CIAO-AZ_05-modelo-frente-close.png
modelos-azul-marinho,PALL-CIAO-AZ_M3-costas-corpo.png,PALL-CIAO-AZ_06-modelo-costas-corpo.png
modelos-azul-marinho,PALL-CIAO-AZ_M4-frente-corpo.png,PALL-CIAO-AZ_07-modelo-frente-corpo.png
mockups-finais,PALL-CIAO-BR_01-costas.png,PALL-CIAO-BR_01-costas.png
mockups-finais,PALL-CIAO-BR_02-frente.png,PALL-CIAO-BR_02-frente.png
mockups-finais,PALL-CIAO-BR_03-inclinada.png,PALL-CIAO-BR_03-close.png
modelos-branca,PALL-CIAO-BR_M1-costas-close.png,PALL-CIAO-BR_04-modelo-costas-close.png
modelos-branca,PALL-CIAO-BR_M2-frente-close.png,PALL-CIAO-BR_05-modelo-frente-close.png
modelos-branca,PALL-CIAO-BR_M3-costas-corpo.png,PALL-CIAO-BR_06-modelo-costas-corpo.png
modelos-branca,PALL-CIAO-BR_M4-frente-corpo.png,PALL-CIAO-BR_07-modelo-frente-corpo.png
mockups-finais,PALL-CIAO-OW_01-costas.png,PALL-CIAO-OW_01-costas.png
mockups-finais,PALL-CIAO-OW_02-frente.png,PALL-CIAO-OW_02-frente.png
mockups-finais,PALL-CIAO-OW_03-inclinada.png,PALL-CIAO-OW_03-close.png
modelos-off-white,PALL-CIAO-OW_M1-costas-close.png,PALL-CIAO-OW_04-modelo-costas-close.png
modelos-off-white,PALL-CIAO-OW_M2-frente-close.png,PALL-CIAO-OW_05-modelo-frente-close.png
modelos-off-white,PALL-CIAO-OW_M3-costas-corpo.png,PALL-CIAO-OW_06-modelo-costas-corpo.png
modelos-off-white,PALL-CIAO-OW_M4-frente-corpo.png,PALL-CIAO-OW_07-modelo-frente-corpo.png
mockups-finais,PALL-CIAO-PT_01-costas.png,PALL-CIAO-PT_01-costas.png
mockups-finais,PALL-CIAO-PT_02-frente.png,PALL-CIAO-PT_02-frente.png
mockups-finais,PALL-CIAO-PT_03-inclinada.png,PALL-CIAO-PT_03-close.png
modelos-preta,PALL-CIAO-PT_M1-costas-close.png,PALL-CIAO-PT_04-modelo-costas-close.png
modelos-preta,PALL-CIAO-PT_M2-frente-close.png,PALL-CIAO-PT_05-modelo-frente-close.png
modelos-preta,PALL-CIAO-PT_M3-costas-corpo.png,PALL-CIAO-PT_06-modelo-costas-corpo.png
modelos-preta,PALL-CIAO-PT_M4-frente-corpo.png,PALL-CIAO-PT_07-modelo-frente-corpo.png
mockups-finais,PALL-COTE-D-AZUR-AZ_01-costas.png,PALL-COTE-D-AZUR-AZ_01-costas.png
mockups-finais,PALL-COTE-D-AZUR-AZ_02-frente.png,PALL-COTE-D-AZUR-AZ_02-frente.png
mockups-finais,PALL-COTE-D-AZUR-AZ_03-inclinada.png,PALL-COTE-D-AZUR-AZ_03-close.png
modelos-azul-marinho,PALL-COTE-D-AZUR-AZ_M1-costas-close.png,PALL-COTE-D-AZUR-AZ_04-modelo-costas-close.png
modelos-azul-marinho,PALL-COTE-D-AZUR-AZ_M2-frente-close.png,PALL-COTE-D-AZUR-AZ_05-modelo-frente-close.png
modelos-azul-marinho,PALL-COTE-D-AZUR-AZ_M3-costas-corpo.png,PALL-COTE-D-AZUR-AZ_06-modelo-costas-corpo.png
modelos-azul-marinho,PALL-COTE-D-AZUR-AZ_M4-frente-corpo.png,PALL-COTE-D-AZUR-AZ_07-modelo-frente-corpo.png
mockups-finais,PALL-COTE-D-AZUR-BR_01-costas.png,PALL-COTE-D-AZUR-BR_01-costas.png
mockups-finais,PALL-COTE-D-AZUR-BR_02-frente.png,PALL-COTE-D-AZUR-BR_02-frente.png
mockups-finais,PALL-COTE-D-AZUR-BR_03-inclinada.png,PALL-COTE-D-AZUR-BR_03-close.png
modelos-branca,PALL-COTE-D-AZUR-BR_M1-costas-close.png,PALL-COTE-D-AZUR-BR_04-modelo-costas-close.png
modelos-branca,PALL-COTE-D-AZUR-BR_M2-frente-close.png,PALL-COTE-D-AZUR-BR_05-modelo-frente-close.png
modelos-branca,PALL-COTE-D-AZUR-BR_M3-costas-corpo.png,PALL-COTE-D-AZUR-BR_06-modelo-costas-corpo.png
modelos-branca,PALL-COTE-D-AZUR-BR_M4-frente-corpo.png,PALL-COTE-D-AZUR-BR_07-modelo-frente-corpo.png
mockups-finais,PALL-COTE-D-AZUR-OW_01-costas.png,PALL-COTE-D-AZUR-OW_01-costas.png
mockups-finais,PALL-COTE-D-AZUR-OW_02-frente.png,PALL-COTE-D-AZUR-OW_02-frente.png
mockups-finais,PALL-COTE-D-AZUR-OW_03-inclinada.png,PALL-COTE-D-AZUR-OW_03-close.png
modelos-off-white,PALL-COTE-D-AZUR-OW_M1-costas-close.png,PALL-COTE-D-AZUR-OW_04-modelo-costas-close.png
modelos-off-white,PALL-COTE-D-AZUR-OW_M2-frente-close.png,PALL-COTE-D-AZUR-OW_05-modelo-frente-close.png
modelos-off-white,PALL-COTE-D-AZUR-OW_M3-costas-corpo.png,PALL-COTE-D-AZUR-OW_06-modelo-costas-corpo.png
modelos-off-white,PALL-COTE-D-AZUR-OW_M4-frente-corpo.png,PALL-COTE-D-AZUR-OW_07-modelo-frente-corpo.png
mockups-finais,PALL-COTE-D-AZUR-PT_01-costas.png,PALL-COTE-D-AZUR-PT_01-costas.png
mockups-finais,PALL-COTE-D-AZUR-PT_02-frente.png,PALL-COTE-D-AZUR-PT_02-frente.png
mockups-finais,PALL-COTE-D-AZUR-PT_03-inclinada.png,PALL-COTE-D-AZUR-PT_03-close.png
modelos-preta,PALL-COTE-D-AZUR-PT_M1-costas-close.png,PALL-COTE-D-AZUR-PT_04-modelo-costas-close.png
modelos-preta,PALL-COTE-D-AZUR-PT_M2-frente-close.png,PALL-COTE-D-AZUR-PT_05-modelo-frente-close.png
modelos-preta,PALL-COTE-D-AZUR-PT_M3-costas-corpo.png,PALL-COTE-D-AZUR-PT_06-modelo-costas-corpo.png
modelos-preta,PALL-COTE-D-AZUR-PT_M4-frente-corpo.png,PALL-COTE-D-AZUR-PT_07-modelo-frente-corpo.png
mockups-finais,PALL-CRAZY-GIRLFRIEND-AZ_01-costas.png,PALL-CRAZY-GIRLFRIEND-AZ_01-costas.png
mockups-finais,PALL-CRAZY-GIRLFRIEND-AZ_03-inclinada.png,PALL-CRAZY-GIRLFRIEND-AZ_02-close.png
mockups-finais,PALL-CRAZY-GIRLFRIEND-AZ_02-frente.png,PALL-CRAZY-GIRLFRIEND-AZ_03-frente.png
modelos-azul-marinho,PALL-CRAZY-GIRLFRIEND-AZ_M1-costas-close.png,PALL-CRAZY-GIRLFRIEND-AZ_04-modelo-costas-close.png
modelos-azul-marinho,PALL-CRAZY-GIRLFRIEND-AZ_M2-frente-close.png,PALL-CRAZY-GIRLFRIEND-AZ_05-modelo-frente-close.png
modelos-azul-marinho,PALL-CRAZY-GIRLFRIEND-AZ_M3-costas-corpo.png,PALL-CRAZY-GIRLFRIEND-AZ_06-modelo-costas-corpo.png
modelos-azul-marinho,PALL-CRAZY-GIRLFRIEND-AZ_M4-frente-corpo.png,PALL-CRAZY-GIRLFRIEND-AZ_07-modelo-frente-corpo.png
mockups-finais,PALL-CRAZY-GIRLFRIEND-BR_01-costas.png,PALL-CRAZY-GIRLFRIEND-BR_01-costas.png
mockups-finais,PALL-CRAZY-GIRLFRIEND-BR_03-inclinada.png,PALL-CRAZY-GIRLFRIEND-BR_02-close.png
mockups-finais,PALL-CRAZY-GIRLFRIEND-BR_02-frente.png,PALL-CRAZY-GIRLFRIEND-BR_03-frente.png
modelos-branca,PALL-CRAZY-GIRLFRIEND-BR_M1-costas-close.png,PALL-CRAZY-GIRLFRIEND-BR_04-modelo-costas-close.png
modelos-branca,PALL-CRAZY-GIRLFRIEND-BR_M2-frente-close.png,PALL-CRAZY-GIRLFRIEND-BR_05-modelo-frente-close.png
modelos-branca,PALL-CRAZY-GIRLFRIEND-BR_M3-costas-corpo.png,PALL-CRAZY-GIRLFRIEND-BR_06-modelo-costas-corpo.png
modelos-branca,PALL-CRAZY-GIRLFRIEND-BR_M4-frente-corpo.png,PALL-CRAZY-GIRLFRIEND-BR_07-modelo-frente-corpo.png
mockups-finais,PALL-CRAZY-GIRLFRIEND-OW_01-costas.png,PALL-CRAZY-GIRLFRIEND-OW_01-costas.png
mockups-finais,PALL-CRAZY-GIRLFRIEND-OW_03-inclinada.png,PALL-CRAZY-GIRLFRIEND-OW_02-close.png
mockups-finais,PALL-CRAZY-GIRLFRIEND-OW_02-frente.png,PALL-CRAZY-GIRLFRIEND-OW_03-frente.png
modelos-off-white,PALL-CRAZY-GIRLFRIEND-OW_M1-costas-close.png,PALL-CRAZY-GIRLFRIEND-OW_04-modelo-costas-close.png
modelos-off-white,PALL-CRAZY-GIRLFRIEND-OW_M2-frente-close.png,PALL-CRAZY-GIRLFRIEND-OW_05-modelo-frente-close.png
modelos-off-white,PALL-CRAZY-GIRLFRIEND-OW_M3-costas-corpo.png,PALL-CRAZY-GIRLFRIEND-OW_06-modelo-costas-corpo.png
modelos-off-white,PALL-CRAZY-GIRLFRIEND-OW_M4-frente-corpo.png,PALL-CRAZY-GIRLFRIEND-OW_07-modelo-frente-corpo.png
mockups-finais,PALL-CRAZY-GIRLFRIEND-PT_01-costas.png,PALL-CRAZY-GIRLFRIEND-PT_01-costas.png
mockups-finais,PALL-CRAZY-GIRLFRIEND-PT_03-inclinada.png,PALL-CRAZY-GIRLFRIEND-PT_02-close.png
mockups-finais,PALL-CRAZY-GIRLFRIEND-PT_02-frente.png,PALL-CRAZY-GIRLFRIEND-PT_03-frente.png
modelos-preta,PALL-CRAZY-GIRLFRIEND-PT_M1-costas-close.png,PALL-CRAZY-GIRLFRIEND-PT_04-modelo-costas-close.png
modelos-preta,PALL-CRAZY-GIRLFRIEND-PT_M2-frente-close.png,PALL-CRAZY-GIRLFRIEND-PT_05-modelo-frente-close.png
modelos-preta,PALL-CRAZY-GIRLFRIEND-PT_M3-costas-corpo.png,PALL-CRAZY-GIRLFRIEND-PT_06-modelo-costas-corpo.png
modelos-preta,PALL-CRAZY-GIRLFRIEND-PT_M4-frente-corpo.png,PALL-CRAZY-GIRLFRIEND-PT_07-modelo-frente-corpo.png
mockups-finais,PALL-DATE-BR_01-costas.png,PALL-DATE-BR_01-costas.png
mockups-finais,PALL-DATE-BR_03-inclinada.png,PALL-DATE-BR_02-close.png
mockups-finais,PALL-DATE-BR_02-frente.png,PALL-DATE-BR_03-frente.png
modelos-branca,PALL-DATE-BR_M1-costas-close.png,PALL-DATE-BR_04-modelo-costas-close.png
modelos-branca,PALL-DATE-BR_M2-frente-close.png,PALL-DATE-BR_05-modelo-frente-close.png
modelos-branca,PALL-DATE-BR_M3-costas-corpo.png,PALL-DATE-BR_06-modelo-costas-corpo.png
modelos-branca,PALL-DATE-BR_M4-frente-corpo.png,PALL-DATE-BR_07-modelo-frente-corpo.png
mockups-finais,PALL-DATE-OW_01-costas.png,PALL-DATE-OW_01-costas.png
mockups-finais,PALL-DATE-OW_03-inclinada.png,PALL-DATE-OW_02-close.png
mockups-finais,PALL-DATE-OW_02-frente.png,PALL-DATE-OW_03-frente.png
modelos-off-white,PALL-DATE-OW_M1-costas-close.png,PALL-DATE-OW_04-modelo-costas-close.png
modelos-off-white,PALL-DATE-OW_M2-frente-close.png,PALL-DATE-OW_05-modelo-frente-close.png
modelos-off-white,PALL-DATE-OW_M3-costas-corpo.png,PALL-DATE-OW_06-modelo-costas-corpo.png
modelos-off-white,PALL-DATE-OW_M4-frente-corpo.png,PALL-DATE-OW_07-modelo-frente-corpo.png
mockups-finais,PALL-DATE-PT_01-costas.png,PALL-DATE-PT_01-costas.png
mockups-finais,PALL-DATE-PT_03-inclinada.png,PALL-DATE-PT_02-close.png
mockups-finais,PALL-DATE-PT_02-frente.png,PALL-DATE-PT_03-frente.png
modelos-preta,PALL-DATE-PT_M1-costas-close.png,PALL-DATE-PT_04-modelo-costas-close.png
modelos-preta,PALL-DATE-PT_M2-frente-close.png,PALL-DATE-PT_05-modelo-frente-close.png
modelos-preta,PALL-DATE-PT_M3-costas-corpo.png,PALL-DATE-PT_06-modelo-costas-corpo.png
modelos-preta,PALL-DATE-PT_M4-frente-corpo.png,PALL-DATE-PT_07-modelo-frente-corpo.png
mockups-finais,PALL-DELUSIONAL-BR_01-costas.png,PALL-DELUSIONAL-BR_01-costas.png
mockups-finais,PALL-DELUSIONAL-BR_03-inclinada.png,PALL-DELUSIONAL-BR_02-close.png
mockups-finais,PALL-DELUSIONAL-BR_02-frente.png,PALL-DELUSIONAL-BR_03-frente.png
modelos-branca,PALL-DELUSIONAL-BR_M1-costas-close.png,PALL-DELUSIONAL-BR_04-modelo-costas-close.png
modelos-branca,PALL-DELUSIONAL-BR_M2-frente-close.png,PALL-DELUSIONAL-BR_05-modelo-frente-close.png
modelos-branca,PALL-DELUSIONAL-BR_M3-costas-corpo.png,PALL-DELUSIONAL-BR_06-modelo-costas-corpo.png
modelos-branca,PALL-DELUSIONAL-BR_M4-frente-corpo.png,PALL-DELUSIONAL-BR_07-modelo-frente-corpo.png
mockups-finais,PALL-DELUSIONAL-OW_01-costas.png,PALL-DELUSIONAL-OW_01-costas.png
mockups-finais,PALL-DELUSIONAL-OW_03-inclinada.png,PALL-DELUSIONAL-OW_02-close.png
mockups-finais,PALL-DELUSIONAL-OW_02-frente.png,PALL-DELUSIONAL-OW_03-frente.png
modelos-off-white,PALL-DELUSIONAL-OW_M1-costas-close.png,PALL-DELUSIONAL-OW_04-modelo-costas-close.png
modelos-off-white,PALL-DELUSIONAL-OW_M2-frente-close.png,PALL-DELUSIONAL-OW_05-modelo-frente-close.png
modelos-off-white,PALL-DELUSIONAL-OW_M3-costas-corpo.png,PALL-DELUSIONAL-OW_06-modelo-costas-corpo.png
modelos-off-white,PALL-DELUSIONAL-OW_M4-frente-corpo.png,PALL-DELUSIONAL-OW_07-modelo-frente-corpo.png
mockups-finais,PALL-DELUSIONAL-PT_01-costas.png,PALL-DELUSIONAL-PT_01-costas.png
mockups-finais,PALL-DELUSIONAL-PT_03-inclinada.png,PALL-DELUSIONAL-PT_02-close.png
mockups-finais,PALL-DELUSIONAL-PT_02-frente.png,PALL-DELUSIONAL-PT_03-frente.png
modelos-preta,PALL-DELUSIONAL-PT_M1-costas-close.png,PALL-DELUSIONAL-PT_04-modelo-costas-close.png
modelos-preta,PALL-DELUSIONAL-PT_M2-frente-close.png,PALL-DELUSIONAL-PT_05-modelo-frente-close.png
modelos-preta,PALL-DELUSIONAL-PT_M3-costas-corpo.png,PALL-DELUSIONAL-PT_06-modelo-costas-corpo.png
modelos-preta,PALL-DELUSIONAL-PT_M4-frente-corpo.png,PALL-DELUSIONAL-PT_07-modelo-frente-corpo.png
mockups-finais,PALL-DJ-BOOTH-AZ_01-costas.png,PALL-DJ-BOOTH-AZ_01-costas.png
mockups-finais,PALL-DJ-BOOTH-AZ_03-inclinada.png,PALL-DJ-BOOTH-AZ_02-close.png
mockups-finais,PALL-DJ-BOOTH-AZ_02-frente.png,PALL-DJ-BOOTH-AZ_03-frente.png
modelos-azul-marinho,PALL-DJ-BOOTH-AZ_M1-costas-close.png,PALL-DJ-BOOTH-AZ_04-modelo-costas-close.png
modelos-azul-marinho,PALL-DJ-BOOTH-AZ_M2-frente-close.png,PALL-DJ-BOOTH-AZ_05-modelo-frente-close.png
modelos-azul-marinho,PALL-DJ-BOOTH-AZ_M3-costas-corpo.png,PALL-DJ-BOOTH-AZ_06-modelo-costas-corpo.png
modelos-azul-marinho,PALL-DJ-BOOTH-AZ_M4-frente-corpo.png,PALL-DJ-BOOTH-AZ_07-modelo-frente-corpo.png
mockups-finais,PALL-DJ-BOOTH-BR_01-costas.png,PALL-DJ-BOOTH-BR_01-costas.png
mockups-finais,PALL-DJ-BOOTH-BR_03-inclinada.png,PALL-DJ-BOOTH-BR_02-close.png
mockups-finais,PALL-DJ-BOOTH-BR_02-frente.png,PALL-DJ-BOOTH-BR_03-frente.png
modelos-branca,PALL-DJ-BOOTH-BR_M1-costas-close.png,PALL-DJ-BOOTH-BR_04-modelo-costas-close.png
modelos-branca,PALL-DJ-BOOTH-BR_M2-frente-close.png,PALL-DJ-BOOTH-BR_05-modelo-frente-close.png
modelos-branca,PALL-DJ-BOOTH-BR_M3-costas-corpo.png,PALL-DJ-BOOTH-BR_06-modelo-costas-corpo.png
modelos-branca,PALL-DJ-BOOTH-BR_M4-frente-corpo.png,PALL-DJ-BOOTH-BR_07-modelo-frente-corpo.png
mockups-finais,PALL-DJ-BOOTH-OW_01-costas.png,PALL-DJ-BOOTH-OW_01-costas.png
mockups-finais,PALL-DJ-BOOTH-OW_03-inclinada.png,PALL-DJ-BOOTH-OW_02-close.png
mockups-finais,PALL-DJ-BOOTH-OW_02-frente.png,PALL-DJ-BOOTH-OW_03-frente.png
modelos-off-white,PALL-DJ-BOOTH-OW_M1-costas-close.png,PALL-DJ-BOOTH-OW_04-modelo-costas-close.png
modelos-off-white,PALL-DJ-BOOTH-OW_M2-frente-close.png,PALL-DJ-BOOTH-OW_05-modelo-frente-close.png
modelos-off-white,PALL-DJ-BOOTH-OW_M3-costas-corpo.png,PALL-DJ-BOOTH-OW_06-modelo-costas-corpo.png
modelos-off-white,PALL-DJ-BOOTH-OW_M4-frente-corpo.png,PALL-DJ-BOOTH-OW_07-modelo-frente-corpo.png
mockups-finais,PALL-DJ-BOOTH-PT_01-costas.png,PALL-DJ-BOOTH-PT_01-costas.png
mockups-finais,PALL-DJ-BOOTH-PT_03-inclinada.png,PALL-DJ-BOOTH-PT_02-close.png
mockups-finais,PALL-DJ-BOOTH-PT_02-frente.png,PALL-DJ-BOOTH-PT_03-frente.png
modelos-preta,PALL-DJ-BOOTH-PT_M1-costas-close.png,PALL-DJ-BOOTH-PT_04-modelo-costas-close.png
modelos-preta,PALL-DJ-BOOTH-PT_M2-frente-close.png,PALL-DJ-BOOTH-PT_05-modelo-frente-close.png
modelos-preta,PALL-DJ-BOOTH-PT_M3-costas-corpo.png,PALL-DJ-BOOTH-PT_06-modelo-costas-corpo.png
modelos-preta,PALL-DJ-BOOTH-PT_M4-frente-corpo.png,PALL-DJ-BOOTH-PT_07-modelo-frente-corpo.png
mockups-finais,PALL-DJ-BOOTH-PT-VM_01-costas.png,PALL-DJ-BOOTH-PT-VM_01-costas.png
mockups-finais,PALL-DJ-BOOTH-PT-VM_03-inclinada.png,PALL-DJ-BOOTH-PT-VM_02-close.png
mockups-finais,PALL-DJ-BOOTH-PT-VM_02-frente.png,PALL-DJ-BOOTH-PT-VM_03-frente.png
mockups-finais,PALL-DOLCE-AZ_01-costas.png,PALL-DOLCE-AZ_01-costas.png
mockups-finais,PALL-DOLCE-AZ_03-inclinada.png,PALL-DOLCE-AZ_02-close.png
mockups-finais,PALL-DOLCE-AZ_02-frente.png,PALL-DOLCE-AZ_03-frente.png
modelos-azul-marinho,PALL-DOLCE-AZ_M1-costas-close.png,PALL-DOLCE-AZ_04-modelo-costas-close.png
modelos-azul-marinho,PALL-DOLCE-AZ_M2-frente-close.png,PALL-DOLCE-AZ_05-modelo-frente-close.png
modelos-azul-marinho,PALL-DOLCE-AZ_M3-costas-corpo.png,PALL-DOLCE-AZ_06-modelo-costas-corpo.png
modelos-azul-marinho,PALL-DOLCE-AZ_M4-frente-corpo.png,PALL-DOLCE-AZ_07-modelo-frente-corpo.png
mockups-finais,PALL-DOLCE-BR_01-costas.png,PALL-DOLCE-BR_01-costas.png
mockups-finais,PALL-DOLCE-BR_03-inclinada.png,PALL-DOLCE-BR_02-close.png
mockups-finais,PALL-DOLCE-BR_02-frente.png,PALL-DOLCE-BR_03-frente.png
modelos-branca,PALL-DOLCE-BR_M1-costas-close.png,PALL-DOLCE-BR_04-modelo-costas-close.png
modelos-branca,PALL-DOLCE-BR_M2-frente-close.png,PALL-DOLCE-BR_05-modelo-frente-close.png
modelos-branca,PALL-DOLCE-BR_M3-costas-corpo.png,PALL-DOLCE-BR_06-modelo-costas-corpo.png
modelos-branca,PALL-DOLCE-BR_M4-frente-corpo.png,PALL-DOLCE-BR_07-modelo-frente-corpo.png
mockups-finais,PALL-DOLCE-OW_01-costas.png,PALL-DOLCE-OW_01-costas.png
mockups-finais,PALL-DOLCE-OW_03-inclinada.png,PALL-DOLCE-OW_02-close.png
mockups-finais,PALL-DOLCE-OW_02-frente.png,PALL-DOLCE-OW_03-frente.png
modelos-off-white,PALL-DOLCE-OW_M1-costas-close.png,PALL-DOLCE-OW_04-modelo-costas-close.png
modelos-off-white,PALL-DOLCE-OW_M2-frente-close.png,PALL-DOLCE-OW_05-modelo-frente-close.png
modelos-off-white,PALL-DOLCE-OW_M3-costas-corpo.png,PALL-DOLCE-OW_06-modelo-costas-corpo.png
modelos-off-white,PALL-DOLCE-OW_M4-frente-corpo.png,PALL-DOLCE-OW_07-modelo-frente-corpo.png
mockups-finais,PALL-DOLCE-PT_01-costas.png,PALL-DOLCE-PT_01-costas.png
mockups-finais,PALL-DOLCE-PT_03-inclinada.png,PALL-DOLCE-PT_02-close.png
mockups-finais,PALL-DOLCE-PT_02-frente.png,PALL-DOLCE-PT_03-frente.png
modelos-preta,PALL-DOLCE-PT_M1-costas-close.png,PALL-DOLCE-PT_04-modelo-costas-close.png
modelos-preta,PALL-DOLCE-PT_M2-frente-close.png,PALL-DOLCE-PT_05-modelo-frente-close.png
modelos-preta,PALL-DOLCE-PT_M3-costas-corpo.png,PALL-DOLCE-PT_06-modelo-costas-corpo.png
modelos-preta,PALL-DOLCE-PT_M4-frente-corpo.png,PALL-DOLCE-PT_07-modelo-frente-corpo.png
mockups-finais,PALL-DOMPE-AZ_01-costas.png,PALL-DOMPE-AZ_01-costas.png
mockups-finais,PALL-DOMPE-AZ_03-inclinada.png,PALL-DOMPE-AZ_02-close.png
mockups-finais,PALL-DOMPE-AZ_02-frente.png,PALL-DOMPE-AZ_03-frente.png
modelos-azul-marinho,PALL-DOMPE-AZ_M1-costas-close.png,PALL-DOMPE-AZ_04-modelo-costas-close.png
modelos-azul-marinho,PALL-DOMPE-AZ_M2-frente-close.png,PALL-DOMPE-AZ_05-modelo-frente-close.png
modelos-azul-marinho,PALL-DOMPE-AZ_M3-costas-corpo.png,PALL-DOMPE-AZ_06-modelo-costas-corpo.png
modelos-azul-marinho,PALL-DOMPE-AZ_M4-frente-corpo.png,PALL-DOMPE-AZ_07-modelo-frente-corpo.png
mockups-finais,PALL-DOMPE-BR_01-costas.png,PALL-DOMPE-BR_01-costas.png
mockups-finais,PALL-DOMPE-BR_03-inclinada.png,PALL-DOMPE-BR_02-close.png
mockups-finais,PALL-DOMPE-BR_02-frente.png,PALL-DOMPE-BR_03-frente.png
modelos-branca,PALL-DOMPE-BR_M1-costas-close.png,PALL-DOMPE-BR_04-modelo-costas-close.png
modelos-branca,PALL-DOMPE-BR_M2-frente-close.png,PALL-DOMPE-BR_05-modelo-frente-close.png
modelos-branca,PALL-DOMPE-BR_M3-costas-corpo.png,PALL-DOMPE-BR_06-modelo-costas-corpo.png
modelos-branca,PALL-DOMPE-BR_M4-frente-corpo.png,PALL-DOMPE-BR_07-modelo-frente-corpo.png
mockups-finais,PALL-DOMPE-OW_01-costas.png,PALL-DOMPE-OW_01-costas.png
mockups-finais,PALL-DOMPE-OW_03-inclinada.png,PALL-DOMPE-OW_02-close.png
mockups-finais,PALL-DOMPE-OW_02-frente.png,PALL-DOMPE-OW_03-frente.png
modelos-off-white,PALL-DOMPE-OW_M1-costas-close.png,PALL-DOMPE-OW_04-modelo-costas-close.png
modelos-off-white,PALL-DOMPE-OW_M2-frente-close.png,PALL-DOMPE-OW_05-modelo-frente-close.png
modelos-off-white,PALL-DOMPE-OW_M3-costas-corpo.png,PALL-DOMPE-OW_06-modelo-costas-corpo.png
modelos-off-white,PALL-DOMPE-OW_M4-frente-corpo.png,PALL-DOMPE-OW_07-modelo-frente-corpo.png
mockups-finais,PALL-DOMPE-PT_01-costas.png,PALL-DOMPE-PT_01-costas.png
mockups-finais,PALL-DOMPE-PT_03-inclinada.png,PALL-DOMPE-PT_02-close.png
mockups-finais,PALL-DOMPE-PT_02-frente.png,PALL-DOMPE-PT_03-frente.png
modelos-preta,PALL-DOMPE-PT_M1-costas-close.png,PALL-DOMPE-PT_04-modelo-costas-close.png
modelos-preta,PALL-DOMPE-PT_M2-frente-close.png,PALL-DOMPE-PT_05-modelo-frente-close.png
modelos-preta,PALL-DOMPE-PT_M3-costas-corpo.png,PALL-DOMPE-PT_06-modelo-costas-corpo.png
modelos-preta,PALL-DOMPE-PT_M4-frente-corpo.png,PALL-DOMPE-PT_07-modelo-frente-corpo.png
mockups-finais,PALL-DON-PALLACIO-AZ_01-costas.png,PALL-DON-PALLACIO-AZ_01-costas.png
mockups-finais,PALL-DON-PALLACIO-AZ_02-frente.png,PALL-DON-PALLACIO-AZ_02-frente.png
mockups-finais,PALL-DON-PALLACIO-AZ_03-inclinada.png,PALL-DON-PALLACIO-AZ_03-close.png
modelos-azul-marinho,PALL-DON-PALLACIO-AZ_M1-costas-close.png,PALL-DON-PALLACIO-AZ_04-modelo-costas-close.png
modelos-azul-marinho,PALL-DON-PALLACIO-AZ_M2-frente-close.png,PALL-DON-PALLACIO-AZ_05-modelo-frente-close.png
modelos-azul-marinho,PALL-DON-PALLACIO-AZ_M3-costas-corpo.png,PALL-DON-PALLACIO-AZ_06-modelo-costas-corpo.png
modelos-azul-marinho,PALL-DON-PALLACIO-AZ_M4-frente-corpo.png,PALL-DON-PALLACIO-AZ_07-modelo-frente-corpo.png
mockups-finais,PALL-DON-PALLACIO-BR_01-costas.png,PALL-DON-PALLACIO-BR_01-costas.png
mockups-finais,PALL-DON-PALLACIO-BR_02-frente.png,PALL-DON-PALLACIO-BR_02-frente.png
mockups-finais,PALL-DON-PALLACIO-BR_03-inclinada.png,PALL-DON-PALLACIO-BR_03-close.png
modelos-branca,PALL-DON-PALLACIO-BR_M1-costas-close.png,PALL-DON-PALLACIO-BR_04-modelo-costas-close.png
modelos-branca,PALL-DON-PALLACIO-BR_M2-frente-close.png,PALL-DON-PALLACIO-BR_05-modelo-frente-close.png
modelos-branca,PALL-DON-PALLACIO-BR_M3-costas-corpo.png,PALL-DON-PALLACIO-BR_06-modelo-costas-corpo.png
modelos-branca,PALL-DON-PALLACIO-BR_M4-frente-corpo.png,PALL-DON-PALLACIO-BR_07-modelo-frente-corpo.png
mockups-finais,PALL-DON-PALLACIO-OW_01-costas.png,PALL-DON-PALLACIO-OW_01-costas.png
mockups-finais,PALL-DON-PALLACIO-OW_02-frente.png,PALL-DON-PALLACIO-OW_02-frente.png
mockups-finais,PALL-DON-PALLACIO-OW_03-inclinada.png,PALL-DON-PALLACIO-OW_03-close.png
modelos-off-white,PALL-DON-PALLACIO-OW_M1-costas-close.png,PALL-DON-PALLACIO-OW_04-modelo-costas-close.png
modelos-off-white,PALL-DON-PALLACIO-OW_M2-frente-close.png,PALL-DON-PALLACIO-OW_05-modelo-frente-close.png
modelos-off-white,PALL-DON-PALLACIO-OW_M3-costas-corpo.png,PALL-DON-PALLACIO-OW_06-modelo-costas-corpo.png
modelos-off-white,PALL-DON-PALLACIO-OW_M4-frente-corpo.png,PALL-DON-PALLACIO-OW_07-modelo-frente-corpo.png
mockups-finais,PALL-DON-PALLACIO-PT_01-costas.png,PALL-DON-PALLACIO-PT_01-costas.png
mockups-finais,PALL-DON-PALLACIO-PT_02-frente.png,PALL-DON-PALLACIO-PT_02-frente.png
mockups-finais,PALL-DON-PALLACIO-PT_03-inclinada.png,PALL-DON-PALLACIO-PT_03-close.png
modelos-preta,PALL-DON-PALLACIO-PT_M1-costas-close.png,PALL-DON-PALLACIO-PT_04-modelo-costas-close.png
modelos-preta,PALL-DON-PALLACIO-PT_M2-frente-close.png,PALL-DON-PALLACIO-PT_05-modelo-frente-close.png
modelos-preta,PALL-DON-PALLACIO-PT_M3-costas-corpo.png,PALL-DON-PALLACIO-PT_06-modelo-costas-corpo.png
modelos-preta,PALL-DON-PALLACIO-PT_M4-frente-corpo.png,PALL-DON-PALLACIO-PT_07-modelo-frente-corpo.png
mockups-finais,PALL-DONT-SLEEP-AZ_01-costas.png,PALL-DONT-SLEEP-AZ_01-costas.png
mockups-finais,PALL-DONT-SLEEP-AZ_03-inclinada.png,PALL-DONT-SLEEP-AZ_02-close.png
mockups-finais,PALL-DONT-SLEEP-AZ_02-frente.png,PALL-DONT-SLEEP-AZ_03-frente.png
modelos-azul-marinho,PALL-DONT-SLEEP-AZ_M1-costas-close.png,PALL-DONT-SLEEP-AZ_04-modelo-costas-close.png
modelos-azul-marinho,PALL-DONT-SLEEP-AZ_M2-frente-close.png,PALL-DONT-SLEEP-AZ_05-modelo-frente-close.png
modelos-azul-marinho,PALL-DONT-SLEEP-AZ_M3-costas-corpo.png,PALL-DONT-SLEEP-AZ_06-modelo-costas-corpo.png
modelos-azul-marinho,PALL-DONT-SLEEP-AZ_M4-frente-corpo.png,PALL-DONT-SLEEP-AZ_07-modelo-frente-corpo.png
mockups-finais,PALL-DONT-SLEEP-BR_01-costas.png,PALL-DONT-SLEEP-BR_01-costas.png
mockups-finais,PALL-DONT-SLEEP-BR_03-inclinada.png,PALL-DONT-SLEEP-BR_02-close.png
mockups-finais,PALL-DONT-SLEEP-BR_02-frente.png,PALL-DONT-SLEEP-BR_03-frente.png
modelos-branca,PALL-DONT-SLEEP-BR_M1-costas-close.png,PALL-DONT-SLEEP-BR_04-modelo-costas-close.png
modelos-branca,PALL-DONT-SLEEP-BR_M2-frente-close.png,PALL-DONT-SLEEP-BR_05-modelo-frente-close.png
modelos-branca,PALL-DONT-SLEEP-BR_M3-costas-corpo.png,PALL-DONT-SLEEP-BR_06-modelo-costas-corpo.png
modelos-branca,PALL-DONT-SLEEP-BR_M4-frente-corpo.png,PALL-DONT-SLEEP-BR_07-modelo-frente-corpo.png
mockups-finais,PALL-DONT-SLEEP-OW_01-costas.png,PALL-DONT-SLEEP-OW_01-costas.png
mockups-finais,PALL-DONT-SLEEP-OW_03-inclinada.png,PALL-DONT-SLEEP-OW_02-close.png
mockups-finais,PALL-DONT-SLEEP-OW_02-frente.png,PALL-DONT-SLEEP-OW_03-frente.png
modelos-off-white,PALL-DONT-SLEEP-OW_M1-costas-close.png,PALL-DONT-SLEEP-OW_04-modelo-costas-close.png
modelos-off-white,PALL-DONT-SLEEP-OW_M2-frente-close.png,PALL-DONT-SLEEP-OW_05-modelo-frente-close.png
modelos-off-white,PALL-DONT-SLEEP-OW_M3-costas-corpo.png,PALL-DONT-SLEEP-OW_06-modelo-costas-corpo.png
modelos-off-white,PALL-DONT-SLEEP-OW_M4-frente-corpo.png,PALL-DONT-SLEEP-OW_07-modelo-frente-corpo.png
mockups-finais,PALL-DONT-SLEEP-PT_01-costas.png,PALL-DONT-SLEEP-PT_01-costas.png
mockups-finais,PALL-DONT-SLEEP-PT_03-inclinada.png,PALL-DONT-SLEEP-PT_02-close.png
mockups-finais,PALL-DONT-SLEEP-PT_02-frente.png,PALL-DONT-SLEEP-PT_03-frente.png
modelos-preta,PALL-DONT-SLEEP-PT_M1-costas-close.png,PALL-DONT-SLEEP-PT_04-modelo-costas-close.png
modelos-preta,PALL-DONT-SLEEP-PT_M2-frente-close.png,PALL-DONT-SLEEP-PT_05-modelo-frente-close.png
modelos-preta,PALL-DONT-SLEEP-PT_M3-costas-corpo.png,PALL-DONT-SLEEP-PT_06-modelo-costas-corpo.png
modelos-preta,PALL-DONT-SLEEP-PT_M4-frente-corpo.png,PALL-DONT-SLEEP-PT_07-modelo-frente-corpo.png
mockups-finais,PALL-DRIVERS-AZ_01-costas.png,PALL-DRIVERS-AZ_01-costas.png
mockups-finais,PALL-DRIVERS-AZ_02-frente.png,PALL-DRIVERS-AZ_02-frente.png
mockups-finais,PALL-DRIVERS-AZ_03-inclinada.png,PALL-DRIVERS-AZ_03-close.png
modelos-azul-marinho,PALL-DRIVERS-AZ_M1-costas-close.png,PALL-DRIVERS-AZ_04-modelo-costas-close.png
modelos-azul-marinho,PALL-DRIVERS-AZ_M2-frente-close.png,PALL-DRIVERS-AZ_05-modelo-frente-close.png
modelos-azul-marinho,PALL-DRIVERS-AZ_M3-costas-corpo.png,PALL-DRIVERS-AZ_06-modelo-costas-corpo.png
modelos-azul-marinho,PALL-DRIVERS-AZ_M4-frente-corpo.png,PALL-DRIVERS-AZ_07-modelo-frente-corpo.png
mockups-finais,PALL-DRIVERS-BR_01-costas.png,PALL-DRIVERS-BR_01-costas.png
mockups-finais,PALL-DRIVERS-BR_02-frente.png,PALL-DRIVERS-BR_02-frente.png
mockups-finais,PALL-DRIVERS-BR_03-inclinada.png,PALL-DRIVERS-BR_03-close.png
modelos-branca,PALL-DRIVERS-BR_M1-costas-close.png,PALL-DRIVERS-BR_04-modelo-costas-close.png
modelos-branca,PALL-DRIVERS-BR_M2-frente-close.png,PALL-DRIVERS-BR_05-modelo-frente-close.png
modelos-branca,PALL-DRIVERS-BR_M3-costas-corpo.png,PALL-DRIVERS-BR_06-modelo-costas-corpo.png
modelos-branca,PALL-DRIVERS-BR_M4-frente-corpo.png,PALL-DRIVERS-BR_07-modelo-frente-corpo.png
mockups-finais,PALL-DRIVERS-OW_01-costas.png,PALL-DRIVERS-OW_01-costas.png
mockups-finais,PALL-DRIVERS-OW_02-frente.png,PALL-DRIVERS-OW_02-frente.png
mockups-finais,PALL-DRIVERS-OW_03-inclinada.png,PALL-DRIVERS-OW_03-close.png
modelos-off-white,PALL-DRIVERS-OW_M1-costas-close.png,PALL-DRIVERS-OW_04-modelo-costas-close.png
modelos-off-white,PALL-DRIVERS-OW_M2-frente-close.png,PALL-DRIVERS-OW_05-modelo-frente-close.png
modelos-off-white,PALL-DRIVERS-OW_M3-costas-corpo.png,PALL-DRIVERS-OW_06-modelo-costas-corpo.png
modelos-off-white,PALL-DRIVERS-OW_M4-frente-corpo.png,PALL-DRIVERS-OW_07-modelo-frente-corpo.png
mockups-finais,PALL-DRIVERS-PT_01-costas.png,PALL-DRIVERS-PT_01-costas.png
mockups-finais,PALL-DRIVERS-PT_02-frente.png,PALL-DRIVERS-PT_02-frente.png
mockups-finais,PALL-DRIVERS-PT_03-inclinada.png,PALL-DRIVERS-PT_03-close.png
modelos-preta,PALL-DRIVERS-PT_M1-costas-close.png,PALL-DRIVERS-PT_04-modelo-costas-close.png
modelos-preta,PALL-DRIVERS-PT_M2-frente-close.png,PALL-DRIVERS-PT_05-modelo-frente-close.png
modelos-preta,PALL-DRIVERS-PT_M3-costas-corpo.png,PALL-DRIVERS-PT_06-modelo-costas-corpo.png
modelos-preta,PALL-DRIVERS-PT_M4-frente-corpo.png,PALL-DRIVERS-PT_07-modelo-frente-corpo.png
mockups-finais,PALL-DRUNK-BR_01-costas.png,PALL-DRUNK-BR_01-costas.png
mockups-finais,PALL-DRUNK-BR_03-inclinada.png,PALL-DRUNK-BR_02-close.png
mockups-finais,PALL-DRUNK-BR_02-frente.png,PALL-DRUNK-BR_03-frente.png
modelos-branca,PALL-DRUNK-BR_M1-costas-close.png,PALL-DRUNK-BR_04-modelo-costas-close.png
modelos-branca,PALL-DRUNK-BR_M2-frente-close.png,PALL-DRUNK-BR_05-modelo-frente-close.png
modelos-branca,PALL-DRUNK-BR_M3-costas-corpo.png,PALL-DRUNK-BR_06-modelo-costas-corpo.png
modelos-branca,PALL-DRUNK-BR_M4-frente-corpo.png,PALL-DRUNK-BR_07-modelo-frente-corpo.png
mockups-finais,PALL-DRUNK-OW_01-costas.png,PALL-DRUNK-OW_01-costas.png
mockups-finais,PALL-DRUNK-OW_03-inclinada.png,PALL-DRUNK-OW_02-close.png
mockups-finais,PALL-DRUNK-OW_02-frente.png,PALL-DRUNK-OW_03-frente.png
modelos-off-white,PALL-DRUNK-OW_M1-costas-close.png,PALL-DRUNK-OW_04-modelo-costas-close.png
modelos-off-white,PALL-DRUNK-OW_M2-frente-close.png,PALL-DRUNK-OW_05-modelo-frente-close.png
modelos-off-white,PALL-DRUNK-OW_M3-costas-corpo.png,PALL-DRUNK-OW_06-modelo-costas-corpo.png
modelos-off-white,PALL-DRUNK-OW_M4-frente-corpo.png,PALL-DRUNK-OW_07-modelo-frente-corpo.png
mockups-finais,PALL-DRUNK-PT_01-costas.png,PALL-DRUNK-PT_01-costas.png
mockups-finais,PALL-DRUNK-PT_03-inclinada.png,PALL-DRUNK-PT_02-close.png
mockups-finais,PALL-DRUNK-PT_02-frente.png,PALL-DRUNK-PT_03-frente.png
modelos-preta,PALL-DRUNK-PT_M1-costas-close.png,PALL-DRUNK-PT_04-modelo-costas-close.png
modelos-preta,PALL-DRUNK-PT_M2-frente-close.png,PALL-DRUNK-PT_05-modelo-frente-close.png
modelos-preta,PALL-DRUNK-PT_M3-costas-corpo.png,PALL-DRUNK-PT_06-modelo-costas-corpo.png
modelos-preta,PALL-DRUNK-PT_M4-frente-corpo.png,PALL-DRUNK-PT_07-modelo-frente-corpo.png
mockups-finais,PALL-EAT-RIGHT-AZ_01-costas.png,PALL-EAT-RIGHT-AZ_01-costas.png
mockups-finais,PALL-EAT-RIGHT-AZ_03-inclinada.png,PALL-EAT-RIGHT-AZ_02-close.png
mockups-finais,PALL-EAT-RIGHT-AZ_02-frente.png,PALL-EAT-RIGHT-AZ_03-frente.png
modelos-azul-marinho,PALL-EAT-RIGHT-AZ_M1-costas-close.png,PALL-EAT-RIGHT-AZ_04-modelo-costas-close.png
modelos-azul-marinho,PALL-EAT-RIGHT-AZ_M2-frente-close.png,PALL-EAT-RIGHT-AZ_05-modelo-frente-close.png
modelos-azul-marinho,PALL-EAT-RIGHT-AZ_M3-costas-corpo.png,PALL-EAT-RIGHT-AZ_06-modelo-costas-corpo.png
modelos-azul-marinho,PALL-EAT-RIGHT-AZ_M4-frente-corpo.png,PALL-EAT-RIGHT-AZ_07-modelo-frente-corpo.png
mockups-finais,PALL-EAT-RIGHT-BR_01-costas.png,PALL-EAT-RIGHT-BR_01-costas.png
mockups-finais,PALL-EAT-RIGHT-BR_03-inclinada.png,PALL-EAT-RIGHT-BR_02-close.png
mockups-finais,PALL-EAT-RIGHT-BR_02-frente.png,PALL-EAT-RIGHT-BR_03-frente.png
modelos-branca,PALL-EAT-RIGHT-BR_M1-costas-close.png,PALL-EAT-RIGHT-BR_04-modelo-costas-close.png
modelos-branca,PALL-EAT-RIGHT-BR_M2-frente-close.png,PALL-EAT-RIGHT-BR_05-modelo-frente-close.png
modelos-branca,PALL-EAT-RIGHT-BR_M3-costas-corpo.png,PALL-EAT-RIGHT-BR_06-modelo-costas-corpo.png
modelos-branca,PALL-EAT-RIGHT-BR_M4-frente-corpo.png,PALL-EAT-RIGHT-BR_07-modelo-frente-corpo.png
mockups-finais,PALL-EAT-RIGHT-OW_01-costas.png,PALL-EAT-RIGHT-OW_01-costas.png
mockups-finais,PALL-EAT-RIGHT-OW_03-inclinada.png,PALL-EAT-RIGHT-OW_02-close.png
mockups-finais,PALL-EAT-RIGHT-OW_02-frente.png,PALL-EAT-RIGHT-OW_03-frente.png
modelos-off-white,PALL-EAT-RIGHT-OW_M1-costas-close.png,PALL-EAT-RIGHT-OW_04-modelo-costas-close.png
modelos-off-white,PALL-EAT-RIGHT-OW_M2-frente-close.png,PALL-EAT-RIGHT-OW_05-modelo-frente-close.png
modelos-off-white,PALL-EAT-RIGHT-OW_M3-costas-corpo.png,PALL-EAT-RIGHT-OW_06-modelo-costas-corpo.png
modelos-off-white,PALL-EAT-RIGHT-OW_M4-frente-corpo.png,PALL-EAT-RIGHT-OW_07-modelo-frente-corpo.png
mockups-finais,PALL-EAT-RIGHT-PT_01-costas.png,PALL-EAT-RIGHT-PT_01-costas.png
mockups-finais,PALL-EAT-RIGHT-PT_03-inclinada.png,PALL-EAT-RIGHT-PT_02-close.png
mockups-finais,PALL-EAT-RIGHT-PT_02-frente.png,PALL-EAT-RIGHT-PT_03-frente.png
modelos-preta,PALL-EAT-RIGHT-PT_M1-costas-close.png,PALL-EAT-RIGHT-PT_04-modelo-costas-close.png
modelos-preta,PALL-EAT-RIGHT-PT_M2-frente-close.png,PALL-EAT-RIGHT-PT_05-modelo-frente-close.png
modelos-preta,PALL-EAT-RIGHT-PT_M3-costas-corpo.png,PALL-EAT-RIGHT-PT_06-modelo-costas-corpo.png
modelos-preta,PALL-EAT-RIGHT-PT_M4-frente-corpo.png,PALL-EAT-RIGHT-PT_07-modelo-frente-corpo.png
mockups-finais,PALL-ESSENTIALS-AZ_01-costas.png,PALL-ESSENTIALS-AZ_01-costas.png
mockups-finais,PALL-ESSENTIALS-AZ_03-inclinada.png,PALL-ESSENTIALS-AZ_02-close.png
mockups-finais,PALL-ESSENTIALS-AZ_02-frente.png,PALL-ESSENTIALS-AZ_03-frente.png
modelos-azul-marinho,PALL-ESSENTIALS-AZ_M1-costas-close.png,PALL-ESSENTIALS-AZ_04-modelo-costas-close.png
modelos-azul-marinho,PALL-ESSENTIALS-AZ_M2-frente-close.png,PALL-ESSENTIALS-AZ_05-modelo-frente-close.png
modelos-azul-marinho,PALL-ESSENTIALS-AZ_M3-costas-corpo.png,PALL-ESSENTIALS-AZ_06-modelo-costas-corpo.png
modelos-azul-marinho,PALL-ESSENTIALS-AZ_M4-frente-corpo.png,PALL-ESSENTIALS-AZ_07-modelo-frente-corpo.png
mockups-finais,PALL-ESSENTIALS-BR_01-costas.png,PALL-ESSENTIALS-BR_01-costas.png
mockups-finais,PALL-ESSENTIALS-BR_03-inclinada.png,PALL-ESSENTIALS-BR_02-close.png
mockups-finais,PALL-ESSENTIALS-BR_02-frente.png,PALL-ESSENTIALS-BR_03-frente.png
modelos-branca,PALL-ESSENTIALS-BR_M1-costas-close.png,PALL-ESSENTIALS-BR_04-modelo-costas-close.png
modelos-branca,PALL-ESSENTIALS-BR_M2-frente-close.png,PALL-ESSENTIALS-BR_05-modelo-frente-close.png
modelos-branca,PALL-ESSENTIALS-BR_M3-costas-corpo.png,PALL-ESSENTIALS-BR_06-modelo-costas-corpo.png
modelos-branca,PALL-ESSENTIALS-BR_M4-frente-corpo.png,PALL-ESSENTIALS-BR_07-modelo-frente-corpo.png
mockups-finais,PALL-ESSENTIALS-OW_01-costas.png,PALL-ESSENTIALS-OW_01-costas.png
mockups-finais,PALL-ESSENTIALS-OW_03-inclinada.png,PALL-ESSENTIALS-OW_02-close.png
mockups-finais,PALL-ESSENTIALS-OW_02-frente.png,PALL-ESSENTIALS-OW_03-frente.png
modelos-off-white,PALL-ESSENTIALS-OW_M1-costas-close.png,PALL-ESSENTIALS-OW_04-modelo-costas-close.png
modelos-off-white,PALL-ESSENTIALS-OW_M2-frente-close.png,PALL-ESSENTIALS-OW_05-modelo-frente-close.png
modelos-off-white,PALL-ESSENTIALS-OW_M3-costas-corpo.png,PALL-ESSENTIALS-OW_06-modelo-costas-corpo.png
modelos-off-white,PALL-ESSENTIALS-OW_M4-frente-corpo.png,PALL-ESSENTIALS-OW_07-modelo-frente-corpo.png
mockups-finais,PALL-ESSENTIALS-PT_01-costas.png,PALL-ESSENTIALS-PT_01-costas.png
mockups-finais,PALL-ESSENTIALS-PT_03-inclinada.png,PALL-ESSENTIALS-PT_02-close.png
mockups-finais,PALL-ESSENTIALS-PT_02-frente.png,PALL-ESSENTIALS-PT_03-frente.png
modelos-preta,PALL-ESSENTIALS-PT_M1-costas-close.png,PALL-ESSENTIALS-PT_04-modelo-costas-close.png
modelos-preta,PALL-ESSENTIALS-PT_M2-frente-close.png,PALL-ESSENTIALS-PT_05-modelo-frente-close.png
modelos-preta,PALL-ESSENTIALS-PT_M3-costas-corpo.png,PALL-ESSENTIALS-PT_06-modelo-costas-corpo.png
modelos-preta,PALL-ESSENTIALS-PT_M4-frente-corpo.png,PALL-ESSENTIALS-PT_07-modelo-frente-corpo.png
mockups-finais,PALL-EURO-SUMMER-AZ_01-costas.png,PALL-EURO-SUMMER-AZ_01-costas.png
mockups-finais,PALL-EURO-SUMMER-AZ_02-frente.png,PALL-EURO-SUMMER-AZ_02-frente.png
mockups-finais,PALL-EURO-SUMMER-AZ_03-inclinada.png,PALL-EURO-SUMMER-AZ_03-close.png
modelos-azul-marinho,PALL-EURO-SUMMER-AZ_M1-costas-close.png,PALL-EURO-SUMMER-AZ_04-modelo-costas-close.png
modelos-azul-marinho,PALL-EURO-SUMMER-AZ_M2-frente-close.png,PALL-EURO-SUMMER-AZ_05-modelo-frente-close.png
modelos-azul-marinho,PALL-EURO-SUMMER-AZ_M3-costas-corpo.png,PALL-EURO-SUMMER-AZ_06-modelo-costas-corpo.png
modelos-azul-marinho,PALL-EURO-SUMMER-AZ_M4-frente-corpo.png,PALL-EURO-SUMMER-AZ_07-modelo-frente-corpo.png
mockups-finais,PALL-EURO-SUMMER-BR_01-costas.png,PALL-EURO-SUMMER-BR_01-costas.png
mockups-finais,PALL-EURO-SUMMER-BR_02-frente.png,PALL-EURO-SUMMER-BR_02-frente.png
mockups-finais,PALL-EURO-SUMMER-BR_03-inclinada.png,PALL-EURO-SUMMER-BR_03-close.png
modelos-branca,PALL-EURO-SUMMER-BR_M1-costas-close.png,PALL-EURO-SUMMER-BR_04-modelo-costas-close.png
modelos-branca,PALL-EURO-SUMMER-BR_M2-frente-close.png,PALL-EURO-SUMMER-BR_05-modelo-frente-close.png
modelos-branca,PALL-EURO-SUMMER-BR_M3-costas-corpo.png,PALL-EURO-SUMMER-BR_06-modelo-costas-corpo.png
modelos-branca,PALL-EURO-SUMMER-BR_M4-frente-corpo.png,PALL-EURO-SUMMER-BR_07-modelo-frente-corpo.png
mockups-finais,PALL-EURO-SUMMER-OW_01-costas.png,PALL-EURO-SUMMER-OW_01-costas.png
mockups-finais,PALL-EURO-SUMMER-OW_02-frente.png,PALL-EURO-SUMMER-OW_02-frente.png
mockups-finais,PALL-EURO-SUMMER-OW_03-inclinada.png,PALL-EURO-SUMMER-OW_03-close.png
modelos-off-white,PALL-EURO-SUMMER-OW_M1-costas-close.png,PALL-EURO-SUMMER-OW_04-modelo-costas-close.png
modelos-off-white,PALL-EURO-SUMMER-OW_M2-frente-close.png,PALL-EURO-SUMMER-OW_05-modelo-frente-close.png
modelos-off-white,PALL-EURO-SUMMER-OW_M3-costas-corpo.png,PALL-EURO-SUMMER-OW_06-modelo-costas-corpo.png
modelos-off-white,PALL-EURO-SUMMER-OW_M4-frente-corpo.png,PALL-EURO-SUMMER-OW_07-modelo-frente-corpo.png
mockups-finais,PALL-EURO-SUMMER-PT_01-costas.png,PALL-EURO-SUMMER-PT_01-costas.png
mockups-finais,PALL-EURO-SUMMER-PT_02-frente.png,PALL-EURO-SUMMER-PT_02-frente.png
mockups-finais,PALL-EURO-SUMMER-PT_03-inclinada.png,PALL-EURO-SUMMER-PT_03-close.png
modelos-preta,PALL-EURO-SUMMER-PT_M1-costas-close.png,PALL-EURO-SUMMER-PT_04-modelo-costas-close.png
modelos-preta,PALL-EURO-SUMMER-PT_M2-frente-close.png,PALL-EURO-SUMMER-PT_05-modelo-frente-close.png
modelos-preta,PALL-EURO-SUMMER-PT_M3-costas-corpo.png,PALL-EURO-SUMMER-PT_06-modelo-costas-corpo.png
modelos-preta,PALL-EURO-SUMMER-PT_M4-frente-corpo.png,PALL-EURO-SUMMER-PT_07-modelo-frente-corpo.png
mockups-finais,PALL-EUROS-AZ_01-costas.png,PALL-EUROS-AZ_01-costas.png
mockups-finais,PALL-EUROS-AZ_02-frente.png,PALL-EUROS-AZ_02-frente.png
mockups-finais,PALL-EUROS-AZ_03-inclinada.png,PALL-EUROS-AZ_03-close.png
modelos-azul-marinho,PALL-EUROS-AZ_M1-costas-close.png,PALL-EUROS-AZ_04-modelo-costas-close.png
modelos-azul-marinho,PALL-EUROS-AZ_M2-frente-close.png,PALL-EUROS-AZ_05-modelo-frente-close.png
modelos-azul-marinho,PALL-EUROS-AZ_M3-costas-corpo.png,PALL-EUROS-AZ_06-modelo-costas-corpo.png
modelos-azul-marinho,PALL-EUROS-AZ_M4-frente-corpo.png,PALL-EUROS-AZ_07-modelo-frente-corpo.png
mockups-finais,PALL-EUROS-BR_01-costas.png,PALL-EUROS-BR_01-costas.png
mockups-finais,PALL-EUROS-BR_02-frente.png,PALL-EUROS-BR_02-frente.png
mockups-finais,PALL-EUROS-BR_03-inclinada.png,PALL-EUROS-BR_03-close.png
modelos-branca,PALL-EUROS-BR_M1-costas-close.png,PALL-EUROS-BR_04-modelo-costas-close.png
modelos-branca,PALL-EUROS-BR_M2-frente-close.png,PALL-EUROS-BR_05-modelo-frente-close.png
modelos-branca,PALL-EUROS-BR_M3-costas-corpo.png,PALL-EUROS-BR_06-modelo-costas-corpo.png
modelos-branca,PALL-EUROS-BR_M4-frente-corpo.png,PALL-EUROS-BR_07-modelo-frente-corpo.png
mockups-finais,PALL-EUROS-OW_01-costas.png,PALL-EUROS-OW_01-costas.png
mockups-finais,PALL-EUROS-OW_02-frente.png,PALL-EUROS-OW_02-frente.png
mockups-finais,PALL-EUROS-OW_03-inclinada.png,PALL-EUROS-OW_03-close.png
modelos-off-white,PALL-EUROS-OW_M1-costas-close.png,PALL-EUROS-OW_04-modelo-costas-close.png
modelos-off-white,PALL-EUROS-OW_M2-frente-close.png,PALL-EUROS-OW_05-modelo-frente-close.png
modelos-off-white,PALL-EUROS-OW_M3-costas-corpo.png,PALL-EUROS-OW_06-modelo-costas-corpo.png
modelos-off-white,PALL-EUROS-OW_M4-frente-corpo.png,PALL-EUROS-OW_07-modelo-frente-corpo.png
mockups-finais,PALL-EUROS-PT_01-costas.png,PALL-EUROS-PT_01-costas.png
mockups-finais,PALL-EUROS-PT_02-frente.png,PALL-EUROS-PT_02-frente.png
mockups-finais,PALL-EUROS-PT_03-inclinada.png,PALL-EUROS-PT_03-close.png
modelos-preta,PALL-EUROS-PT_M1-costas-close.png,PALL-EUROS-PT_04-modelo-costas-close.png
modelos-preta,PALL-EUROS-PT_M2-frente-close.png,PALL-EUROS-PT_05-modelo-frente-close.png
modelos-preta,PALL-EUROS-PT_M3-costas-corpo.png,PALL-EUROS-PT_06-modelo-costas-corpo.png
modelos-preta,PALL-EUROS-PT_M4-frente-corpo.png,PALL-EUROS-PT_07-modelo-frente-corpo.png
mockups-finais,PALL-EXCEPT-AZ_01-costas.png,PALL-EXCEPT-AZ_01-costas.png
mockups-finais,PALL-EXCEPT-AZ_03-inclinada.png,PALL-EXCEPT-AZ_02-close.png
mockups-finais,PALL-EXCEPT-AZ_02-frente.png,PALL-EXCEPT-AZ_03-frente.png
modelos-azul-marinho,PALL-EXCEPT-AZ_M1-costas-close.png,PALL-EXCEPT-AZ_04-modelo-costas-close.png
modelos-azul-marinho,PALL-EXCEPT-AZ_M2-frente-close.png,PALL-EXCEPT-AZ_05-modelo-frente-close.png
modelos-azul-marinho,PALL-EXCEPT-AZ_M3-costas-corpo.png,PALL-EXCEPT-AZ_06-modelo-costas-corpo.png
modelos-azul-marinho,PALL-EXCEPT-AZ_M4-frente-corpo.png,PALL-EXCEPT-AZ_07-modelo-frente-corpo.png
mockups-finais,PALL-EXCEPT-BR_01-costas.png,PALL-EXCEPT-BR_01-costas.png
mockups-finais,PALL-EXCEPT-BR_03-inclinada.png,PALL-EXCEPT-BR_02-close.png
mockups-finais,PALL-EXCEPT-BR_02-frente.png,PALL-EXCEPT-BR_03-frente.png
modelos-branca,PALL-EXCEPT-BR_M1-costas-close.png,PALL-EXCEPT-BR_04-modelo-costas-close.png
modelos-branca,PALL-EXCEPT-BR_M2-frente-close.png,PALL-EXCEPT-BR_05-modelo-frente-close.png
modelos-branca,PALL-EXCEPT-BR_M3-costas-corpo.png,PALL-EXCEPT-BR_06-modelo-costas-corpo.png
modelos-branca,PALL-EXCEPT-BR_M4-frente-corpo.png,PALL-EXCEPT-BR_07-modelo-frente-corpo.png
mockups-finais,PALL-EXCEPT-OW_01-costas.png,PALL-EXCEPT-OW_01-costas.png
mockups-finais,PALL-EXCEPT-OW_03-inclinada.png,PALL-EXCEPT-OW_02-close.png
mockups-finais,PALL-EXCEPT-OW_02-frente.png,PALL-EXCEPT-OW_03-frente.png
modelos-off-white,PALL-EXCEPT-OW_M1-costas-close.png,PALL-EXCEPT-OW_04-modelo-costas-close.png
modelos-off-white,PALL-EXCEPT-OW_M2-frente-close.png,PALL-EXCEPT-OW_05-modelo-frente-close.png
modelos-off-white,PALL-EXCEPT-OW_M3-costas-corpo.png,PALL-EXCEPT-OW_06-modelo-costas-corpo.png
modelos-off-white,PALL-EXCEPT-OW_M4-frente-corpo.png,PALL-EXCEPT-OW_07-modelo-frente-corpo.png
mockups-finais,PALL-EXCEPT-PT_01-costas.png,PALL-EXCEPT-PT_01-costas.png
mockups-finais,PALL-EXCEPT-PT_03-inclinada.png,PALL-EXCEPT-PT_02-close.png
mockups-finais,PALL-EXCEPT-PT_02-frente.png,PALL-EXCEPT-PT_03-frente.png
modelos-preta,PALL-EXCEPT-PT_M1-costas-close.png,PALL-EXCEPT-PT_04-modelo-costas-close.png
modelos-preta,PALL-EXCEPT-PT_M2-frente-close.png,PALL-EXCEPT-PT_05-modelo-frente-close.png
modelos-preta,PALL-EXCEPT-PT_M3-costas-corpo.png,PALL-EXCEPT-PT_06-modelo-costas-corpo.png
modelos-preta,PALL-EXCEPT-PT_M4-frente-corpo.png,PALL-EXCEPT-PT_07-modelo-frente-corpo.png
mockups-finais,PALL-EXPENSIVE-AZ_01-costas.png,PALL-EXPENSIVE-AZ_01-costas.png
mockups-finais,PALL-EXPENSIVE-AZ_02-frente.png,PALL-EXPENSIVE-AZ_02-frente.png
mockups-finais,PALL-EXPENSIVE-AZ_03-inclinada.png,PALL-EXPENSIVE-AZ_03-close.png
modelos-azul-marinho,PALL-EXPENSIVE-AZ_M1-costas-close.png,PALL-EXPENSIVE-AZ_04-modelo-costas-close.png
modelos-azul-marinho,PALL-EXPENSIVE-AZ_M2-frente-close.png,PALL-EXPENSIVE-AZ_05-modelo-frente-close.png
modelos-azul-marinho,PALL-EXPENSIVE-AZ_M3-costas-corpo.png,PALL-EXPENSIVE-AZ_06-modelo-costas-corpo.png
modelos-azul-marinho,PALL-EXPENSIVE-AZ_M4-frente-corpo.png,PALL-EXPENSIVE-AZ_07-modelo-frente-corpo.png
mockups-finais,PALL-EXPENSIVE-BR_01-costas.png,PALL-EXPENSIVE-BR_01-costas.png
mockups-finais,PALL-EXPENSIVE-BR_02-frente.png,PALL-EXPENSIVE-BR_02-frente.png
mockups-finais,PALL-EXPENSIVE-BR_03-inclinada.png,PALL-EXPENSIVE-BR_03-close.png
modelos-branca,PALL-EXPENSIVE-BR_M1-costas-close.png,PALL-EXPENSIVE-BR_04-modelo-costas-close.png
modelos-branca,PALL-EXPENSIVE-BR_M2-frente-close.png,PALL-EXPENSIVE-BR_05-modelo-frente-close.png
modelos-branca,PALL-EXPENSIVE-BR_M3-costas-corpo.png,PALL-EXPENSIVE-BR_06-modelo-costas-corpo.png
modelos-branca,PALL-EXPENSIVE-BR_M4-frente-corpo.png,PALL-EXPENSIVE-BR_07-modelo-frente-corpo.png
mockups-finais,PALL-EXPENSIVE-OW_01-costas.png,PALL-EXPENSIVE-OW_01-costas.png
mockups-finais,PALL-EXPENSIVE-OW_02-frente.png,PALL-EXPENSIVE-OW_02-frente.png
mockups-finais,PALL-EXPENSIVE-OW_03-inclinada.png,PALL-EXPENSIVE-OW_03-close.png
modelos-off-white,PALL-EXPENSIVE-OW_M1-costas-close.png,PALL-EXPENSIVE-OW_04-modelo-costas-close.png
modelos-off-white,PALL-EXPENSIVE-OW_M2-frente-close.png,PALL-EXPENSIVE-OW_05-modelo-frente-close.png
modelos-off-white,PALL-EXPENSIVE-OW_M3-costas-corpo.png,PALL-EXPENSIVE-OW_06-modelo-costas-corpo.png
modelos-off-white,PALL-EXPENSIVE-OW_M4-frente-corpo.png,PALL-EXPENSIVE-OW_07-modelo-frente-corpo.png
mockups-finais,PALL-EXPENSIVE-PT_01-costas.png,PALL-EXPENSIVE-PT_01-costas.png
mockups-finais,PALL-EXPENSIVE-PT_02-frente.png,PALL-EXPENSIVE-PT_02-frente.png
mockups-finais,PALL-EXPENSIVE-PT_03-inclinada.png,PALL-EXPENSIVE-PT_03-close.png
modelos-preta,PALL-EXPENSIVE-PT_M1-costas-close.png,PALL-EXPENSIVE-PT_04-modelo-costas-close.png
modelos-preta,PALL-EXPENSIVE-PT_M2-frente-close.png,PALL-EXPENSIVE-PT_05-modelo-frente-close.png
modelos-preta,PALL-EXPENSIVE-PT_M3-costas-corpo.png,PALL-EXPENSIVE-PT_06-modelo-costas-corpo.png
modelos-preta,PALL-EXPENSIVE-PT_M4-frente-corpo.png,PALL-EXPENSIVE-PT_07-modelo-frente-corpo.png
mockups-finais,PALL-FAKE-AZ_01-costas.png,PALL-FAKE-AZ_01-costas.png
mockups-finais,PALL-FAKE-AZ_03-inclinada.png,PALL-FAKE-AZ_02-close.png
mockups-finais,PALL-FAKE-AZ_02-frente.png,PALL-FAKE-AZ_03-frente.png
modelos-azul-marinho,PALL-FAKE-AZ_M1-costas-close.png,PALL-FAKE-AZ_04-modelo-costas-close.png
modelos-azul-marinho,PALL-FAKE-AZ_M2-frente-close.png,PALL-FAKE-AZ_05-modelo-frente-close.png
modelos-azul-marinho,PALL-FAKE-AZ_M3-costas-corpo.png,PALL-FAKE-AZ_06-modelo-costas-corpo.png
modelos-azul-marinho,PALL-FAKE-AZ_M4-frente-corpo.png,PALL-FAKE-AZ_07-modelo-frente-corpo.png
mockups-finais,PALL-FAKE-BR_01-costas.png,PALL-FAKE-BR_01-costas.png
mockups-finais,PALL-FAKE-BR_03-inclinada.png,PALL-FAKE-BR_02-close.png
mockups-finais,PALL-FAKE-BR_02-frente.png,PALL-FAKE-BR_03-frente.png
modelos-branca,PALL-FAKE-BR_M1-costas-close.png,PALL-FAKE-BR_04-modelo-costas-close.png
modelos-branca,PALL-FAKE-BR_M2-frente-close.png,PALL-FAKE-BR_05-modelo-frente-close.png
modelos-branca,PALL-FAKE-BR_M3-costas-corpo.png,PALL-FAKE-BR_06-modelo-costas-corpo.png
modelos-branca,PALL-FAKE-BR_M4-frente-corpo.png,PALL-FAKE-BR_07-modelo-frente-corpo.png
mockups-finais,PALL-FAKE-LOVE-AZ_01-costas.png,PALL-FAKE-LOVE-AZ_01-costas.png
mockups-finais,PALL-FAKE-LOVE-AZ_03-inclinada.png,PALL-FAKE-LOVE-AZ_02-close.png
mockups-finais,PALL-FAKE-LOVE-AZ_02-frente.png,PALL-FAKE-LOVE-AZ_03-frente.png
modelos-azul-marinho,PALL-FAKE-LOVE-AZ_M1-costas-close.png,PALL-FAKE-LOVE-AZ_04-modelo-costas-close.png
modelos-azul-marinho,PALL-FAKE-LOVE-AZ_M2-frente-close.png,PALL-FAKE-LOVE-AZ_05-modelo-frente-close.png
modelos-azul-marinho,PALL-FAKE-LOVE-AZ_M3-costas-corpo.png,PALL-FAKE-LOVE-AZ_06-modelo-costas-corpo.png
modelos-azul-marinho,PALL-FAKE-LOVE-AZ_M4-frente-corpo.png,PALL-FAKE-LOVE-AZ_07-modelo-frente-corpo.png
mockups-finais,PALL-FAKE-LOVE-BR_01-costas.png,PALL-FAKE-LOVE-BR_01-costas.png
mockups-finais,PALL-FAKE-LOVE-BR_03-inclinada.png,PALL-FAKE-LOVE-BR_02-close.png
mockups-finais,PALL-FAKE-LOVE-BR_02-frente.png,PALL-FAKE-LOVE-BR_03-frente.png
modelos-branca,PALL-FAKE-LOVE-BR_M1-costas-close.png,PALL-FAKE-LOVE-BR_04-modelo-costas-close.png
modelos-branca,PALL-FAKE-LOVE-BR_M2-frente-close.png,PALL-FAKE-LOVE-BR_05-modelo-frente-close.png
modelos-branca,PALL-FAKE-LOVE-BR_M3-costas-corpo.png,PALL-FAKE-LOVE-BR_06-modelo-costas-corpo.png
modelos-branca,PALL-FAKE-LOVE-BR_M4-frente-corpo.png,PALL-FAKE-LOVE-BR_07-modelo-frente-corpo.png
mockups-finais,PALL-FAKE-LOVE-OW_01-costas.png,PALL-FAKE-LOVE-OW_01-costas.png
mockups-finais,PALL-FAKE-LOVE-OW_03-inclinada.png,PALL-FAKE-LOVE-OW_02-close.png
mockups-finais,PALL-FAKE-LOVE-OW_02-frente.png,PALL-FAKE-LOVE-OW_03-frente.png
modelos-off-white,PALL-FAKE-LOVE-OW_M1-costas-close.png,PALL-FAKE-LOVE-OW_04-modelo-costas-close.png
modelos-off-white,PALL-FAKE-LOVE-OW_M2-frente-close.png,PALL-FAKE-LOVE-OW_05-modelo-frente-close.png
modelos-off-white,PALL-FAKE-LOVE-OW_M3-costas-corpo.png,PALL-FAKE-LOVE-OW_06-modelo-costas-corpo.png
modelos-off-white,PALL-FAKE-LOVE-OW_M4-frente-corpo.png,PALL-FAKE-LOVE-OW_07-modelo-frente-corpo.png
mockups-finais,PALL-FAKE-LOVE-PT_01-costas.png,PALL-FAKE-LOVE-PT_01-costas.png
mockups-finais,PALL-FAKE-LOVE-PT_03-inclinada.png,PALL-FAKE-LOVE-PT_02-close.png
mockups-finais,PALL-FAKE-LOVE-PT_02-frente.png,PALL-FAKE-LOVE-PT_03-frente.png
modelos-preta,PALL-FAKE-LOVE-PT_M1-costas-close.png,PALL-FAKE-LOVE-PT_04-modelo-costas-close.png
modelos-preta,PALL-FAKE-LOVE-PT_M2-frente-close.png,PALL-FAKE-LOVE-PT_05-modelo-frente-close.png
modelos-preta,PALL-FAKE-LOVE-PT_M3-costas-corpo.png,PALL-FAKE-LOVE-PT_06-modelo-costas-corpo.png
modelos-preta,PALL-FAKE-LOVE-PT_M4-frente-corpo.png,PALL-FAKE-LOVE-PT_07-modelo-frente-corpo.png
mockups-finais,PALL-FAKE-OW_01-costas.png,PALL-FAKE-OW_01-costas.png
mockups-finais,PALL-FAKE-OW_03-inclinada.png,PALL-FAKE-OW_02-close.png
mockups-finais,PALL-FAKE-OW_02-frente.png,PALL-FAKE-OW_03-frente.png
modelos-off-white,PALL-FAKE-OW_M1-costas-close.png,PALL-FAKE-OW_04-modelo-costas-close.png
modelos-off-white,PALL-FAKE-OW_M2-frente-close.png,PALL-FAKE-OW_05-modelo-frente-close.png
modelos-off-white,PALL-FAKE-OW_M3-costas-corpo.png,PALL-FAKE-OW_06-modelo-costas-corpo.png
modelos-off-white,PALL-FAKE-OW_M4-frente-corpo.png,PALL-FAKE-OW_07-modelo-frente-corpo.png
mockups-finais,PALL-FAKE-PT_01-costas.png,PALL-FAKE-PT_01-costas.png
mockups-finais,PALL-FAKE-PT_03-inclinada.png,PALL-FAKE-PT_02-close.png
mockups-finais,PALL-FAKE-PT_02-frente.png,PALL-FAKE-PT_03-frente.png
modelos-preta,PALL-FAKE-PT_M1-costas-close.png,PALL-FAKE-PT_04-modelo-costas-close.png
modelos-preta,PALL-FAKE-PT_M2-frente-close.png,PALL-FAKE-PT_05-modelo-frente-close.png
modelos-preta,PALL-FAKE-PT_M3-costas-corpo.png,PALL-FAKE-PT_06-modelo-costas-corpo.png
modelos-preta,PALL-FAKE-PT_M4-frente-corpo.png,PALL-FAKE-PT_07-modelo-frente-corpo.png
mockups-finais,PALL-FAST-CARS-AZ_01-costas.png,PALL-FAST-CARS-AZ_01-costas.png
mockups-finais,PALL-FAST-CARS-AZ_03-inclinada.png,PALL-FAST-CARS-AZ_02-close.png
mockups-finais,PALL-FAST-CARS-AZ_02-frente.png,PALL-FAST-CARS-AZ_03-frente.png
modelos-azul-marinho,PALL-FAST-CARS-AZ_M1-costas-close.png,PALL-FAST-CARS-AZ_04-modelo-costas-close.png
modelos-azul-marinho,PALL-FAST-CARS-AZ_M2-frente-close.png,PALL-FAST-CARS-AZ_05-modelo-frente-close.png
modelos-azul-marinho,PALL-FAST-CARS-AZ_M3-costas-corpo.png,PALL-FAST-CARS-AZ_06-modelo-costas-corpo.png
modelos-azul-marinho,PALL-FAST-CARS-AZ_M4-frente-corpo.png,PALL-FAST-CARS-AZ_07-modelo-frente-corpo.png
mockups-finais,PALL-FAST-CARS-BR_01-costas.png,PALL-FAST-CARS-BR_01-costas.png
mockups-finais,PALL-FAST-CARS-BR_03-inclinada.png,PALL-FAST-CARS-BR_02-close.png
mockups-finais,PALL-FAST-CARS-BR_02-frente.png,PALL-FAST-CARS-BR_03-frente.png
modelos-branca,PALL-FAST-CARS-BR_M1-costas-close.png,PALL-FAST-CARS-BR_04-modelo-costas-close.png
modelos-branca,PALL-FAST-CARS-BR_M2-frente-close.png,PALL-FAST-CARS-BR_05-modelo-frente-close.png
modelos-branca,PALL-FAST-CARS-BR_M3-costas-corpo.png,PALL-FAST-CARS-BR_06-modelo-costas-corpo.png
modelos-branca,PALL-FAST-CARS-BR_M4-frente-corpo.png,PALL-FAST-CARS-BR_07-modelo-frente-corpo.png
mockups-finais,PALL-FAST-CARS-OW_01-costas.png,PALL-FAST-CARS-OW_01-costas.png
mockups-finais,PALL-FAST-CARS-OW_03-inclinada.png,PALL-FAST-CARS-OW_02-close.png
mockups-finais,PALL-FAST-CARS-OW_02-frente.png,PALL-FAST-CARS-OW_03-frente.png
modelos-off-white,PALL-FAST-CARS-OW_M1-costas-close.png,PALL-FAST-CARS-OW_04-modelo-costas-close.png
modelos-off-white,PALL-FAST-CARS-OW_M2-frente-close.png,PALL-FAST-CARS-OW_05-modelo-frente-close.png
modelos-off-white,PALL-FAST-CARS-OW_M3-costas-corpo.png,PALL-FAST-CARS-OW_06-modelo-costas-corpo.png
modelos-off-white,PALL-FAST-CARS-OW_M4-frente-corpo.png,PALL-FAST-CARS-OW_07-modelo-frente-corpo.png
mockups-finais,PALL-FAST-CARS-PT_01-costas.png,PALL-FAST-CARS-PT_01-costas.png
mockups-finais,PALL-FAST-CARS-PT_03-inclinada.png,PALL-FAST-CARS-PT_02-close.png
mockups-finais,PALL-FAST-CARS-PT_02-frente.png,PALL-FAST-CARS-PT_03-frente.png
modelos-preta,PALL-FAST-CARS-PT_M1-costas-close.png,PALL-FAST-CARS-PT_04-modelo-costas-close.png
modelos-preta,PALL-FAST-CARS-PT_M2-frente-close.png,PALL-FAST-CARS-PT_05-modelo-frente-close.png
modelos-preta,PALL-FAST-CARS-PT_M3-costas-corpo.png,PALL-FAST-CARS-PT_06-modelo-costas-corpo.png
modelos-preta,PALL-FAST-CARS-PT_M4-frente-corpo.png,PALL-FAST-CARS-PT_07-modelo-frente-corpo.png
mockups-finais,PALL-FLIRTING-AZ_01-costas.png,PALL-FLIRTING-AZ_01-costas.png
mockups-finais,PALL-FLIRTING-AZ_03-inclinada.png,PALL-FLIRTING-AZ_02-close.png
mockups-finais,PALL-FLIRTING-AZ_02-frente.png,PALL-FLIRTING-AZ_03-frente.png
modelos-azul-marinho,PALL-FLIRTING-AZ_M1-costas-close.png,PALL-FLIRTING-AZ_04-modelo-costas-close.png
modelos-azul-marinho,PALL-FLIRTING-AZ_M2-frente-close.png,PALL-FLIRTING-AZ_05-modelo-frente-close.png
modelos-azul-marinho,PALL-FLIRTING-AZ_M3-costas-corpo.png,PALL-FLIRTING-AZ_06-modelo-costas-corpo.png
modelos-azul-marinho,PALL-FLIRTING-AZ_M4-frente-corpo.png,PALL-FLIRTING-AZ_07-modelo-frente-corpo.png
mockups-finais,PALL-FLIRTING-BR_01-costas.png,PALL-FLIRTING-BR_01-costas.png
mockups-finais,PALL-FLIRTING-BR_03-inclinada.png,PALL-FLIRTING-BR_02-close.png
mockups-finais,PALL-FLIRTING-BR_02-frente.png,PALL-FLIRTING-BR_03-frente.png
modelos-branca,PALL-FLIRTING-BR_M1-costas-close.png,PALL-FLIRTING-BR_04-modelo-costas-close.png
modelos-branca,PALL-FLIRTING-BR_M2-frente-close.png,PALL-FLIRTING-BR_05-modelo-frente-close.png
modelos-branca,PALL-FLIRTING-BR_M3-costas-corpo.png,PALL-FLIRTING-BR_06-modelo-costas-corpo.png
modelos-branca,PALL-FLIRTING-BR_M4-frente-corpo.png,PALL-FLIRTING-BR_07-modelo-frente-corpo.png
mockups-finais,PALL-FLIRTING-OW_01-costas.png,PALL-FLIRTING-OW_01-costas.png
mockups-finais,PALL-FLIRTING-OW_03-inclinada.png,PALL-FLIRTING-OW_02-close.png
mockups-finais,PALL-FLIRTING-OW_02-frente.png,PALL-FLIRTING-OW_03-frente.png
modelos-off-white,PALL-FLIRTING-OW_M1-costas-close.png,PALL-FLIRTING-OW_04-modelo-costas-close.png
modelos-off-white,PALL-FLIRTING-OW_M2-frente-close.png,PALL-FLIRTING-OW_05-modelo-frente-close.png
modelos-off-white,PALL-FLIRTING-OW_M3-costas-corpo.png,PALL-FLIRTING-OW_06-modelo-costas-corpo.png
modelos-off-white,PALL-FLIRTING-OW_M4-frente-corpo.png,PALL-FLIRTING-OW_07-modelo-frente-corpo.png
mockups-finais,PALL-FLIRTING-PT_01-costas.png,PALL-FLIRTING-PT_01-costas.png
mockups-finais,PALL-FLIRTING-PT_03-inclinada.png,PALL-FLIRTING-PT_02-close.png
mockups-finais,PALL-FLIRTING-PT_02-frente.png,PALL-FLIRTING-PT_03-frente.png
modelos-preta,PALL-FLIRTING-PT_M1-costas-close.png,PALL-FLIRTING-PT_04-modelo-costas-close.png
modelos-preta,PALL-FLIRTING-PT_M2-frente-close.png,PALL-FLIRTING-PT_05-modelo-frente-close.png
modelos-preta,PALL-FLIRTING-PT_M3-costas-corpo.png,PALL-FLIRTING-PT_06-modelo-costas-corpo.png
modelos-preta,PALL-FLIRTING-PT_M4-frente-corpo.png,PALL-FLIRTING-PT_07-modelo-frente-corpo.png
mockups-finais,PALL-FRENCH-AZ_01-costas.png,PALL-FRENCH-AZ_01-costas.png
mockups-finais,PALL-FRENCH-AZ_02-frente.png,PALL-FRENCH-AZ_02-frente.png
mockups-finais,PALL-FRENCH-AZ_03-inclinada.png,PALL-FRENCH-AZ_03-close.png
modelos-azul-marinho,PALL-FRENCH-AZ_M1-costas-close.png,PALL-FRENCH-AZ_04-modelo-costas-close.png
modelos-azul-marinho,PALL-FRENCH-AZ_M2-frente-close.png,PALL-FRENCH-AZ_05-modelo-frente-close.png
modelos-azul-marinho,PALL-FRENCH-AZ_M3-costas-corpo.png,PALL-FRENCH-AZ_06-modelo-costas-corpo.png
modelos-azul-marinho,PALL-FRENCH-AZ_M4-frente-corpo.png,PALL-FRENCH-AZ_07-modelo-frente-corpo.png
mockups-finais,PALL-FRENCH-BR_01-costas.png,PALL-FRENCH-BR_01-costas.png
mockups-finais,PALL-FRENCH-BR_02-frente.png,PALL-FRENCH-BR_02-frente.png
mockups-finais,PALL-FRENCH-BR_03-inclinada.png,PALL-FRENCH-BR_03-close.png
modelos-branca,PALL-FRENCH-BR_M1-costas-close.png,PALL-FRENCH-BR_04-modelo-costas-close.png
modelos-branca,PALL-FRENCH-BR_M2-frente-close.png,PALL-FRENCH-BR_05-modelo-frente-close.png
modelos-branca,PALL-FRENCH-BR_M3-costas-corpo.png,PALL-FRENCH-BR_06-modelo-costas-corpo.png
modelos-branca,PALL-FRENCH-BR_M4-frente-corpo.png,PALL-FRENCH-BR_07-modelo-frente-corpo.png
mockups-finais,PALL-FRENCH-OW_01-costas.png,PALL-FRENCH-OW_01-costas.png
mockups-finais,PALL-FRENCH-OW_02-frente.png,PALL-FRENCH-OW_02-frente.png
mockups-finais,PALL-FRENCH-OW_03-inclinada.png,PALL-FRENCH-OW_03-close.png
modelos-off-white,PALL-FRENCH-OW_M1-costas-close.png,PALL-FRENCH-OW_04-modelo-costas-close.png
modelos-off-white,PALL-FRENCH-OW_M2-frente-close.png,PALL-FRENCH-OW_05-modelo-frente-close.png
modelos-off-white,PALL-FRENCH-OW_M3-costas-corpo.png,PALL-FRENCH-OW_06-modelo-costas-corpo.png
modelos-off-white,PALL-FRENCH-OW_M4-frente-corpo.png,PALL-FRENCH-OW_07-modelo-frente-corpo.png
mockups-finais,PALL-FRENCH-PT_01-costas.png,PALL-FRENCH-PT_01-costas.png
mockups-finais,PALL-FRENCH-PT_02-frente.png,PALL-FRENCH-PT_02-frente.png
mockups-finais,PALL-FRENCH-PT_03-inclinada.png,PALL-FRENCH-PT_03-close.png
modelos-preta,PALL-FRENCH-PT_M1-costas-close.png,PALL-FRENCH-PT_04-modelo-costas-close.png
modelos-preta,PALL-FRENCH-PT_M2-frente-close.png,PALL-FRENCH-PT_05-modelo-frente-close.png
modelos-preta,PALL-FRENCH-PT_M3-costas-corpo.png,PALL-FRENCH-PT_06-modelo-costas-corpo.png
modelos-preta,PALL-FRENCH-PT_M4-frente-corpo.png,PALL-FRENCH-PT_07-modelo-frente-corpo.png
mockups-finais,PALL-GARAGE-AZ_01-costas.png,PALL-GARAGE-AZ_01-costas.png
mockups-finais,PALL-GARAGE-AZ_02-frente.png,PALL-GARAGE-AZ_02-frente.png
mockups-finais,PALL-GARAGE-AZ_03-inclinada.png,PALL-GARAGE-AZ_03-close.png
modelos-azul-marinho,PALL-GARAGE-AZ_M1-costas-close.png,PALL-GARAGE-AZ_04-modelo-costas-close.png
modelos-azul-marinho,PALL-GARAGE-AZ_M2-frente-close.png,PALL-GARAGE-AZ_05-modelo-frente-close.png
modelos-azul-marinho,PALL-GARAGE-AZ_M3-costas-corpo.png,PALL-GARAGE-AZ_06-modelo-costas-corpo.png
modelos-azul-marinho,PALL-GARAGE-AZ_M4-frente-corpo.png,PALL-GARAGE-AZ_07-modelo-frente-corpo.png
mockups-finais,PALL-GARAGE-BR_01-costas.png,PALL-GARAGE-BR_01-costas.png
mockups-finais,PALL-GARAGE-BR_02-frente.png,PALL-GARAGE-BR_02-frente.png
mockups-finais,PALL-GARAGE-BR_03-inclinada.png,PALL-GARAGE-BR_03-close.png
modelos-branca,PALL-GARAGE-BR_M1-costas-close.png,PALL-GARAGE-BR_04-modelo-costas-close.png
modelos-branca,PALL-GARAGE-BR_M2-frente-close.png,PALL-GARAGE-BR_05-modelo-frente-close.png
modelos-branca,PALL-GARAGE-BR_M3-costas-corpo.png,PALL-GARAGE-BR_06-modelo-costas-corpo.png
modelos-branca,PALL-GARAGE-BR_M4-frente-corpo.png,PALL-GARAGE-BR_07-modelo-frente-corpo.png
mockups-finais,PALL-GARAGE-OW_01-costas.png,PALL-GARAGE-OW_01-costas.png
mockups-finais,PALL-GARAGE-OW_02-frente.png,PALL-GARAGE-OW_02-frente.png
mockups-finais,PALL-GARAGE-OW_03-inclinada.png,PALL-GARAGE-OW_03-close.png
modelos-off-white,PALL-GARAGE-OW_M1-costas-close.png,PALL-GARAGE-OW_04-modelo-costas-close.png
modelos-off-white,PALL-GARAGE-OW_M2-frente-close.png,PALL-GARAGE-OW_05-modelo-frente-close.png
modelos-off-white,PALL-GARAGE-OW_M3-costas-corpo.png,PALL-GARAGE-OW_06-modelo-costas-corpo.png
modelos-off-white,PALL-GARAGE-OW_M4-frente-corpo.png,PALL-GARAGE-OW_07-modelo-frente-corpo.png
mockups-finais,PALL-GARAGE-PT_01-costas.png,PALL-GARAGE-PT_01-costas.png
mockups-finais,PALL-GARAGE-PT_02-frente.png,PALL-GARAGE-PT_02-frente.png
mockups-finais,PALL-GARAGE-PT_03-inclinada.png,PALL-GARAGE-PT_03-close.png
modelos-preta,PALL-GARAGE-PT_M1-costas-close.png,PALL-GARAGE-PT_04-modelo-costas-close.png
modelos-preta,PALL-GARAGE-PT_M2-frente-close.png,PALL-GARAGE-PT_05-modelo-frente-close.png
modelos-preta,PALL-GARAGE-PT_M3-costas-corpo.png,PALL-GARAGE-PT_06-modelo-costas-corpo.png
modelos-preta,PALL-GARAGE-PT_M4-frente-corpo.png,PALL-GARAGE-PT_07-modelo-frente-corpo.png
mockups-finais,PALL-GIRLS-LOVE-AZ_01-costas.png,PALL-GIRLS-LOVE-AZ_01-costas.png
mockups-finais,PALL-GIRLS-LOVE-AZ_03-inclinada.png,PALL-GIRLS-LOVE-AZ_02-close.png
mockups-finais,PALL-GIRLS-LOVE-AZ_02-frente.png,PALL-GIRLS-LOVE-AZ_03-frente.png
modelos-azul-marinho,PALL-GIRLS-LOVE-AZ_M1-costas-close.png,PALL-GIRLS-LOVE-AZ_04-modelo-costas-close.png
modelos-azul-marinho,PALL-GIRLS-LOVE-AZ_M2-frente-close.png,PALL-GIRLS-LOVE-AZ_05-modelo-frente-close.png
modelos-azul-marinho,PALL-GIRLS-LOVE-AZ_M3-costas-corpo.png,PALL-GIRLS-LOVE-AZ_06-modelo-costas-corpo.png
modelos-azul-marinho,PALL-GIRLS-LOVE-AZ_M4-frente-corpo.png,PALL-GIRLS-LOVE-AZ_07-modelo-frente-corpo.png
mockups-finais,PALL-GIRLS-LOVE-BR_01-costas.png,PALL-GIRLS-LOVE-BR_01-costas.png
mockups-finais,PALL-GIRLS-LOVE-BR_03-inclinada.png,PALL-GIRLS-LOVE-BR_02-close.png
mockups-finais,PALL-GIRLS-LOVE-BR_02-frente.png,PALL-GIRLS-LOVE-BR_03-frente.png
modelos-branca,PALL-GIRLS-LOVE-BR_M1-costas-close.png,PALL-GIRLS-LOVE-BR_04-modelo-costas-close.png
modelos-branca,PALL-GIRLS-LOVE-BR_M2-frente-close.png,PALL-GIRLS-LOVE-BR_05-modelo-frente-close.png
modelos-branca,PALL-GIRLS-LOVE-BR_M3-costas-corpo.png,PALL-GIRLS-LOVE-BR_06-modelo-costas-corpo.png
modelos-branca,PALL-GIRLS-LOVE-BR_M4-frente-corpo.png,PALL-GIRLS-LOVE-BR_07-modelo-frente-corpo.png
mockups-finais,PALL-GIRLS-LOVE-OW_01-costas.png,PALL-GIRLS-LOVE-OW_01-costas.png
mockups-finais,PALL-GIRLS-LOVE-OW_03-inclinada.png,PALL-GIRLS-LOVE-OW_02-close.png
mockups-finais,PALL-GIRLS-LOVE-OW_02-frente.png,PALL-GIRLS-LOVE-OW_03-frente.png
modelos-off-white,PALL-GIRLS-LOVE-OW_M1-costas-close.png,PALL-GIRLS-LOVE-OW_04-modelo-costas-close.png
modelos-off-white,PALL-GIRLS-LOVE-OW_M2-frente-close.png,PALL-GIRLS-LOVE-OW_05-modelo-frente-close.png
modelos-off-white,PALL-GIRLS-LOVE-OW_M3-costas-corpo.png,PALL-GIRLS-LOVE-OW_06-modelo-costas-corpo.png
modelos-off-white,PALL-GIRLS-LOVE-OW_M4-frente-corpo.png,PALL-GIRLS-LOVE-OW_07-modelo-frente-corpo.png
mockups-finais,PALL-GIRLS-LOVE-PT_01-costas.png,PALL-GIRLS-LOVE-PT_01-costas.png
mockups-finais,PALL-GIRLS-LOVE-PT_03-inclinada.png,PALL-GIRLS-LOVE-PT_02-close.png
mockups-finais,PALL-GIRLS-LOVE-PT_02-frente.png,PALL-GIRLS-LOVE-PT_03-frente.png
modelos-preta,PALL-GIRLS-LOVE-PT_M1-costas-close.png,PALL-GIRLS-LOVE-PT_04-modelo-costas-close.png
modelos-preta,PALL-GIRLS-LOVE-PT_M2-frente-close.png,PALL-GIRLS-LOVE-PT_05-modelo-frente-close.png
modelos-preta,PALL-GIRLS-LOVE-PT_M3-costas-corpo.png,PALL-GIRLS-LOVE-PT_06-modelo-costas-corpo.png
modelos-preta,PALL-GIRLS-LOVE-PT_M4-frente-corpo.png,PALL-GIRLS-LOVE-PT_07-modelo-frente-corpo.png
mockups-finais,PALL-GLORY-BR_01-costas.png,PALL-GLORY-BR_01-costas.png
mockups-finais,PALL-GLORY-BR_03-inclinada.png,PALL-GLORY-BR_02-close.png
mockups-finais,PALL-GLORY-BR_02-frente.png,PALL-GLORY-BR_03-frente.png
modelos-branca,PALL-GLORY-BR_M1-costas-close.png,PALL-GLORY-BR_04-modelo-costas-close.png
modelos-branca,PALL-GLORY-BR_M2-frente-close.png,PALL-GLORY-BR_05-modelo-frente-close.png
modelos-branca,PALL-GLORY-BR_M3-costas-corpo.png,PALL-GLORY-BR_06-modelo-costas-corpo.png
modelos-branca,PALL-GLORY-BR_M4-frente-corpo.png,PALL-GLORY-BR_07-modelo-frente-corpo.png
mockups-finais,PALL-GLORY-OW_01-costas.png,PALL-GLORY-OW_01-costas.png
mockups-finais,PALL-GLORY-OW_03-inclinada.png,PALL-GLORY-OW_02-close.png
mockups-finais,PALL-GLORY-OW_02-frente.png,PALL-GLORY-OW_03-frente.png
modelos-off-white,PALL-GLORY-OW_M1-costas-close.png,PALL-GLORY-OW_04-modelo-costas-close.png
modelos-off-white,PALL-GLORY-OW_M2-frente-close.png,PALL-GLORY-OW_05-modelo-frente-close.png
modelos-off-white,PALL-GLORY-OW_M3-costas-corpo.png,PALL-GLORY-OW_06-modelo-costas-corpo.png
modelos-off-white,PALL-GLORY-OW_M4-frente-corpo.png,PALL-GLORY-OW_07-modelo-frente-corpo.png
mockups-finais,PALL-GLORY-PT_01-costas.png,PALL-GLORY-PT_01-costas.png
mockups-finais,PALL-GLORY-PT_03-inclinada.png,PALL-GLORY-PT_02-close.png
mockups-finais,PALL-GLORY-PT_02-frente.png,PALL-GLORY-PT_03-frente.png
modelos-preta,PALL-GLORY-PT_M1-costas-close.png,PALL-GLORY-PT_04-modelo-costas-close.png
modelos-preta,PALL-GLORY-PT_M2-frente-close.png,PALL-GLORY-PT_05-modelo-frente-close.png
modelos-preta,PALL-GLORY-PT_M3-costas-corpo.png,PALL-GLORY-PT_06-modelo-costas-corpo.png
modelos-preta,PALL-GLORY-PT_M4-frente-corpo.png,PALL-GLORY-PT_07-modelo-frente-corpo.png
mockups-finais,PALL-GOD-IS-A-DJ-BR_01-costas.png,PALL-GOD-IS-A-DJ-BR_01-costas.png
mockups-finais,PALL-GOD-IS-A-DJ-BR_03-inclinada.png,PALL-GOD-IS-A-DJ-BR_02-close.png
mockups-finais,PALL-GOD-IS-A-DJ-BR_02-frente.png,PALL-GOD-IS-A-DJ-BR_03-frente.png
modelos-branca,PALL-GOD-IS-A-DJ-BR_M1-costas-close.png,PALL-GOD-IS-A-DJ-BR_04-modelo-costas-close.png
modelos-branca,PALL-GOD-IS-A-DJ-BR_M2-frente-close.png,PALL-GOD-IS-A-DJ-BR_05-modelo-frente-close.png
modelos-branca,PALL-GOD-IS-A-DJ-BR_M3-costas-corpo.png,PALL-GOD-IS-A-DJ-BR_06-modelo-costas-corpo.png
modelos-branca,PALL-GOD-IS-A-DJ-BR_M4-frente-corpo.png,PALL-GOD-IS-A-DJ-BR_07-modelo-frente-corpo.png
mockups-finais,PALL-GOD-IS-A-DJ-OW_01-costas.png,PALL-GOD-IS-A-DJ-OW_01-costas.png
mockups-finais,PALL-GOD-IS-A-DJ-OW_03-inclinada.png,PALL-GOD-IS-A-DJ-OW_02-close.png
mockups-finais,PALL-GOD-IS-A-DJ-OW_02-frente.png,PALL-GOD-IS-A-DJ-OW_03-frente.png
modelos-off-white,PALL-GOD-IS-A-DJ-OW_M1-costas-close.png,PALL-GOD-IS-A-DJ-OW_04-modelo-costas-close.png
modelos-off-white,PALL-GOD-IS-A-DJ-OW_M2-frente-close.png,PALL-GOD-IS-A-DJ-OW_05-modelo-frente-close.png
modelos-off-white,PALL-GOD-IS-A-DJ-OW_M3-costas-corpo.png,PALL-GOD-IS-A-DJ-OW_06-modelo-costas-corpo.png
modelos-off-white,PALL-GOD-IS-A-DJ-OW_M4-frente-corpo.png,PALL-GOD-IS-A-DJ-OW_07-modelo-frente-corpo.png
mockups-finais,PALL-GOD-IS-A-DJ-PT_01-costas.png,PALL-GOD-IS-A-DJ-PT_01-costas.png
mockups-finais,PALL-GOD-IS-A-DJ-PT_03-inclinada.png,PALL-GOD-IS-A-DJ-PT_02-close.png
mockups-finais,PALL-GOD-IS-A-DJ-PT_02-frente.png,PALL-GOD-IS-A-DJ-PT_03-frente.png
modelos-preta,PALL-GOD-IS-A-DJ-PT_M1-costas-close.png,PALL-GOD-IS-A-DJ-PT_04-modelo-costas-close.png
modelos-preta,PALL-GOD-IS-A-DJ-PT_M2-frente-close.png,PALL-GOD-IS-A-DJ-PT_05-modelo-frente-close.png
modelos-preta,PALL-GOD-IS-A-DJ-PT_M3-costas-corpo.png,PALL-GOD-IS-A-DJ-PT_06-modelo-costas-corpo.png
modelos-preta,PALL-GOD-IS-A-DJ-PT_M4-frente-corpo.png,PALL-GOD-IS-A-DJ-PT_07-modelo-frente-corpo.png
mockups-finais,PALL-GUESTLIST-AZ_01-costas.png,PALL-GUESTLIST-AZ_01-costas.png
mockups-finais,PALL-GUESTLIST-AZ_03-inclinada.png,PALL-GUESTLIST-AZ_02-close.png
mockups-finais,PALL-GUESTLIST-AZ_02-frente.png,PALL-GUESTLIST-AZ_03-frente.png
modelos-azul-marinho,PALL-GUESTLIST-AZ_M1-costas-close.png,PALL-GUESTLIST-AZ_04-modelo-costas-close.png
modelos-azul-marinho,PALL-GUESTLIST-AZ_M2-frente-close.png,PALL-GUESTLIST-AZ_05-modelo-frente-close.png
modelos-azul-marinho,PALL-GUESTLIST-AZ_M3-costas-corpo.png,PALL-GUESTLIST-AZ_06-modelo-costas-corpo.png
modelos-azul-marinho,PALL-GUESTLIST-AZ_M4-frente-corpo.png,PALL-GUESTLIST-AZ_07-modelo-frente-corpo.png
mockups-finais,PALL-GUESTLIST-BR_01-costas.png,PALL-GUESTLIST-BR_01-costas.png
mockups-finais,PALL-GUESTLIST-BR_03-inclinada.png,PALL-GUESTLIST-BR_02-close.png
mockups-finais,PALL-GUESTLIST-BR_02-frente.png,PALL-GUESTLIST-BR_03-frente.png
modelos-branca,PALL-GUESTLIST-BR_M1-costas-close.png,PALL-GUESTLIST-BR_04-modelo-costas-close.png
modelos-branca,PALL-GUESTLIST-BR_M2-frente-close.png,PALL-GUESTLIST-BR_05-modelo-frente-close.png
modelos-branca,PALL-GUESTLIST-BR_M3-costas-corpo.png,PALL-GUESTLIST-BR_06-modelo-costas-corpo.png
modelos-branca,PALL-GUESTLIST-BR_M4-frente-corpo.png,PALL-GUESTLIST-BR_07-modelo-frente-corpo.png
mockups-finais,PALL-GUESTLIST-OW_01-costas.png,PALL-GUESTLIST-OW_01-costas.png
mockups-finais,PALL-GUESTLIST-OW_03-inclinada.png,PALL-GUESTLIST-OW_02-close.png
mockups-finais,PALL-GUESTLIST-OW_02-frente.png,PALL-GUESTLIST-OW_03-frente.png
modelos-off-white,PALL-GUESTLIST-OW_M1-costas-close.png,PALL-GUESTLIST-OW_04-modelo-costas-close.png
modelos-off-white,PALL-GUESTLIST-OW_M2-frente-close.png,PALL-GUESTLIST-OW_05-modelo-frente-close.png
modelos-off-white,PALL-GUESTLIST-OW_M3-costas-corpo.png,PALL-GUESTLIST-OW_06-modelo-costas-corpo.png
modelos-off-white,PALL-GUESTLIST-OW_M4-frente-corpo.png,PALL-GUESTLIST-OW_07-modelo-frente-corpo.png
mockups-finais,PALL-GUESTLIST-PT_01-costas.png,PALL-GUESTLIST-PT_01-costas.png
mockups-finais,PALL-GUESTLIST-PT_03-inclinada.png,PALL-GUESTLIST-PT_02-close.png
mockups-finais,PALL-GUESTLIST-PT_02-frente.png,PALL-GUESTLIST-PT_03-frente.png
modelos-preta,PALL-GUESTLIST-PT_M1-costas-close.png,PALL-GUESTLIST-PT_04-modelo-costas-close.png
modelos-preta,PALL-GUESTLIST-PT_M2-frente-close.png,PALL-GUESTLIST-PT_05-modelo-frente-close.png
modelos-preta,PALL-GUESTLIST-PT_M3-costas-corpo.png,PALL-GUESTLIST-PT_06-modelo-costas-corpo.png
modelos-preta,PALL-GUESTLIST-PT_M4-frente-corpo.png,PALL-GUESTLIST-PT_07-modelo-frente-corpo.png
mockups-finais,PALL-HAPPY-AZ_01-costas.png,PALL-HAPPY-AZ_01-costas.png
mockups-finais,PALL-HAPPY-AZ_03-inclinada.png,PALL-HAPPY-AZ_02-close.png
mockups-finais,PALL-HAPPY-AZ_02-frente.png,PALL-HAPPY-AZ_03-frente.png
modelos-azul-marinho,PALL-HAPPY-AZ_M1-costas-close.png,PALL-HAPPY-AZ_04-modelo-costas-close.png
modelos-azul-marinho,PALL-HAPPY-AZ_M2-frente-close.png,PALL-HAPPY-AZ_05-modelo-frente-close.png
modelos-azul-marinho,PALL-HAPPY-AZ_M3-costas-corpo.png,PALL-HAPPY-AZ_06-modelo-costas-corpo.png
modelos-azul-marinho,PALL-HAPPY-AZ_M4-frente-corpo.png,PALL-HAPPY-AZ_07-modelo-frente-corpo.png
mockups-finais,PALL-HAPPY-BR_01-costas.png,PALL-HAPPY-BR_01-costas.png
mockups-finais,PALL-HAPPY-BR_03-inclinada.png,PALL-HAPPY-BR_02-close.png
mockups-finais,PALL-HAPPY-BR_02-frente.png,PALL-HAPPY-BR_03-frente.png
modelos-branca,PALL-HAPPY-BR_M1-costas-close.png,PALL-HAPPY-BR_04-modelo-costas-close.png
modelos-branca,PALL-HAPPY-BR_M2-frente-close.png,PALL-HAPPY-BR_05-modelo-frente-close.png
modelos-branca,PALL-HAPPY-BR_M3-costas-corpo.png,PALL-HAPPY-BR_06-modelo-costas-corpo.png
modelos-branca,PALL-HAPPY-BR_M4-frente-corpo.png,PALL-HAPPY-BR_07-modelo-frente-corpo.png
mockups-finais,PALL-HAPPY-OW_01-costas.png,PALL-HAPPY-OW_01-costas.png
mockups-finais,PALL-HAPPY-OW_03-inclinada.png,PALL-HAPPY-OW_02-close.png
mockups-finais,PALL-HAPPY-OW_02-frente.png,PALL-HAPPY-OW_03-frente.png
modelos-off-white,PALL-HAPPY-OW_M1-costas-close.png,PALL-HAPPY-OW_04-modelo-costas-close.png
modelos-off-white,PALL-HAPPY-OW_M2-frente-close.png,PALL-HAPPY-OW_05-modelo-frente-close.png
modelos-off-white,PALL-HAPPY-OW_M3-costas-corpo.png,PALL-HAPPY-OW_06-modelo-costas-corpo.png
modelos-off-white,PALL-HAPPY-OW_M4-frente-corpo.png,PALL-HAPPY-OW_07-modelo-frente-corpo.png
mockups-finais,PALL-HAPPY-PT_01-costas.png,PALL-HAPPY-PT_01-costas.png
mockups-finais,PALL-HAPPY-PT_03-inclinada.png,PALL-HAPPY-PT_02-close.png
mockups-finais,PALL-HAPPY-PT_02-frente.png,PALL-HAPPY-PT_03-frente.png
modelos-preta,PALL-HAPPY-PT_M1-costas-close.png,PALL-HAPPY-PT_04-modelo-costas-close.png
modelos-preta,PALL-HAPPY-PT_M2-frente-close.png,PALL-HAPPY-PT_05-modelo-frente-close.png
modelos-preta,PALL-HAPPY-PT_M3-costas-corpo.png,PALL-HAPPY-PT_06-modelo-costas-corpo.png
modelos-preta,PALL-HAPPY-PT_M4-frente-corpo.png,PALL-HAPPY-PT_07-modelo-frente-corpo.png
mockups-finais,PALL-HERITAGE-AZ_01-costas.png,PALL-HERITAGE-AZ_01-costas.png
mockups-finais,PALL-HERITAGE-AZ_03-inclinada.png,PALL-HERITAGE-AZ_02-close.png
mockups-finais,PALL-HERITAGE-AZ_02-frente.png,PALL-HERITAGE-AZ_03-frente.png
modelos-azul-marinho,PALL-HERITAGE-AZ_M1-costas-close.png,PALL-HERITAGE-AZ_04-modelo-costas-close.png
modelos-azul-marinho,PALL-HERITAGE-AZ_M2-frente-close.png,PALL-HERITAGE-AZ_05-modelo-frente-close.png
modelos-azul-marinho,PALL-HERITAGE-AZ_M3-costas-corpo.png,PALL-HERITAGE-AZ_06-modelo-costas-corpo.png
modelos-azul-marinho,PALL-HERITAGE-AZ_M4-frente-corpo.png,PALL-HERITAGE-AZ_07-modelo-frente-corpo.png
mockups-finais,PALL-HERITAGE-BR_01-costas.png,PALL-HERITAGE-BR_01-costas.png
mockups-finais,PALL-HERITAGE-BR_03-inclinada.png,PALL-HERITAGE-BR_02-close.png
mockups-finais,PALL-HERITAGE-BR_02-frente.png,PALL-HERITAGE-BR_03-frente.png
modelos-branca,PALL-HERITAGE-BR_M1-costas-close.png,PALL-HERITAGE-BR_04-modelo-costas-close.png
modelos-branca,PALL-HERITAGE-BR_M2-frente-close.png,PALL-HERITAGE-BR_05-modelo-frente-close.png
modelos-branca,PALL-HERITAGE-BR_M3-costas-corpo.png,PALL-HERITAGE-BR_06-modelo-costas-corpo.png
modelos-branca,PALL-HERITAGE-BR_M4-frente-corpo.png,PALL-HERITAGE-BR_07-modelo-frente-corpo.png
mockups-finais,PALL-HERITAGE-OW_01-costas.png,PALL-HERITAGE-OW_01-costas.png
mockups-finais,PALL-HERITAGE-OW_03-inclinada.png,PALL-HERITAGE-OW_02-close.png
mockups-finais,PALL-HERITAGE-OW_02-frente.png,PALL-HERITAGE-OW_03-frente.png
modelos-off-white,PALL-HERITAGE-OW_M1-costas-close.png,PALL-HERITAGE-OW_04-modelo-costas-close.png
modelos-off-white,PALL-HERITAGE-OW_M2-frente-close.png,PALL-HERITAGE-OW_05-modelo-frente-close.png
modelos-off-white,PALL-HERITAGE-OW_M3-costas-corpo.png,PALL-HERITAGE-OW_06-modelo-costas-corpo.png
modelos-off-white,PALL-HERITAGE-OW_M4-frente-corpo.png,PALL-HERITAGE-OW_07-modelo-frente-corpo.png
mockups-finais,PALL-HERITAGE-PT_01-costas.png,PALL-HERITAGE-PT_01-costas.png
mockups-finais,PALL-HERITAGE-PT_03-inclinada.png,PALL-HERITAGE-PT_02-close.png
mockups-finais,PALL-HERITAGE-PT_02-frente.png,PALL-HERITAGE-PT_03-frente.png
modelos-preta,PALL-HERITAGE-PT_M1-costas-close.png,PALL-HERITAGE-PT_04-modelo-costas-close.png
modelos-preta,PALL-HERITAGE-PT_M2-frente-close.png,PALL-HERITAGE-PT_05-modelo-frente-close.png
modelos-preta,PALL-HERITAGE-PT_M3-costas-corpo.png,PALL-HERITAGE-PT_06-modelo-costas-corpo.png
modelos-preta,PALL-HERITAGE-PT_M4-frente-corpo.png,PALL-HERITAGE-PT_07-modelo-frente-corpo.png
mockups-finais,PALL-HOT-SEASON-BR_01-costas.png,PALL-HOT-SEASON-BR_01-costas.png
mockups-finais,PALL-HOT-SEASON-BR_02-frente.png,PALL-HOT-SEASON-BR_02-frente.png
mockups-finais,PALL-HOT-SEASON-BR_03-inclinada.png,PALL-HOT-SEASON-BR_03-close.png
modelos-branca,PALL-HOT-SEASON-BR_M1-costas-close.png,PALL-HOT-SEASON-BR_04-modelo-costas-close.png
modelos-branca,PALL-HOT-SEASON-BR_M2-frente-close.png,PALL-HOT-SEASON-BR_05-modelo-frente-close.png
modelos-branca,PALL-HOT-SEASON-BR_M3-costas-corpo.png,PALL-HOT-SEASON-BR_06-modelo-costas-corpo.png
modelos-branca,PALL-HOT-SEASON-BR_M4-frente-corpo.png,PALL-HOT-SEASON-BR_07-modelo-frente-corpo.png
mockups-finais,PALL-HOT-SEASON-OW_01-costas.png,PALL-HOT-SEASON-OW_01-costas.png
mockups-finais,PALL-HOT-SEASON-OW_02-frente.png,PALL-HOT-SEASON-OW_02-frente.png
mockups-finais,PALL-HOT-SEASON-OW_03-inclinada.png,PALL-HOT-SEASON-OW_03-close.png
modelos-off-white,PALL-HOT-SEASON-OW_M1-costas-close.png,PALL-HOT-SEASON-OW_04-modelo-costas-close.png
modelos-off-white,PALL-HOT-SEASON-OW_M2-frente-close.png,PALL-HOT-SEASON-OW_05-modelo-frente-close.png
modelos-off-white,PALL-HOT-SEASON-OW_M3-costas-corpo.png,PALL-HOT-SEASON-OW_06-modelo-costas-corpo.png
modelos-off-white,PALL-HOT-SEASON-OW_M4-frente-corpo.png,PALL-HOT-SEASON-OW_07-modelo-frente-corpo.png
mockups-finais,PALL-HOT-SEASON-PT_01-costas.png,PALL-HOT-SEASON-PT_01-costas.png
mockups-finais,PALL-HOT-SEASON-PT_02-frente.png,PALL-HOT-SEASON-PT_02-frente.png
mockups-finais,PALL-HOT-SEASON-PT_03-inclinada.png,PALL-HOT-SEASON-PT_03-close.png
modelos-preta,PALL-HOT-SEASON-PT_M1-costas-close.png,PALL-HOT-SEASON-PT_04-modelo-costas-close.png
modelos-preta,PALL-HOT-SEASON-PT_M2-frente-close.png,PALL-HOT-SEASON-PT_05-modelo-frente-close.png
modelos-preta,PALL-HOT-SEASON-PT_M3-costas-corpo.png,PALL-HOT-SEASON-PT_06-modelo-costas-corpo.png
modelos-preta,PALL-HOT-SEASON-PT_M4-frente-corpo.png,PALL-HOT-SEASON-PT_07-modelo-frente-corpo.png
mockups-finais,PALL-HOTEL-AZ_01-costas.png,PALL-HOTEL-AZ_01-costas.png
mockups-finais,PALL-HOTEL-AZ_02-frente.png,PALL-HOTEL-AZ_02-frente.png
mockups-finais,PALL-HOTEL-AZ_03-inclinada.png,PALL-HOTEL-AZ_03-close.png
modelos-azul-marinho,PALL-HOTEL-AZ_M1-costas-close.png,PALL-HOTEL-AZ_04-modelo-costas-close.png
modelos-azul-marinho,PALL-HOTEL-AZ_M2-frente-close.png,PALL-HOTEL-AZ_05-modelo-frente-close.png
modelos-azul-marinho,PALL-HOTEL-AZ_M3-costas-corpo.png,PALL-HOTEL-AZ_06-modelo-costas-corpo.png
modelos-azul-marinho,PALL-HOTEL-AZ_M4-frente-corpo.png,PALL-HOTEL-AZ_07-modelo-frente-corpo.png
mockups-finais,PALL-HOTEL-BR_01-costas.png,PALL-HOTEL-BR_01-costas.png
mockups-finais,PALL-HOTEL-BR_02-frente.png,PALL-HOTEL-BR_02-frente.png
mockups-finais,PALL-HOTEL-BR_03-inclinada.png,PALL-HOTEL-BR_03-close.png
modelos-branca,PALL-HOTEL-BR_M1-costas-close.png,PALL-HOTEL-BR_04-modelo-costas-close.png
modelos-branca,PALL-HOTEL-BR_M2-frente-close.png,PALL-HOTEL-BR_05-modelo-frente-close.png
modelos-branca,PALL-HOTEL-BR_M3-costas-corpo.png,PALL-HOTEL-BR_06-modelo-costas-corpo.png
modelos-branca,PALL-HOTEL-BR_M4-frente-corpo.png,PALL-HOTEL-BR_07-modelo-frente-corpo.png
mockups-finais,PALL-HOTEL-OW_01-costas.png,PALL-HOTEL-OW_01-costas.png
mockups-finais,PALL-HOTEL-OW_02-frente.png,PALL-HOTEL-OW_02-frente.png
mockups-finais,PALL-HOTEL-OW_03-inclinada.png,PALL-HOTEL-OW_03-close.png
modelos-off-white,PALL-HOTEL-OW_M1-costas-close.png,PALL-HOTEL-OW_04-modelo-costas-close.png
modelos-off-white,PALL-HOTEL-OW_M2-frente-close.png,PALL-HOTEL-OW_05-modelo-frente-close.png
modelos-off-white,PALL-HOTEL-OW_M3-costas-corpo.png,PALL-HOTEL-OW_06-modelo-costas-corpo.png
modelos-off-white,PALL-HOTEL-OW_M4-frente-corpo.png,PALL-HOTEL-OW_07-modelo-frente-corpo.png
mockups-finais,PALL-HOTEL-PT_01-costas.png,PALL-HOTEL-PT_01-costas.png
mockups-finais,PALL-HOTEL-PT_02-frente.png,PALL-HOTEL-PT_02-frente.png
mockups-finais,PALL-HOTEL-PT_03-inclinada.png,PALL-HOTEL-PT_03-close.png
modelos-preta,PALL-HOTEL-PT_M1-costas-close.png,PALL-HOTEL-PT_04-modelo-costas-close.png
modelos-preta,PALL-HOTEL-PT_M2-frente-close.png,PALL-HOTEL-PT_05-modelo-frente-close.png
modelos-preta,PALL-HOTEL-PT_M3-costas-corpo.png,PALL-HOTEL-PT_06-modelo-costas-corpo.png
modelos-preta,PALL-HOTEL-PT_M4-frente-corpo.png,PALL-HOTEL-PT_07-modelo-frente-corpo.png
mockups-finais,PALL-HOUSE-MUSIC-AZ_01-costas.png,PALL-HOUSE-MUSIC-AZ_01-costas.png
mockups-finais,PALL-HOUSE-MUSIC-AZ_03-inclinada.png,PALL-HOUSE-MUSIC-AZ_02-close.png
mockups-finais,PALL-HOUSE-MUSIC-AZ_02-frente.png,PALL-HOUSE-MUSIC-AZ_03-frente.png
modelos-azul-marinho,PALL-HOUSE-MUSIC-AZ_M1-costas-close.png,PALL-HOUSE-MUSIC-AZ_04-modelo-costas-close.png
modelos-azul-marinho,PALL-HOUSE-MUSIC-AZ_M2-frente-close.png,PALL-HOUSE-MUSIC-AZ_05-modelo-frente-close.png
modelos-azul-marinho,PALL-HOUSE-MUSIC-AZ_M3-costas-corpo.png,PALL-HOUSE-MUSIC-AZ_06-modelo-costas-corpo.png
modelos-azul-marinho,PALL-HOUSE-MUSIC-AZ_M4-frente-corpo.png,PALL-HOUSE-MUSIC-AZ_07-modelo-frente-corpo.png
mockups-finais,PALL-HOUSE-MUSIC-BR_01-costas.png,PALL-HOUSE-MUSIC-BR_01-costas.png
mockups-finais,PALL-HOUSE-MUSIC-BR_03-inclinada.png,PALL-HOUSE-MUSIC-BR_02-close.png
mockups-finais,PALL-HOUSE-MUSIC-BR_02-frente.png,PALL-HOUSE-MUSIC-BR_03-frente.png
modelos-branca,PALL-HOUSE-MUSIC-BR_M1-costas-close.png,PALL-HOUSE-MUSIC-BR_04-modelo-costas-close.png
modelos-branca,PALL-HOUSE-MUSIC-BR_M2-frente-close.png,PALL-HOUSE-MUSIC-BR_05-modelo-frente-close.png
modelos-branca,PALL-HOUSE-MUSIC-BR_M3-costas-corpo.png,PALL-HOUSE-MUSIC-BR_06-modelo-costas-corpo.png
modelos-branca,PALL-HOUSE-MUSIC-BR_M4-frente-corpo.png,PALL-HOUSE-MUSIC-BR_07-modelo-frente-corpo.png
mockups-finais,PALL-HOUSE-MUSIC-OW_01-costas.png,PALL-HOUSE-MUSIC-OW_01-costas.png
mockups-finais,PALL-HOUSE-MUSIC-OW_03-inclinada.png,PALL-HOUSE-MUSIC-OW_02-close.png
mockups-finais,PALL-HOUSE-MUSIC-OW_02-frente.png,PALL-HOUSE-MUSIC-OW_03-frente.png
modelos-off-white,PALL-HOUSE-MUSIC-OW_M1-costas-close.png,PALL-HOUSE-MUSIC-OW_04-modelo-costas-close.png
modelos-off-white,PALL-HOUSE-MUSIC-OW_M2-frente-close.png,PALL-HOUSE-MUSIC-OW_05-modelo-frente-close.png
modelos-off-white,PALL-HOUSE-MUSIC-OW_M3-costas-corpo.png,PALL-HOUSE-MUSIC-OW_06-modelo-costas-corpo.png
modelos-off-white,PALL-HOUSE-MUSIC-OW_M4-frente-corpo.png,PALL-HOUSE-MUSIC-OW_07-modelo-frente-corpo.png
mockups-finais,PALL-HOUSE-MUSIC-PT_01-costas.png,PALL-HOUSE-MUSIC-PT_01-costas.png
mockups-finais,PALL-HOUSE-MUSIC-PT_03-inclinada.png,PALL-HOUSE-MUSIC-PT_02-close.png
mockups-finais,PALL-HOUSE-MUSIC-PT_02-frente.png,PALL-HOUSE-MUSIC-PT_03-frente.png
modelos-preta,PALL-HOUSE-MUSIC-PT_M1-costas-close.png,PALL-HOUSE-MUSIC-PT_04-modelo-costas-close.png
modelos-preta,PALL-HOUSE-MUSIC-PT_M2-frente-close.png,PALL-HOUSE-MUSIC-PT_05-modelo-frente-close.png
modelos-preta,PALL-HOUSE-MUSIC-PT_M3-costas-corpo.png,PALL-HOUSE-MUSIC-PT_06-modelo-costas-corpo.png
modelos-preta,PALL-HOUSE-MUSIC-PT_M4-frente-corpo.png,PALL-HOUSE-MUSIC-PT_07-modelo-frente-corpo.png
mockups-finais,PALL-IBIZA-BR_01-costas.png,PALL-IBIZA-BR_01-costas.png
mockups-finais,PALL-IBIZA-BR_03-inclinada.png,PALL-IBIZA-BR_02-close.png
mockups-finais,PALL-IBIZA-BR_02-frente.png,PALL-IBIZA-BR_03-frente.png
modelos-branca,PALL-IBIZA-BR_M1-costas-close.png,PALL-IBIZA-BR_04-modelo-costas-close.png
modelos-branca,PALL-IBIZA-BR_M2-frente-close.png,PALL-IBIZA-BR_05-modelo-frente-close.png
modelos-branca,PALL-IBIZA-BR_M3-costas-corpo.png,PALL-IBIZA-BR_06-modelo-costas-corpo.png
modelos-branca,PALL-IBIZA-BR_M4-frente-corpo.png,PALL-IBIZA-BR_07-modelo-frente-corpo.png
mockups-finais,PALL-IBIZA-OW_01-costas.png,PALL-IBIZA-OW_01-costas.png
mockups-finais,PALL-IBIZA-OW_03-inclinada.png,PALL-IBIZA-OW_02-close.png
mockups-finais,PALL-IBIZA-OW_02-frente.png,PALL-IBIZA-OW_03-frente.png
modelos-off-white,PALL-IBIZA-OW_M1-costas-close.png,PALL-IBIZA-OW_04-modelo-costas-close.png
modelos-off-white,PALL-IBIZA-OW_M2-frente-close.png,PALL-IBIZA-OW_05-modelo-frente-close.png
modelos-off-white,PALL-IBIZA-OW_M3-costas-corpo.png,PALL-IBIZA-OW_06-modelo-costas-corpo.png
modelos-off-white,PALL-IBIZA-OW_M4-frente-corpo.png,PALL-IBIZA-OW_07-modelo-frente-corpo.png
mockups-finais,PALL-IBIZA-PT_01-costas.png,PALL-IBIZA-PT_01-costas.png
mockups-finais,PALL-IBIZA-PT_03-inclinada.png,PALL-IBIZA-PT_02-close.png
mockups-finais,PALL-IBIZA-PT_02-frente.png,PALL-IBIZA-PT_03-frente.png
modelos-preta,PALL-IBIZA-PT_M1-costas-close.png,PALL-IBIZA-PT_04-modelo-costas-close.png
modelos-preta,PALL-IBIZA-PT_M2-frente-close.png,PALL-IBIZA-PT_05-modelo-frente-close.png
modelos-preta,PALL-IBIZA-PT_M3-costas-corpo.png,PALL-IBIZA-PT_06-modelo-costas-corpo.png
modelos-preta,PALL-IBIZA-PT_M4-frente-corpo.png,PALL-IBIZA-PT_07-modelo-frente-corpo.png
mockups-finais,PALL-IMPOSTO-AZ_01-costas.png,PALL-IMPOSTO-AZ_01-costas.png
mockups-finais,PALL-IMPOSTO-AZ_03-inclinada.png,PALL-IMPOSTO-AZ_02-close.png
mockups-finais,PALL-IMPOSTO-AZ_02-frente.png,PALL-IMPOSTO-AZ_03-frente.png
modelos-azul-marinho,PALL-IMPOSTO-AZ_M1-costas-close.png,PALL-IMPOSTO-AZ_04-modelo-costas-close.png
modelos-azul-marinho,PALL-IMPOSTO-AZ_M2-frente-close.png,PALL-IMPOSTO-AZ_05-modelo-frente-close.png
modelos-azul-marinho,PALL-IMPOSTO-AZ_M3-costas-corpo.png,PALL-IMPOSTO-AZ_06-modelo-costas-corpo.png
modelos-azul-marinho,PALL-IMPOSTO-AZ_M4-frente-corpo.png,PALL-IMPOSTO-AZ_07-modelo-frente-corpo.png
mockups-finais,PALL-IMPOSTO-BR_01-costas.png,PALL-IMPOSTO-BR_01-costas.png
mockups-finais,PALL-IMPOSTO-BR_03-inclinada.png,PALL-IMPOSTO-BR_02-close.png
mockups-finais,PALL-IMPOSTO-BR_02-frente.png,PALL-IMPOSTO-BR_03-frente.png
modelos-branca,PALL-IMPOSTO-BR_M1-costas-close.png,PALL-IMPOSTO-BR_04-modelo-costas-close.png
modelos-branca,PALL-IMPOSTO-BR_M2-frente-close.png,PALL-IMPOSTO-BR_05-modelo-frente-close.png
modelos-branca,PALL-IMPOSTO-BR_M3-costas-corpo.png,PALL-IMPOSTO-BR_06-modelo-costas-corpo.png
modelos-branca,PALL-IMPOSTO-BR_M4-frente-corpo.png,PALL-IMPOSTO-BR_07-modelo-frente-corpo.png
mockups-finais,PALL-IMPOSTO-OW_01-costas.png,PALL-IMPOSTO-OW_01-costas.png
mockups-finais,PALL-IMPOSTO-OW_03-inclinada.png,PALL-IMPOSTO-OW_02-close.png
mockups-finais,PALL-IMPOSTO-OW_02-frente.png,PALL-IMPOSTO-OW_03-frente.png
modelos-off-white,PALL-IMPOSTO-OW_M1-costas-close.png,PALL-IMPOSTO-OW_04-modelo-costas-close.png
modelos-off-white,PALL-IMPOSTO-OW_M2-frente-close.png,PALL-IMPOSTO-OW_05-modelo-frente-close.png
modelos-off-white,PALL-IMPOSTO-OW_M3-costas-corpo.png,PALL-IMPOSTO-OW_06-modelo-costas-corpo.png
modelos-off-white,PALL-IMPOSTO-OW_M4-frente-corpo.png,PALL-IMPOSTO-OW_07-modelo-frente-corpo.png
mockups-finais,PALL-IMPOSTO-PT_01-costas.png,PALL-IMPOSTO-PT_01-costas.png
mockups-finais,PALL-IMPOSTO-PT_03-inclinada.png,PALL-IMPOSTO-PT_02-close.png
mockups-finais,PALL-IMPOSTO-PT_02-frente.png,PALL-IMPOSTO-PT_03-frente.png
modelos-preta,PALL-IMPOSTO-PT_M1-costas-close.png,PALL-IMPOSTO-PT_04-modelo-costas-close.png
modelos-preta,PALL-IMPOSTO-PT_M2-frente-close.png,PALL-IMPOSTO-PT_05-modelo-frente-close.png
modelos-preta,PALL-IMPOSTO-PT_M3-costas-corpo.png,PALL-IMPOSTO-PT_06-modelo-costas-corpo.png
modelos-preta,PALL-IMPOSTO-PT_M4-frente-corpo.png,PALL-IMPOSTO-PT_07-modelo-frente-corpo.png
mockups-finais,PALL-INSTAGRAM-AZ_01-costas.png,PALL-INSTAGRAM-AZ_01-costas.png
mockups-finais,PALL-INSTAGRAM-AZ_03-inclinada.png,PALL-INSTAGRAM-AZ_02-close.png
mockups-finais,PALL-INSTAGRAM-AZ_02-frente.png,PALL-INSTAGRAM-AZ_03-frente.png
modelos-azul-marinho,PALL-INSTAGRAM-AZ_M1-costas-close.png,PALL-INSTAGRAM-AZ_04-modelo-costas-close.png
modelos-azul-marinho,PALL-INSTAGRAM-AZ_M2-frente-close.png,PALL-INSTAGRAM-AZ_05-modelo-frente-close.png
modelos-azul-marinho,PALL-INSTAGRAM-AZ_M3-costas-corpo.png,PALL-INSTAGRAM-AZ_06-modelo-costas-corpo.png
modelos-azul-marinho,PALL-INSTAGRAM-AZ_M4-frente-corpo.png,PALL-INSTAGRAM-AZ_07-modelo-frente-corpo.png
mockups-finais,PALL-INSTAGRAM-BR_01-costas.png,PALL-INSTAGRAM-BR_01-costas.png
mockups-finais,PALL-INSTAGRAM-BR_03-inclinada.png,PALL-INSTAGRAM-BR_02-close.png
mockups-finais,PALL-INSTAGRAM-BR_02-frente.png,PALL-INSTAGRAM-BR_03-frente.png
modelos-branca,PALL-INSTAGRAM-BR_M1-costas-close.png,PALL-INSTAGRAM-BR_04-modelo-costas-close.png
modelos-branca,PALL-INSTAGRAM-BR_M2-frente-close.png,PALL-INSTAGRAM-BR_05-modelo-frente-close.png
modelos-branca,PALL-INSTAGRAM-BR_M3-costas-corpo.png,PALL-INSTAGRAM-BR_06-modelo-costas-corpo.png
modelos-branca,PALL-INSTAGRAM-BR_M4-frente-corpo.png,PALL-INSTAGRAM-BR_07-modelo-frente-corpo.png
mockups-finais,PALL-INSTAGRAM-OW_01-costas.png,PALL-INSTAGRAM-OW_01-costas.png
mockups-finais,PALL-INSTAGRAM-OW_03-inclinada.png,PALL-INSTAGRAM-OW_02-close.png
mockups-finais,PALL-INSTAGRAM-OW_02-frente.png,PALL-INSTAGRAM-OW_03-frente.png
modelos-off-white,PALL-INSTAGRAM-OW_M1-costas-close.png,PALL-INSTAGRAM-OW_04-modelo-costas-close.png
modelos-off-white,PALL-INSTAGRAM-OW_M2-frente-close.png,PALL-INSTAGRAM-OW_05-modelo-frente-close.png
modelos-off-white,PALL-INSTAGRAM-OW_M3-costas-corpo.png,PALL-INSTAGRAM-OW_06-modelo-costas-corpo.png
modelos-off-white,PALL-INSTAGRAM-OW_M4-frente-corpo.png,PALL-INSTAGRAM-OW_07-modelo-frente-corpo.png
mockups-finais,PALL-INSTAGRAM-PT_01-costas.png,PALL-INSTAGRAM-PT_01-costas.png
mockups-finais,PALL-INSTAGRAM-PT_03-inclinada.png,PALL-INSTAGRAM-PT_02-close.png
mockups-finais,PALL-INSTAGRAM-PT_02-frente.png,PALL-INSTAGRAM-PT_03-frente.png
modelos-preta,PALL-INSTAGRAM-PT_M1-costas-close.png,PALL-INSTAGRAM-PT_04-modelo-costas-close.png
modelos-preta,PALL-INSTAGRAM-PT_M2-frente-close.png,PALL-INSTAGRAM-PT_05-modelo-frente-close.png
modelos-preta,PALL-INSTAGRAM-PT_M3-costas-corpo.png,PALL-INSTAGRAM-PT_06-modelo-costas-corpo.png
modelos-preta,PALL-INSTAGRAM-PT_M4-frente-corpo.png,PALL-INSTAGRAM-PT_07-modelo-frente-corpo.png
mockups-finais,PALL-INTELIGENCIA-ARTIFICIAL-AZ_01-costas.png,PALL-INTELIGENCIA-ARTIFICIAL-AZ_01-costas.png
mockups-finais,PALL-INTELIGENCIA-ARTIFICIAL-AZ_03-inclinada.png,PALL-INTELIGENCIA-ARTIFICIAL-AZ_02-close.png
mockups-finais,PALL-INTELIGENCIA-ARTIFICIAL-AZ_02-frente.png,PALL-INTELIGENCIA-ARTIFICIAL-AZ_03-frente.png
modelos-azul-marinho,PALL-INTELIGENCIA-ARTIFICIAL-AZ_M1-costas-close.png,PALL-INTELIGENCIA-ARTIFICIAL-AZ_04-modelo-costas-close.png
modelos-azul-marinho,PALL-INTELIGENCIA-ARTIFICIAL-AZ_M2-frente-close.png,PALL-INTELIGENCIA-ARTIFICIAL-AZ_05-modelo-frente-close.png
modelos-azul-marinho,PALL-INTELIGENCIA-ARTIFICIAL-AZ_M3-costas-corpo.png,PALL-INTELIGENCIA-ARTIFICIAL-AZ_06-modelo-costas-corpo.png
modelos-azul-marinho,PALL-INTELIGENCIA-ARTIFICIAL-AZ_M4-frente-corpo.png,PALL-INTELIGENCIA-ARTIFICIAL-AZ_07-modelo-frente-corpo.png
mockups-finais,PALL-INTELIGENCIA-ARTIFICIAL-BR_01-costas.png,PALL-INTELIGENCIA-ARTIFICIAL-BR_01-costas.png
mockups-finais,PALL-INTELIGENCIA-ARTIFICIAL-BR_03-inclinada.png,PALL-INTELIGENCIA-ARTIFICIAL-BR_02-close.png
mockups-finais,PALL-INTELIGENCIA-ARTIFICIAL-BR_02-frente.png,PALL-INTELIGENCIA-ARTIFICIAL-BR_03-frente.png
modelos-branca,PALL-INTELIGENCIA-ARTIFICIAL-BR_M1-costas-close.png,PALL-INTELIGENCIA-ARTIFICIAL-BR_04-modelo-costas-close.png
modelos-branca,PALL-INTELIGENCIA-ARTIFICIAL-BR_M2-frente-close.png,PALL-INTELIGENCIA-ARTIFICIAL-BR_05-modelo-frente-close.png
modelos-branca,PALL-INTELIGENCIA-ARTIFICIAL-BR_M3-costas-corpo.png,PALL-INTELIGENCIA-ARTIFICIAL-BR_06-modelo-costas-corpo.png
modelos-branca,PALL-INTELIGENCIA-ARTIFICIAL-BR_M4-frente-corpo.png,PALL-INTELIGENCIA-ARTIFICIAL-BR_07-modelo-frente-corpo.png
mockups-finais,PALL-INTELIGENCIA-ARTIFICIAL-OW_01-costas.png,PALL-INTELIGENCIA-ARTIFICIAL-OW_01-costas.png
mockups-finais,PALL-INTELIGENCIA-ARTIFICIAL-OW_03-inclinada.png,PALL-INTELIGENCIA-ARTIFICIAL-OW_02-close.png
mockups-finais,PALL-INTELIGENCIA-ARTIFICIAL-OW_02-frente.png,PALL-INTELIGENCIA-ARTIFICIAL-OW_03-frente.png
modelos-off-white,PALL-INTELIGENCIA-ARTIFICIAL-OW_M1-costas-close.png,PALL-INTELIGENCIA-ARTIFICIAL-OW_04-modelo-costas-close.png
modelos-off-white,PALL-INTELIGENCIA-ARTIFICIAL-OW_M2-frente-close.png,PALL-INTELIGENCIA-ARTIFICIAL-OW_05-modelo-frente-close.png
modelos-off-white,PALL-INTELIGENCIA-ARTIFICIAL-OW_M3-costas-corpo.png,PALL-INTELIGENCIA-ARTIFICIAL-OW_06-modelo-costas-corpo.png
modelos-off-white,PALL-INTELIGENCIA-ARTIFICIAL-OW_M4-frente-corpo.png,PALL-INTELIGENCIA-ARTIFICIAL-OW_07-modelo-frente-corpo.png
mockups-finais,PALL-INTELIGENCIA-ARTIFICIAL-PT_01-costas.png,PALL-INTELIGENCIA-ARTIFICIAL-PT_01-costas.png
mockups-finais,PALL-INTELIGENCIA-ARTIFICIAL-PT_03-inclinada.png,PALL-INTELIGENCIA-ARTIFICIAL-PT_02-close.png
mockups-finais,PALL-INTELIGENCIA-ARTIFICIAL-PT_02-frente.png,PALL-INTELIGENCIA-ARTIFICIAL-PT_03-frente.png
modelos-preta,PALL-INTELIGENCIA-ARTIFICIAL-PT_M1-costas-close.png,PALL-INTELIGENCIA-ARTIFICIAL-PT_04-modelo-costas-close.png
modelos-preta,PALL-INTELIGENCIA-ARTIFICIAL-PT_M2-frente-close.png,PALL-INTELIGENCIA-ARTIFICIAL-PT_05-modelo-frente-close.png
modelos-preta,PALL-INTELIGENCIA-ARTIFICIAL-PT_M3-costas-corpo.png,PALL-INTELIGENCIA-ARTIFICIAL-PT_06-modelo-costas-corpo.png
modelos-preta,PALL-INTELIGENCIA-ARTIFICIAL-PT_M4-frente-corpo.png,PALL-INTELIGENCIA-ARTIFICIAL-PT_07-modelo-frente-corpo.png
mockups-finais,PALL-JEANS-AZ_01-costas.png,PALL-JEANS-AZ_01-costas.png
mockups-finais,PALL-JEANS-AZ_03-inclinada.png,PALL-JEANS-AZ_02-close.png
mockups-finais,PALL-JEANS-AZ_02-frente.png,PALL-JEANS-AZ_03-frente.png
modelos-azul-marinho,PALL-JEANS-AZ_M1-costas-close.png,PALL-JEANS-AZ_04-modelo-costas-close.png
modelos-azul-marinho,PALL-JEANS-AZ_M2-frente-close.png,PALL-JEANS-AZ_05-modelo-frente-close.png
modelos-azul-marinho,PALL-JEANS-AZ_M3-costas-corpo.png,PALL-JEANS-AZ_06-modelo-costas-corpo.png
modelos-azul-marinho,PALL-JEANS-AZ_M4-frente-corpo.png,PALL-JEANS-AZ_07-modelo-frente-corpo.png
mockups-finais,PALL-JEANS-BR_01-costas.png,PALL-JEANS-BR_01-costas.png
mockups-finais,PALL-JEANS-BR_03-inclinada.png,PALL-JEANS-BR_02-close.png
mockups-finais,PALL-JEANS-BR_02-frente.png,PALL-JEANS-BR_03-frente.png
modelos-branca,PALL-JEANS-BR_M1-costas-close.png,PALL-JEANS-BR_04-modelo-costas-close.png
modelos-branca,PALL-JEANS-BR_M2-frente-close.png,PALL-JEANS-BR_05-modelo-frente-close.png
modelos-branca,PALL-JEANS-BR_M3-costas-corpo.png,PALL-JEANS-BR_06-modelo-costas-corpo.png
modelos-branca,PALL-JEANS-BR_M4-frente-corpo.png,PALL-JEANS-BR_07-modelo-frente-corpo.png
mockups-finais,PALL-JEANS-OW_01-costas.png,PALL-JEANS-OW_01-costas.png
mockups-finais,PALL-JEANS-OW_03-inclinada.png,PALL-JEANS-OW_02-close.png
mockups-finais,PALL-JEANS-OW_02-frente.png,PALL-JEANS-OW_03-frente.png
modelos-off-white,PALL-JEANS-OW_M1-costas-close.png,PALL-JEANS-OW_04-modelo-costas-close.png
modelos-off-white,PALL-JEANS-OW_M2-frente-close.png,PALL-JEANS-OW_05-modelo-frente-close.png
modelos-off-white,PALL-JEANS-OW_M3-costas-corpo.png,PALL-JEANS-OW_06-modelo-costas-corpo.png
modelos-off-white,PALL-JEANS-OW_M4-frente-corpo.png,PALL-JEANS-OW_07-modelo-frente-corpo.png
mockups-finais,PALL-JEANS-PT_01-costas.png,PALL-JEANS-PT_01-costas.png
mockups-finais,PALL-JEANS-PT_03-inclinada.png,PALL-JEANS-PT_02-close.png
mockups-finais,PALL-JEANS-PT_02-frente.png,PALL-JEANS-PT_03-frente.png
modelos-preta,PALL-JEANS-PT_M1-costas-close.png,PALL-JEANS-PT_04-modelo-costas-close.png
modelos-preta,PALL-JEANS-PT_M2-frente-close.png,PALL-JEANS-PT_05-modelo-frente-close.png
modelos-preta,PALL-JEANS-PT_M3-costas-corpo.png,PALL-JEANS-PT_06-modelo-costas-corpo.png
modelos-preta,PALL-JEANS-PT_M4-frente-corpo.png,PALL-JEANS-PT_07-modelo-frente-corpo.png
mockups-finais,PALL-KARMA-BR_01-costas.png,PALL-KARMA-BR_01-costas.png
mockups-finais,PALL-KARMA-BR_03-inclinada.png,PALL-KARMA-BR_02-close.png
mockups-finais,PALL-KARMA-BR_02-frente.png,PALL-KARMA-BR_03-frente.png
modelos-branca,PALL-KARMA-BR_M1-costas-close.png,PALL-KARMA-BR_04-modelo-costas-close.png
modelos-branca,PALL-KARMA-BR_M2-frente-close.png,PALL-KARMA-BR_05-modelo-frente-close.png
modelos-branca,PALL-KARMA-BR_M3-costas-corpo.png,PALL-KARMA-BR_06-modelo-costas-corpo.png
modelos-branca,PALL-KARMA-BR_M4-frente-corpo.png,PALL-KARMA-BR_07-modelo-frente-corpo.png
mockups-finais,PALL-KARMA-OW_01-costas.png,PALL-KARMA-OW_01-costas.png
mockups-finais,PALL-KARMA-OW_03-inclinada.png,PALL-KARMA-OW_02-close.png
mockups-finais,PALL-KARMA-OW_02-frente.png,PALL-KARMA-OW_03-frente.png
modelos-off-white,PALL-KARMA-OW_M1-costas-close.png,PALL-KARMA-OW_04-modelo-costas-close.png
modelos-off-white,PALL-KARMA-OW_M2-frente-close.png,PALL-KARMA-OW_05-modelo-frente-close.png
modelos-off-white,PALL-KARMA-OW_M3-costas-corpo.png,PALL-KARMA-OW_06-modelo-costas-corpo.png
modelos-off-white,PALL-KARMA-OW_M4-frente-corpo.png,PALL-KARMA-OW_07-modelo-frente-corpo.png
mockups-finais,PALL-KARMA-PT_01-costas.png,PALL-KARMA-PT_01-costas.png
mockups-finais,PALL-KARMA-PT_03-inclinada.png,PALL-KARMA-PT_02-close.png
mockups-finais,PALL-KARMA-PT_02-frente.png,PALL-KARMA-PT_03-frente.png
modelos-preta,PALL-KARMA-PT_M1-costas-close.png,PALL-KARMA-PT_04-modelo-costas-close.png
modelos-preta,PALL-KARMA-PT_M2-frente-close.png,PALL-KARMA-PT_05-modelo-frente-close.png
modelos-preta,PALL-KARMA-PT_M3-costas-corpo.png,PALL-KARMA-PT_06-modelo-costas-corpo.png
modelos-preta,PALL-KARMA-PT_M4-frente-corpo.png,PALL-KARMA-PT_07-modelo-frente-corpo.png
mockups-finais,PALL-KISS-ME-AZ_01-costas.png,PALL-KISS-ME-AZ_01-costas.png
mockups-finais,PALL-KISS-ME-AZ_03-inclinada.png,PALL-KISS-ME-AZ_02-close.png
mockups-finais,PALL-KISS-ME-AZ_02-frente.png,PALL-KISS-ME-AZ_03-frente.png
modelos-azul-marinho,PALL-KISS-ME-AZ_M1-costas-close.png,PALL-KISS-ME-AZ_04-modelo-costas-close.png
modelos-azul-marinho,PALL-KISS-ME-AZ_M2-frente-close.png,PALL-KISS-ME-AZ_05-modelo-frente-close.png
modelos-azul-marinho,PALL-KISS-ME-AZ_M3-costas-corpo.png,PALL-KISS-ME-AZ_06-modelo-costas-corpo.png
modelos-azul-marinho,PALL-KISS-ME-AZ_M4-frente-corpo.png,PALL-KISS-ME-AZ_07-modelo-frente-corpo.png
mockups-finais,PALL-KISS-ME-BR_01-costas.png,PALL-KISS-ME-BR_01-costas.png
mockups-finais,PALL-KISS-ME-BR_03-inclinada.png,PALL-KISS-ME-BR_02-close.png
mockups-finais,PALL-KISS-ME-BR_02-frente.png,PALL-KISS-ME-BR_03-frente.png
modelos-branca,PALL-KISS-ME-BR_M1-costas-close.png,PALL-KISS-ME-BR_04-modelo-costas-close.png
modelos-branca,PALL-KISS-ME-BR_M2-frente-close.png,PALL-KISS-ME-BR_05-modelo-frente-close.png
modelos-branca,PALL-KISS-ME-BR_M3-costas-corpo.png,PALL-KISS-ME-BR_06-modelo-costas-corpo.png
modelos-branca,PALL-KISS-ME-BR_M4-frente-corpo.png,PALL-KISS-ME-BR_07-modelo-frente-corpo.png
mockups-finais,PALL-KISS-ME-OW_01-costas.png,PALL-KISS-ME-OW_01-costas.png
mockups-finais,PALL-KISS-ME-OW_03-inclinada.png,PALL-KISS-ME-OW_02-close.png
mockups-finais,PALL-KISS-ME-OW_02-frente.png,PALL-KISS-ME-OW_03-frente.png
modelos-off-white,PALL-KISS-ME-OW_M1-costas-close.png,PALL-KISS-ME-OW_04-modelo-costas-close.png
modelos-off-white,PALL-KISS-ME-OW_M2-frente-close.png,PALL-KISS-ME-OW_05-modelo-frente-close.png
modelos-off-white,PALL-KISS-ME-OW_M3-costas-corpo.png,PALL-KISS-ME-OW_06-modelo-costas-corpo.png
modelos-off-white,PALL-KISS-ME-OW_M4-frente-corpo.png,PALL-KISS-ME-OW_07-modelo-frente-corpo.png
mockups-finais,PALL-KISS-ME-PT_01-costas.png,PALL-KISS-ME-PT_01-costas.png
mockups-finais,PALL-KISS-ME-PT_03-inclinada.png,PALL-KISS-ME-PT_02-close.png
mockups-finais,PALL-KISS-ME-PT_02-frente.png,PALL-KISS-ME-PT_03-frente.png
modelos-preta,PALL-KISS-ME-PT_M1-costas-close.png,PALL-KISS-ME-PT_04-modelo-costas-close.png
modelos-preta,PALL-KISS-ME-PT_M2-frente-close.png,PALL-KISS-ME-PT_05-modelo-frente-close.png
modelos-preta,PALL-KISS-ME-PT_M3-costas-corpo.png,PALL-KISS-ME-PT_06-modelo-costas-corpo.png
modelos-preta,PALL-KISS-ME-PT_M4-frente-corpo.png,PALL-KISS-ME-PT_07-modelo-frente-corpo.png
mockups-finais,PALL-LAMBO-AZ_01-costas.png,PALL-LAMBO-AZ_01-costas.png
mockups-finais,PALL-LAMBO-AZ_03-inclinada.png,PALL-LAMBO-AZ_02-close.png
mockups-finais,PALL-LAMBO-AZ_02-frente.png,PALL-LAMBO-AZ_03-frente.png
modelos-azul-marinho,PALL-LAMBO-AZ_M1-costas-close.png,PALL-LAMBO-AZ_04-modelo-costas-close.png
modelos-azul-marinho,PALL-LAMBO-AZ_M2-frente-close.png,PALL-LAMBO-AZ_05-modelo-frente-close.png
modelos-azul-marinho,PALL-LAMBO-AZ_M3-costas-corpo.png,PALL-LAMBO-AZ_06-modelo-costas-corpo.png
modelos-azul-marinho,PALL-LAMBO-AZ_M4-frente-corpo.png,PALL-LAMBO-AZ_07-modelo-frente-corpo.png
mockups-finais,PALL-LAMBO-BR_01-costas.png,PALL-LAMBO-BR_01-costas.png
mockups-finais,PALL-LAMBO-BR_03-inclinada.png,PALL-LAMBO-BR_02-close.png
mockups-finais,PALL-LAMBO-BR_02-frente.png,PALL-LAMBO-BR_03-frente.png
modelos-branca,PALL-LAMBO-BR_M1-costas-close.png,PALL-LAMBO-BR_04-modelo-costas-close.png
modelos-branca,PALL-LAMBO-BR_M2-frente-close.png,PALL-LAMBO-BR_05-modelo-frente-close.png
modelos-branca,PALL-LAMBO-BR_M3-costas-corpo.png,PALL-LAMBO-BR_06-modelo-costas-corpo.png
modelos-branca,PALL-LAMBO-BR_M4-frente-corpo.png,PALL-LAMBO-BR_07-modelo-frente-corpo.png
mockups-finais,PALL-LAMBO-OW_01-costas.png,PALL-LAMBO-OW_01-costas.png
mockups-finais,PALL-LAMBO-OW_03-inclinada.png,PALL-LAMBO-OW_02-close.png
mockups-finais,PALL-LAMBO-OW_02-frente.png,PALL-LAMBO-OW_03-frente.png
modelos-off-white,PALL-LAMBO-OW_M1-costas-close.png,PALL-LAMBO-OW_04-modelo-costas-close.png
modelos-off-white,PALL-LAMBO-OW_M2-frente-close.png,PALL-LAMBO-OW_05-modelo-frente-close.png
modelos-off-white,PALL-LAMBO-OW_M3-costas-corpo.png,PALL-LAMBO-OW_06-modelo-costas-corpo.png
modelos-off-white,PALL-LAMBO-OW_M4-frente-corpo.png,PALL-LAMBO-OW_07-modelo-frente-corpo.png
mockups-finais,PALL-LAMBO-PT_01-costas.png,PALL-LAMBO-PT_01-costas.png
mockups-finais,PALL-LAMBO-PT_03-inclinada.png,PALL-LAMBO-PT_02-close.png
mockups-finais,PALL-LAMBO-PT_02-frente.png,PALL-LAMBO-PT_03-frente.png
modelos-preta,PALL-LAMBO-PT_M1-costas-close.png,PALL-LAMBO-PT_04-modelo-costas-close.png
modelos-preta,PALL-LAMBO-PT_M2-frente-close.png,PALL-LAMBO-PT_05-modelo-frente-close.png
modelos-preta,PALL-LAMBO-PT_M3-costas-corpo.png,PALL-LAMBO-PT_06-modelo-costas-corpo.png
modelos-preta,PALL-LAMBO-PT_M4-frente-corpo.png,PALL-LAMBO-PT_07-modelo-frente-corpo.png
mockups-finais,PALL-LANGUAGE-AZ_01-costas.png,PALL-LANGUAGE-AZ_01-costas.png
mockups-finais,PALL-LANGUAGE-AZ_02-frente.png,PALL-LANGUAGE-AZ_02-frente.png
mockups-finais,PALL-LANGUAGE-AZ_03-inclinada.png,PALL-LANGUAGE-AZ_03-close.png
modelos-azul-marinho,PALL-LANGUAGE-AZ_M1-costas-close.png,PALL-LANGUAGE-AZ_04-modelo-costas-close.png
modelos-azul-marinho,PALL-LANGUAGE-AZ_M2-frente-close.png,PALL-LANGUAGE-AZ_05-modelo-frente-close.png
modelos-azul-marinho,PALL-LANGUAGE-AZ_M3-costas-corpo.png,PALL-LANGUAGE-AZ_06-modelo-costas-corpo.png
modelos-azul-marinho,PALL-LANGUAGE-AZ_M4-frente-corpo.png,PALL-LANGUAGE-AZ_07-modelo-frente-corpo.png
mockups-finais,PALL-LANGUAGE-BR_01-costas.png,PALL-LANGUAGE-BR_01-costas.png
mockups-finais,PALL-LANGUAGE-BR_02-frente.png,PALL-LANGUAGE-BR_02-frente.png
mockups-finais,PALL-LANGUAGE-BR_03-inclinada.png,PALL-LANGUAGE-BR_03-close.png
modelos-branca,PALL-LANGUAGE-BR_M1-costas-close.png,PALL-LANGUAGE-BR_04-modelo-costas-close.png
modelos-branca,PALL-LANGUAGE-BR_M2-frente-close.png,PALL-LANGUAGE-BR_05-modelo-frente-close.png
modelos-branca,PALL-LANGUAGE-BR_M3-costas-corpo.png,PALL-LANGUAGE-BR_06-modelo-costas-corpo.png
modelos-branca,PALL-LANGUAGE-BR_M4-frente-corpo.png,PALL-LANGUAGE-BR_07-modelo-frente-corpo.png
mockups-finais,PALL-LANGUAGE-OW_01-costas.png,PALL-LANGUAGE-OW_01-costas.png
mockups-finais,PALL-LANGUAGE-OW_02-frente.png,PALL-LANGUAGE-OW_02-frente.png
mockups-finais,PALL-LANGUAGE-OW_03-inclinada.png,PALL-LANGUAGE-OW_03-close.png
modelos-off-white,PALL-LANGUAGE-OW_M1-costas-close.png,PALL-LANGUAGE-OW_04-modelo-costas-close.png
modelos-off-white,PALL-LANGUAGE-OW_M2-frente-close.png,PALL-LANGUAGE-OW_05-modelo-frente-close.png
modelos-off-white,PALL-LANGUAGE-OW_M3-costas-corpo.png,PALL-LANGUAGE-OW_06-modelo-costas-corpo.png
modelos-off-white,PALL-LANGUAGE-OW_M4-frente-corpo.png,PALL-LANGUAGE-OW_07-modelo-frente-corpo.png
mockups-finais,PALL-LANGUAGE-PT_01-costas.png,PALL-LANGUAGE-PT_01-costas.png
mockups-finais,PALL-LANGUAGE-PT_02-frente.png,PALL-LANGUAGE-PT_02-frente.png
mockups-finais,PALL-LANGUAGE-PT_03-inclinada.png,PALL-LANGUAGE-PT_03-close.png
modelos-preta,PALL-LANGUAGE-PT_M1-costas-close.png,PALL-LANGUAGE-PT_04-modelo-costas-close.png
modelos-preta,PALL-LANGUAGE-PT_M2-frente-close.png,PALL-LANGUAGE-PT_05-modelo-frente-close.png
modelos-preta,PALL-LANGUAGE-PT_M3-costas-corpo.png,PALL-LANGUAGE-PT_06-modelo-costas-corpo.png
modelos-preta,PALL-LANGUAGE-PT_M4-frente-corpo.png,PALL-LANGUAGE-PT_07-modelo-frente-corpo.png
mockups-finais,PALL-LAST-NIGHT-BR_01-costas.png,PALL-LAST-NIGHT-BR_01-costas.png
mockups-finais,PALL-LAST-NIGHT-BR_03-inclinada.png,PALL-LAST-NIGHT-BR_02-close.png
mockups-finais,PALL-LAST-NIGHT-BR_02-frente.png,PALL-LAST-NIGHT-BR_03-frente.png
modelos-branca,PALL-LAST-NIGHT-BR_M1-costas-close.png,PALL-LAST-NIGHT-BR_04-modelo-costas-close.png
modelos-branca,PALL-LAST-NIGHT-BR_M2-frente-close.png,PALL-LAST-NIGHT-BR_05-modelo-frente-close.png
modelos-branca,PALL-LAST-NIGHT-BR_M3-costas-corpo.png,PALL-LAST-NIGHT-BR_06-modelo-costas-corpo.png
modelos-branca,PALL-LAST-NIGHT-BR_M4-frente-corpo.png,PALL-LAST-NIGHT-BR_07-modelo-frente-corpo.png
mockups-finais,PALL-LAST-NIGHT-OW_01-costas.png,PALL-LAST-NIGHT-OW_01-costas.png
mockups-finais,PALL-LAST-NIGHT-OW_03-inclinada.png,PALL-LAST-NIGHT-OW_02-close.png
mockups-finais,PALL-LAST-NIGHT-OW_02-frente.png,PALL-LAST-NIGHT-OW_03-frente.png
modelos-off-white,PALL-LAST-NIGHT-OW_M1-costas-close.png,PALL-LAST-NIGHT-OW_04-modelo-costas-close.png
modelos-off-white,PALL-LAST-NIGHT-OW_M2-frente-close.png,PALL-LAST-NIGHT-OW_05-modelo-frente-close.png
modelos-off-white,PALL-LAST-NIGHT-OW_M3-costas-corpo.png,PALL-LAST-NIGHT-OW_06-modelo-costas-corpo.png
modelos-off-white,PALL-LAST-NIGHT-OW_M4-frente-corpo.png,PALL-LAST-NIGHT-OW_07-modelo-frente-corpo.png
mockups-finais,PALL-LAST-NIGHT-PT_01-costas.png,PALL-LAST-NIGHT-PT_01-costas.png
mockups-finais,PALL-LAST-NIGHT-PT_03-inclinada.png,PALL-LAST-NIGHT-PT_02-close.png
mockups-finais,PALL-LAST-NIGHT-PT_02-frente.png,PALL-LAST-NIGHT-PT_03-frente.png
modelos-preta,PALL-LAST-NIGHT-PT_M1-costas-close.png,PALL-LAST-NIGHT-PT_04-modelo-costas-close.png
modelos-preta,PALL-LAST-NIGHT-PT_M2-frente-close.png,PALL-LAST-NIGHT-PT_05-modelo-frente-close.png
modelos-preta,PALL-LAST-NIGHT-PT_M3-costas-corpo.png,PALL-LAST-NIGHT-PT_06-modelo-costas-corpo.png
modelos-preta,PALL-LAST-NIGHT-PT_M4-frente-corpo.png,PALL-LAST-NIGHT-PT_07-modelo-frente-corpo.png
mockups-finais,PALL-LATINA-AZ_01-costas.png,PALL-LATINA-AZ_01-costas.png
mockups-finais,PALL-LATINA-AZ_03-inclinada.png,PALL-LATINA-AZ_02-close.png
mockups-finais,PALL-LATINA-AZ_02-frente.png,PALL-LATINA-AZ_03-frente.png
modelos-azul-marinho,PALL-LATINA-AZ_M1-costas-close.png,PALL-LATINA-AZ_04-modelo-costas-close.png
modelos-azul-marinho,PALL-LATINA-AZ_M2-frente-close.png,PALL-LATINA-AZ_05-modelo-frente-close.png
modelos-azul-marinho,PALL-LATINA-AZ_M3-costas-corpo.png,PALL-LATINA-AZ_06-modelo-costas-corpo.png
modelos-azul-marinho,PALL-LATINA-AZ_M4-frente-corpo.png,PALL-LATINA-AZ_07-modelo-frente-corpo.png
mockups-finais,PALL-LATINA-BR_01-costas.png,PALL-LATINA-BR_01-costas.png
mockups-finais,PALL-LATINA-BR_03-inclinada.png,PALL-LATINA-BR_02-close.png
mockups-finais,PALL-LATINA-BR_02-frente.png,PALL-LATINA-BR_03-frente.png
modelos-branca,PALL-LATINA-BR_M1-costas-close.png,PALL-LATINA-BR_04-modelo-costas-close.png
modelos-branca,PALL-LATINA-BR_M2-frente-close.png,PALL-LATINA-BR_05-modelo-frente-close.png
modelos-branca,PALL-LATINA-BR_M3-costas-corpo.png,PALL-LATINA-BR_06-modelo-costas-corpo.png
modelos-branca,PALL-LATINA-BR_M4-frente-corpo.png,PALL-LATINA-BR_07-modelo-frente-corpo.png
mockups-finais,PALL-LATINA-OW_01-costas.png,PALL-LATINA-OW_01-costas.png
mockups-finais,PALL-LATINA-OW_03-inclinada.png,PALL-LATINA-OW_02-close.png
mockups-finais,PALL-LATINA-OW_02-frente.png,PALL-LATINA-OW_03-frente.png
modelos-off-white,PALL-LATINA-OW_M1-costas-close.png,PALL-LATINA-OW_04-modelo-costas-close.png
modelos-off-white,PALL-LATINA-OW_M2-frente-close.png,PALL-LATINA-OW_05-modelo-frente-close.png
modelos-off-white,PALL-LATINA-OW_M3-costas-corpo.png,PALL-LATINA-OW_06-modelo-costas-corpo.png
modelos-off-white,PALL-LATINA-OW_M4-frente-corpo.png,PALL-LATINA-OW_07-modelo-frente-corpo.png
mockups-finais,PALL-LATINA-PT_01-costas.png,PALL-LATINA-PT_01-costas.png
mockups-finais,PALL-LATINA-PT_03-inclinada.png,PALL-LATINA-PT_02-close.png
mockups-finais,PALL-LATINA-PT_02-frente.png,PALL-LATINA-PT_03-frente.png
modelos-preta,PALL-LATINA-PT_M1-costas-close.png,PALL-LATINA-PT_04-modelo-costas-close.png
modelos-preta,PALL-LATINA-PT_M2-frente-close.png,PALL-LATINA-PT_05-modelo-frente-close.png
modelos-preta,PALL-LATINA-PT_M3-costas-corpo.png,PALL-LATINA-PT_06-modelo-costas-corpo.png
modelos-preta,PALL-LATINA-PT_M4-frente-corpo.png,PALL-LATINA-PT_07-modelo-frente-corpo.png
mockups-finais,PALL-LAWYER-AZ_01-costas.png,PALL-LAWYER-AZ_01-costas.png
mockups-finais,PALL-LAWYER-AZ_03-inclinada.png,PALL-LAWYER-AZ_02-close.png
mockups-finais,PALL-LAWYER-AZ_02-frente.png,PALL-LAWYER-AZ_03-frente.png
modelos-azul-marinho,PALL-LAWYER-AZ_M1-costas-close.png,PALL-LAWYER-AZ_04-modelo-costas-close.png
modelos-azul-marinho,PALL-LAWYER-AZ_M2-frente-close.png,PALL-LAWYER-AZ_05-modelo-frente-close.png
modelos-azul-marinho,PALL-LAWYER-AZ_M3-costas-corpo.png,PALL-LAWYER-AZ_06-modelo-costas-corpo.png
modelos-azul-marinho,PALL-LAWYER-AZ_M4-frente-corpo.png,PALL-LAWYER-AZ_07-modelo-frente-corpo.png
mockups-finais,PALL-LAWYER-BR_01-costas.png,PALL-LAWYER-BR_01-costas.png
mockups-finais,PALL-LAWYER-BR_03-inclinada.png,PALL-LAWYER-BR_02-close.png
mockups-finais,PALL-LAWYER-BR_02-frente.png,PALL-LAWYER-BR_03-frente.png
modelos-branca,PALL-LAWYER-BR_M1-costas-close.png,PALL-LAWYER-BR_04-modelo-costas-close.png
modelos-branca,PALL-LAWYER-BR_M2-frente-close.png,PALL-LAWYER-BR_05-modelo-frente-close.png
modelos-branca,PALL-LAWYER-BR_M3-costas-corpo.png,PALL-LAWYER-BR_06-modelo-costas-corpo.png
modelos-branca,PALL-LAWYER-BR_M4-frente-corpo.png,PALL-LAWYER-BR_07-modelo-frente-corpo.png
mockups-finais,PALL-LAWYER-OW_01-costas.png,PALL-LAWYER-OW_01-costas.png
mockups-finais,PALL-LAWYER-OW_03-inclinada.png,PALL-LAWYER-OW_02-close.png
mockups-finais,PALL-LAWYER-OW_02-frente.png,PALL-LAWYER-OW_03-frente.png
modelos-off-white,PALL-LAWYER-OW_M1-costas-close.png,PALL-LAWYER-OW_04-modelo-costas-close.png
modelos-off-white,PALL-LAWYER-OW_M2-frente-close.png,PALL-LAWYER-OW_05-modelo-frente-close.png
modelos-off-white,PALL-LAWYER-OW_M3-costas-corpo.png,PALL-LAWYER-OW_06-modelo-costas-corpo.png
modelos-off-white,PALL-LAWYER-OW_M4-frente-corpo.png,PALL-LAWYER-OW_07-modelo-frente-corpo.png
mockups-finais,PALL-LAWYER-PT_01-costas.png,PALL-LAWYER-PT_01-costas.png
mockups-finais,PALL-LAWYER-PT_03-inclinada.png,PALL-LAWYER-PT_02-close.png
mockups-finais,PALL-LAWYER-PT_02-frente.png,PALL-LAWYER-PT_03-frente.png
modelos-preta,PALL-LAWYER-PT_M1-costas-close.png,PALL-LAWYER-PT_04-modelo-costas-close.png
modelos-preta,PALL-LAWYER-PT_M2-frente-close.png,PALL-LAWYER-PT_05-modelo-frente-close.png
modelos-preta,PALL-LAWYER-PT_M3-costas-corpo.png,PALL-LAWYER-PT_06-modelo-costas-corpo.png
modelos-preta,PALL-LAWYER-PT_M4-frente-corpo.png,PALL-LAWYER-PT_07-modelo-frente-corpo.png
mockups-finais,PALL-LE-CLUB-AZ_01-costas.png,PALL-LE-CLUB-AZ_01-costas.png
mockups-finais,PALL-LE-CLUB-AZ_02-frente.png,PALL-LE-CLUB-AZ_02-frente.png
mockups-finais,PALL-LE-CLUB-AZ_03-inclinada.png,PALL-LE-CLUB-AZ_03-close.png
modelos-azul-marinho,PALL-LE-CLUB-AZ_M1-costas-close.png,PALL-LE-CLUB-AZ_04-modelo-costas-close.png
modelos-azul-marinho,PALL-LE-CLUB-AZ_M2-frente-close.png,PALL-LE-CLUB-AZ_05-modelo-frente-close.png
modelos-azul-marinho,PALL-LE-CLUB-AZ_M3-costas-corpo.png,PALL-LE-CLUB-AZ_06-modelo-costas-corpo.png
modelos-azul-marinho,PALL-LE-CLUB-AZ_M4-frente-corpo.png,PALL-LE-CLUB-AZ_07-modelo-frente-corpo.png
mockups-finais,PALL-LE-CLUB-BR_01-costas.png,PALL-LE-CLUB-BR_01-costas.png
mockups-finais,PALL-LE-CLUB-BR_02-frente.png,PALL-LE-CLUB-BR_02-frente.png
mockups-finais,PALL-LE-CLUB-BR_03-inclinada.png,PALL-LE-CLUB-BR_03-close.png
modelos-branca,PALL-LE-CLUB-BR_M1-costas-close.png,PALL-LE-CLUB-BR_04-modelo-costas-close.png
modelos-branca,PALL-LE-CLUB-BR_M2-frente-close.png,PALL-LE-CLUB-BR_05-modelo-frente-close.png
modelos-branca,PALL-LE-CLUB-BR_M3-costas-corpo.png,PALL-LE-CLUB-BR_06-modelo-costas-corpo.png
modelos-branca,PALL-LE-CLUB-BR_M4-frente-corpo.png,PALL-LE-CLUB-BR_07-modelo-frente-corpo.png
mockups-finais,PALL-LE-CLUB-OW_01-costas.png,PALL-LE-CLUB-OW_01-costas.png
mockups-finais,PALL-LE-CLUB-OW_02-frente.png,PALL-LE-CLUB-OW_02-frente.png
mockups-finais,PALL-LE-CLUB-OW_03-inclinada.png,PALL-LE-CLUB-OW_03-close.png
modelos-off-white,PALL-LE-CLUB-OW_M1-costas-close.png,PALL-LE-CLUB-OW_04-modelo-costas-close.png
modelos-off-white,PALL-LE-CLUB-OW_M2-frente-close.png,PALL-LE-CLUB-OW_05-modelo-frente-close.png
modelos-off-white,PALL-LE-CLUB-OW_M3-costas-corpo.png,PALL-LE-CLUB-OW_06-modelo-costas-corpo.png
modelos-off-white,PALL-LE-CLUB-OW_M4-frente-corpo.png,PALL-LE-CLUB-OW_07-modelo-frente-corpo.png
mockups-finais,PALL-LE-CLUB-PT_01-costas.png,PALL-LE-CLUB-PT_01-costas.png
mockups-finais,PALL-LE-CLUB-PT_02-frente.png,PALL-LE-CLUB-PT_02-frente.png
mockups-finais,PALL-LE-CLUB-PT_03-inclinada.png,PALL-LE-CLUB-PT_03-close.png
modelos-preta,PALL-LE-CLUB-PT_M1-costas-close.png,PALL-LE-CLUB-PT_04-modelo-costas-close.png
modelos-preta,PALL-LE-CLUB-PT_M2-frente-close.png,PALL-LE-CLUB-PT_05-modelo-frente-close.png
modelos-preta,PALL-LE-CLUB-PT_M3-costas-corpo.png,PALL-LE-CLUB-PT_06-modelo-costas-corpo.png
modelos-preta,PALL-LE-CLUB-PT_M4-frente-corpo.png,PALL-LE-CLUB-PT_07-modelo-frente-corpo.png
mockups-finais,PALL-LEGAL-MONEY-AZ_01-costas.png,PALL-LEGAL-MONEY-AZ_01-costas.png
mockups-finais,PALL-LEGAL-MONEY-AZ_03-inclinada.png,PALL-LEGAL-MONEY-AZ_02-close.png
mockups-finais,PALL-LEGAL-MONEY-AZ_02-frente.png,PALL-LEGAL-MONEY-AZ_03-frente.png
modelos-azul-marinho,PALL-LEGAL-MONEY-AZ_M1-costas-close.png,PALL-LEGAL-MONEY-AZ_04-modelo-costas-close.png
modelos-azul-marinho,PALL-LEGAL-MONEY-AZ_M2-frente-close.png,PALL-LEGAL-MONEY-AZ_05-modelo-frente-close.png
modelos-azul-marinho,PALL-LEGAL-MONEY-AZ_M3-costas-corpo.png,PALL-LEGAL-MONEY-AZ_06-modelo-costas-corpo.png
modelos-azul-marinho,PALL-LEGAL-MONEY-AZ_M4-frente-corpo.png,PALL-LEGAL-MONEY-AZ_07-modelo-frente-corpo.png
mockups-finais,PALL-LEGAL-MONEY-BR_01-costas.png,PALL-LEGAL-MONEY-BR_01-costas.png
mockups-finais,PALL-LEGAL-MONEY-BR_03-inclinada.png,PALL-LEGAL-MONEY-BR_02-close.png
mockups-finais,PALL-LEGAL-MONEY-BR_02-frente.png,PALL-LEGAL-MONEY-BR_03-frente.png
modelos-branca,PALL-LEGAL-MONEY-BR_M1-costas-close.png,PALL-LEGAL-MONEY-BR_04-modelo-costas-close.png
modelos-branca,PALL-LEGAL-MONEY-BR_M2-frente-close.png,PALL-LEGAL-MONEY-BR_05-modelo-frente-close.png
modelos-branca,PALL-LEGAL-MONEY-BR_M3-costas-corpo.png,PALL-LEGAL-MONEY-BR_06-modelo-costas-corpo.png
modelos-branca,PALL-LEGAL-MONEY-BR_M4-frente-corpo.png,PALL-LEGAL-MONEY-BR_07-modelo-frente-corpo.png
mockups-finais,PALL-LEGAL-MONEY-OW_01-costas.png,PALL-LEGAL-MONEY-OW_01-costas.png
mockups-finais,PALL-LEGAL-MONEY-OW_03-inclinada.png,PALL-LEGAL-MONEY-OW_02-close.png
mockups-finais,PALL-LEGAL-MONEY-OW_02-frente.png,PALL-LEGAL-MONEY-OW_03-frente.png
modelos-off-white,PALL-LEGAL-MONEY-OW_M1-costas-close.png,PALL-LEGAL-MONEY-OW_04-modelo-costas-close.png
modelos-off-white,PALL-LEGAL-MONEY-OW_M2-frente-close.png,PALL-LEGAL-MONEY-OW_05-modelo-frente-close.png
modelos-off-white,PALL-LEGAL-MONEY-OW_M3-costas-corpo.png,PALL-LEGAL-MONEY-OW_06-modelo-costas-corpo.png
modelos-off-white,PALL-LEGAL-MONEY-OW_M4-frente-corpo.png,PALL-LEGAL-MONEY-OW_07-modelo-frente-corpo.png
mockups-finais,PALL-LEGAL-MONEY-PT_01-costas.png,PALL-LEGAL-MONEY-PT_01-costas.png
mockups-finais,PALL-LEGAL-MONEY-PT_03-inclinada.png,PALL-LEGAL-MONEY-PT_02-close.png
mockups-finais,PALL-LEGAL-MONEY-PT_02-frente.png,PALL-LEGAL-MONEY-PT_03-frente.png
modelos-preta,PALL-LEGAL-MONEY-PT_M1-costas-close.png,PALL-LEGAL-MONEY-PT_04-modelo-costas-close.png
modelos-preta,PALL-LEGAL-MONEY-PT_M2-frente-close.png,PALL-LEGAL-MONEY-PT_05-modelo-frente-close.png
modelos-preta,PALL-LEGAL-MONEY-PT_M3-costas-corpo.png,PALL-LEGAL-MONEY-PT_06-modelo-costas-corpo.png
modelos-preta,PALL-LEGAL-MONEY-PT_M4-frente-corpo.png,PALL-LEGAL-MONEY-PT_07-modelo-frente-corpo.png
mockups-finais,PALL-LIFE-AZ_01-costas.png,PALL-LIFE-AZ_01-costas.png
mockups-finais,PALL-LIFE-AZ_03-inclinada.png,PALL-LIFE-AZ_02-close.png
mockups-finais,PALL-LIFE-AZ_02-frente.png,PALL-LIFE-AZ_03-frente.png
modelos-azul-marinho,PALL-LIFE-AZ_M1-costas-close.png,PALL-LIFE-AZ_04-modelo-costas-close.png
modelos-azul-marinho,PALL-LIFE-AZ_M2-frente-close.png,PALL-LIFE-AZ_05-modelo-frente-close.png
modelos-azul-marinho,PALL-LIFE-AZ_M3-costas-corpo.png,PALL-LIFE-AZ_06-modelo-costas-corpo.png
modelos-azul-marinho,PALL-LIFE-AZ_M4-frente-corpo.png,PALL-LIFE-AZ_07-modelo-frente-corpo.png
mockups-finais,PALL-LIFE-BR_01-costas.png,PALL-LIFE-BR_01-costas.png
mockups-finais,PALL-LIFE-BR_03-inclinada.png,PALL-LIFE-BR_02-close.png
mockups-finais,PALL-LIFE-BR_02-frente.png,PALL-LIFE-BR_03-frente.png
modelos-branca,PALL-LIFE-BR_M1-costas-close.png,PALL-LIFE-BR_04-modelo-costas-close.png
modelos-branca,PALL-LIFE-BR_M2-frente-close.png,PALL-LIFE-BR_05-modelo-frente-close.png
modelos-branca,PALL-LIFE-BR_M3-costas-corpo.png,PALL-LIFE-BR_06-modelo-costas-corpo.png
modelos-branca,PALL-LIFE-BR_M4-frente-corpo.png,PALL-LIFE-BR_07-modelo-frente-corpo.png
mockups-finais,PALL-LIFE-OW_01-costas.png,PALL-LIFE-OW_01-costas.png
mockups-finais,PALL-LIFE-OW_03-inclinada.png,PALL-LIFE-OW_02-close.png
mockups-finais,PALL-LIFE-OW_02-frente.png,PALL-LIFE-OW_03-frente.png
modelos-off-white,PALL-LIFE-OW_M1-costas-close.png,PALL-LIFE-OW_04-modelo-costas-close.png
modelos-off-white,PALL-LIFE-OW_M2-frente-close.png,PALL-LIFE-OW_05-modelo-frente-close.png
modelos-off-white,PALL-LIFE-OW_M3-costas-corpo.png,PALL-LIFE-OW_06-modelo-costas-corpo.png
modelos-off-white,PALL-LIFE-OW_M4-frente-corpo.png,PALL-LIFE-OW_07-modelo-frente-corpo.png
mockups-finais,PALL-LIFE-PT_01-costas.png,PALL-LIFE-PT_01-costas.png
mockups-finais,PALL-LIFE-PT_03-inclinada.png,PALL-LIFE-PT_02-close.png
mockups-finais,PALL-LIFE-PT_02-frente.png,PALL-LIFE-PT_03-frente.png
modelos-preta,PALL-LIFE-PT_M1-costas-close.png,PALL-LIFE-PT_04-modelo-costas-close.png
modelos-preta,PALL-LIFE-PT_M2-frente-close.png,PALL-LIFE-PT_05-modelo-frente-close.png
modelos-preta,PALL-LIFE-PT_M3-costas-corpo.png,PALL-LIFE-PT_06-modelo-costas-corpo.png
modelos-preta,PALL-LIFE-PT_M4-frente-corpo.png,PALL-LIFE-PT_07-modelo-frente-corpo.png
mockups-finais,PALL-LIMONCELLO-AZ_01-costas.png,PALL-LIMONCELLO-AZ_01-costas.png
mockups-finais,PALL-LIMONCELLO-AZ_03-inclinada.png,PALL-LIMONCELLO-AZ_02-close.png
mockups-finais,PALL-LIMONCELLO-AZ_02-frente.png,PALL-LIMONCELLO-AZ_03-frente.png
modelos-azul-marinho,PALL-LIMONCELLO-AZ_M1-costas-close.png,PALL-LIMONCELLO-AZ_04-modelo-costas-close.png
modelos-azul-marinho,PALL-LIMONCELLO-AZ_M2-frente-close.png,PALL-LIMONCELLO-AZ_05-modelo-frente-close.png
modelos-azul-marinho,PALL-LIMONCELLO-AZ_M3-costas-corpo.png,PALL-LIMONCELLO-AZ_06-modelo-costas-corpo.png
modelos-azul-marinho,PALL-LIMONCELLO-AZ_M4-frente-corpo.png,PALL-LIMONCELLO-AZ_07-modelo-frente-corpo.png
mockups-finais,PALL-LIMONCELLO-BR_01-costas.png,PALL-LIMONCELLO-BR_01-costas.png
mockups-finais,PALL-LIMONCELLO-BR_03-inclinada.png,PALL-LIMONCELLO-BR_02-close.png
mockups-finais,PALL-LIMONCELLO-BR_02-frente.png,PALL-LIMONCELLO-BR_03-frente.png
modelos-branca,PALL-LIMONCELLO-BR_M1-costas-close.png,PALL-LIMONCELLO-BR_04-modelo-costas-close.png
modelos-branca,PALL-LIMONCELLO-BR_M2-frente-close.png,PALL-LIMONCELLO-BR_05-modelo-frente-close.png
modelos-branca,PALL-LIMONCELLO-BR_M3-costas-corpo.png,PALL-LIMONCELLO-BR_06-modelo-costas-corpo.png
modelos-branca,PALL-LIMONCELLO-BR_M4-frente-corpo.png,PALL-LIMONCELLO-BR_07-modelo-frente-corpo.png
mockups-finais,PALL-LIMONCELLO-OW_01-costas.png,PALL-LIMONCELLO-OW_01-costas.png
mockups-finais,PALL-LIMONCELLO-OW_03-inclinada.png,PALL-LIMONCELLO-OW_02-close.png
mockups-finais,PALL-LIMONCELLO-OW_02-frente.png,PALL-LIMONCELLO-OW_03-frente.png
modelos-off-white,PALL-LIMONCELLO-OW_M1-costas-close.png,PALL-LIMONCELLO-OW_04-modelo-costas-close.png
modelos-off-white,PALL-LIMONCELLO-OW_M2-frente-close.png,PALL-LIMONCELLO-OW_05-modelo-frente-close.png
modelos-off-white,PALL-LIMONCELLO-OW_M3-costas-corpo.png,PALL-LIMONCELLO-OW_06-modelo-costas-corpo.png
modelos-off-white,PALL-LIMONCELLO-OW_M4-frente-corpo.png,PALL-LIMONCELLO-OW_07-modelo-frente-corpo.png
mockups-finais,PALL-LIMONCELLO-PT_01-costas.png,PALL-LIMONCELLO-PT_01-costas.png
mockups-finais,PALL-LIMONCELLO-PT_03-inclinada.png,PALL-LIMONCELLO-PT_02-close.png
mockups-finais,PALL-LIMONCELLO-PT_02-frente.png,PALL-LIMONCELLO-PT_03-frente.png
modelos-preta,PALL-LIMONCELLO-PT_M1-costas-close.png,PALL-LIMONCELLO-PT_04-modelo-costas-close.png
modelos-preta,PALL-LIMONCELLO-PT_M2-frente-close.png,PALL-LIMONCELLO-PT_05-modelo-frente-close.png
modelos-preta,PALL-LIMONCELLO-PT_M3-costas-corpo.png,PALL-LIMONCELLO-PT_06-modelo-costas-corpo.png
modelos-preta,PALL-LIMONCELLO-PT_M4-frente-corpo.png,PALL-LIMONCELLO-PT_07-modelo-frente-corpo.png
mockups-finais,PALL-LOBSTER-AZ_01-costas.png,PALL-LOBSTER-AZ_01-costas.png
mockups-finais,PALL-LOBSTER-AZ_03-inclinada.png,PALL-LOBSTER-AZ_02-close.png
mockups-finais,PALL-LOBSTER-AZ_02-frente.png,PALL-LOBSTER-AZ_03-frente.png
modelos-azul-marinho,PALL-LOBSTER-AZ_M1-costas-close.png,PALL-LOBSTER-AZ_04-modelo-costas-close.png
modelos-azul-marinho,PALL-LOBSTER-AZ_M2-frente-close.png,PALL-LOBSTER-AZ_05-modelo-frente-close.png
modelos-azul-marinho,PALL-LOBSTER-AZ_M3-costas-corpo.png,PALL-LOBSTER-AZ_06-modelo-costas-corpo.png
modelos-azul-marinho,PALL-LOBSTER-AZ_M4-frente-corpo.png,PALL-LOBSTER-AZ_07-modelo-frente-corpo.png
mockups-finais,PALL-LOBSTER-BR_01-costas.png,PALL-LOBSTER-BR_01-costas.png
mockups-finais,PALL-LOBSTER-BR_03-inclinada.png,PALL-LOBSTER-BR_02-close.png
mockups-finais,PALL-LOBSTER-BR_02-frente.png,PALL-LOBSTER-BR_03-frente.png
modelos-branca,PALL-LOBSTER-BR_M1-costas-close.png,PALL-LOBSTER-BR_04-modelo-costas-close.png
modelos-branca,PALL-LOBSTER-BR_M2-frente-close.png,PALL-LOBSTER-BR_05-modelo-frente-close.png
modelos-branca,PALL-LOBSTER-BR_M3-costas-corpo.png,PALL-LOBSTER-BR_06-modelo-costas-corpo.png
modelos-branca,PALL-LOBSTER-BR_M4-frente-corpo.png,PALL-LOBSTER-BR_07-modelo-frente-corpo.png
mockups-finais,PALL-LOBSTER-OW_01-costas.png,PALL-LOBSTER-OW_01-costas.png
mockups-finais,PALL-LOBSTER-OW_03-inclinada.png,PALL-LOBSTER-OW_02-close.png
mockups-finais,PALL-LOBSTER-OW_02-frente.png,PALL-LOBSTER-OW_03-frente.png
modelos-off-white,PALL-LOBSTER-OW_M1-costas-close.png,PALL-LOBSTER-OW_04-modelo-costas-close.png
modelos-off-white,PALL-LOBSTER-OW_M2-frente-close.png,PALL-LOBSTER-OW_05-modelo-frente-close.png
modelos-off-white,PALL-LOBSTER-OW_M3-costas-corpo.png,PALL-LOBSTER-OW_06-modelo-costas-corpo.png
modelos-off-white,PALL-LOBSTER-OW_M4-frente-corpo.png,PALL-LOBSTER-OW_07-modelo-frente-corpo.png
mockups-finais,PALL-LOBSTER-PT_01-costas.png,PALL-LOBSTER-PT_01-costas.png
mockups-finais,PALL-LOBSTER-PT_03-inclinada.png,PALL-LOBSTER-PT_02-close.png
mockups-finais,PALL-LOBSTER-PT_02-frente.png,PALL-LOBSTER-PT_03-frente.png
modelos-preta,PALL-LOBSTER-PT_M1-costas-close.png,PALL-LOBSTER-PT_04-modelo-costas-close.png
modelos-preta,PALL-LOBSTER-PT_M2-frente-close.png,PALL-LOBSTER-PT_05-modelo-frente-close.png
modelos-preta,PALL-LOBSTER-PT_M3-costas-corpo.png,PALL-LOBSTER-PT_06-modelo-costas-corpo.png
modelos-preta,PALL-LOBSTER-PT_M4-frente-corpo.png,PALL-LOBSTER-PT_07-modelo-frente-corpo.png
mockups-finais,PALL-LOVE-IS-BR_01-costas.png,PALL-LOVE-IS-BR_01-costas.png
mockups-finais,PALL-LOVE-IS-BR_02-frente.png,PALL-LOVE-IS-BR_02-frente.png
mockups-finais,PALL-LOVE-IS-BR_03-inclinada.png,PALL-LOVE-IS-BR_03-close.png
modelos-branca,PALL-LOVE-IS-BR_M1-costas-close.png,PALL-LOVE-IS-BR_04-modelo-costas-close.png
modelos-branca,PALL-LOVE-IS-BR_M2-frente-close.png,PALL-LOVE-IS-BR_05-modelo-frente-close.png
modelos-branca,PALL-LOVE-IS-BR_M3-costas-corpo.png,PALL-LOVE-IS-BR_06-modelo-costas-corpo.png
modelos-branca,PALL-LOVE-IS-BR_M4-frente-corpo.png,PALL-LOVE-IS-BR_07-modelo-frente-corpo.png
mockups-finais,PALL-LOVE-IS-OW_01-costas.png,PALL-LOVE-IS-OW_01-costas.png
mockups-finais,PALL-LOVE-IS-OW_02-frente.png,PALL-LOVE-IS-OW_02-frente.png
mockups-finais,PALL-LOVE-IS-OW_03-inclinada.png,PALL-LOVE-IS-OW_03-close.png
modelos-off-white,PALL-LOVE-IS-OW_M1-costas-close.png,PALL-LOVE-IS-OW_04-modelo-costas-close.png
modelos-off-white,PALL-LOVE-IS-OW_M2-frente-close.png,PALL-LOVE-IS-OW_05-modelo-frente-close.png
modelos-off-white,PALL-LOVE-IS-OW_M3-costas-corpo.png,PALL-LOVE-IS-OW_06-modelo-costas-corpo.png
modelos-off-white,PALL-LOVE-IS-OW_M4-frente-corpo.png,PALL-LOVE-IS-OW_07-modelo-frente-corpo.png
mockups-finais,PALL-LOVE-IS-PT_01-costas.png,PALL-LOVE-IS-PT_01-costas.png
mockups-finais,PALL-LOVE-IS-PT_02-frente.png,PALL-LOVE-IS-PT_02-frente.png
mockups-finais,PALL-LOVE-IS-PT_03-inclinada.png,PALL-LOVE-IS-PT_03-close.png
modelos-preta,PALL-LOVE-IS-PT_M1-costas-close.png,PALL-LOVE-IS-PT_04-modelo-costas-close.png
modelos-preta,PALL-LOVE-IS-PT_M2-frente-close.png,PALL-LOVE-IS-PT_05-modelo-frente-close.png
modelos-preta,PALL-LOVE-IS-PT_M3-costas-corpo.png,PALL-LOVE-IS-PT_06-modelo-costas-corpo.png
modelos-preta,PALL-LOVE-IS-PT_M4-frente-corpo.png,PALL-LOVE-IS-PT_07-modelo-frente-corpo.png
mockups-finais,PALL-LOVE-TEST-BR_01-costas.png,PALL-LOVE-TEST-BR_01-costas.png
mockups-finais,PALL-LOVE-TEST-BR_03-inclinada.png,PALL-LOVE-TEST-BR_02-close.png
mockups-finais,PALL-LOVE-TEST-BR_02-frente.png,PALL-LOVE-TEST-BR_03-frente.png
modelos-branca,PALL-LOVE-TEST-BR_M1-costas-close.png,PALL-LOVE-TEST-BR_04-modelo-costas-close.png
modelos-branca,PALL-LOVE-TEST-BR_M2-frente-close.png,PALL-LOVE-TEST-BR_05-modelo-frente-close.png
modelos-branca,PALL-LOVE-TEST-BR_M3-costas-corpo.png,PALL-LOVE-TEST-BR_06-modelo-costas-corpo.png
modelos-branca,PALL-LOVE-TEST-BR_M4-frente-corpo.png,PALL-LOVE-TEST-BR_07-modelo-frente-corpo.png
mockups-finais,PALL-LOVE-TEST-OW_01-costas.png,PALL-LOVE-TEST-OW_01-costas.png
mockups-finais,PALL-LOVE-TEST-OW_03-inclinada.png,PALL-LOVE-TEST-OW_02-close.png
mockups-finais,PALL-LOVE-TEST-OW_02-frente.png,PALL-LOVE-TEST-OW_03-frente.png
modelos-off-white,PALL-LOVE-TEST-OW_M1-costas-close.png,PALL-LOVE-TEST-OW_04-modelo-costas-close.png
modelos-off-white,PALL-LOVE-TEST-OW_M2-frente-close.png,PALL-LOVE-TEST-OW_05-modelo-frente-close.png
modelos-off-white,PALL-LOVE-TEST-OW_M3-costas-corpo.png,PALL-LOVE-TEST-OW_06-modelo-costas-corpo.png
modelos-off-white,PALL-LOVE-TEST-OW_M4-frente-corpo.png,PALL-LOVE-TEST-OW_07-modelo-frente-corpo.png
mockups-finais,PALL-LOVE-TEST-PT_01-costas.png,PALL-LOVE-TEST-PT_01-costas.png
mockups-finais,PALL-LOVE-TEST-PT_03-inclinada.png,PALL-LOVE-TEST-PT_02-close.png
mockups-finais,PALL-LOVE-TEST-PT_02-frente.png,PALL-LOVE-TEST-PT_03-frente.png
modelos-preta,PALL-LOVE-TEST-PT_M1-costas-close.png,PALL-LOVE-TEST-PT_04-modelo-costas-close.png
modelos-preta,PALL-LOVE-TEST-PT_M2-frente-close.png,PALL-LOVE-TEST-PT_05-modelo-frente-close.png
modelos-preta,PALL-LOVE-TEST-PT_M3-costas-corpo.png,PALL-LOVE-TEST-PT_06-modelo-costas-corpo.png
modelos-preta,PALL-LOVE-TEST-PT_M4-frente-corpo.png,PALL-LOVE-TEST-PT_07-modelo-frente-corpo.png
mockups-finais,PALL-LUCK-AZ_01-costas.png,PALL-LUCK-AZ_01-costas.png
mockups-finais,PALL-LUCK-AZ_03-inclinada.png,PALL-LUCK-AZ_02-close.png
mockups-finais,PALL-LUCK-AZ_02-frente.png,PALL-LUCK-AZ_03-frente.png
modelos-azul-marinho,PALL-LUCK-AZ_M1-costas-close.png,PALL-LUCK-AZ_04-modelo-costas-close.png
modelos-azul-marinho,PALL-LUCK-AZ_M2-frente-close.png,PALL-LUCK-AZ_05-modelo-frente-close.png
modelos-azul-marinho,PALL-LUCK-AZ_M3-costas-corpo.png,PALL-LUCK-AZ_06-modelo-costas-corpo.png
modelos-azul-marinho,PALL-LUCK-AZ_M4-frente-corpo.png,PALL-LUCK-AZ_07-modelo-frente-corpo.png
mockups-finais,PALL-LUCK-BR_01-costas.png,PALL-LUCK-BR_01-costas.png
mockups-finais,PALL-LUCK-BR_03-inclinada.png,PALL-LUCK-BR_02-close.png
mockups-finais,PALL-LUCK-BR_02-frente.png,PALL-LUCK-BR_03-frente.png
modelos-branca,PALL-LUCK-BR_M1-costas-close.png,PALL-LUCK-BR_04-modelo-costas-close.png
modelos-branca,PALL-LUCK-BR_M2-frente-close.png,PALL-LUCK-BR_05-modelo-frente-close.png
modelos-branca,PALL-LUCK-BR_M3-costas-corpo.png,PALL-LUCK-BR_06-modelo-costas-corpo.png
modelos-branca,PALL-LUCK-BR_M4-frente-corpo.png,PALL-LUCK-BR_07-modelo-frente-corpo.png
mockups-finais,PALL-LUCK-OW_01-costas.png,PALL-LUCK-OW_01-costas.png
mockups-finais,PALL-LUCK-OW_03-inclinada.png,PALL-LUCK-OW_02-close.png
mockups-finais,PALL-LUCK-OW_02-frente.png,PALL-LUCK-OW_03-frente.png
modelos-off-white,PALL-LUCK-OW_M1-costas-close.png,PALL-LUCK-OW_04-modelo-costas-close.png
modelos-off-white,PALL-LUCK-OW_M2-frente-close.png,PALL-LUCK-OW_05-modelo-frente-close.png
modelos-off-white,PALL-LUCK-OW_M3-costas-corpo.png,PALL-LUCK-OW_06-modelo-costas-corpo.png
modelos-off-white,PALL-LUCK-OW_M4-frente-corpo.png,PALL-LUCK-OW_07-modelo-frente-corpo.png
mockups-finais,PALL-LUCK-PT_01-costas.png,PALL-LUCK-PT_01-costas.png
mockups-finais,PALL-LUCK-PT_03-inclinada.png,PALL-LUCK-PT_02-close.png
mockups-finais,PALL-LUCK-PT_02-frente.png,PALL-LUCK-PT_03-frente.png
modelos-preta,PALL-LUCK-PT_M1-costas-close.png,PALL-LUCK-PT_04-modelo-costas-close.png
modelos-preta,PALL-LUCK-PT_M2-frente-close.png,PALL-LUCK-PT_05-modelo-frente-close.png
modelos-preta,PALL-LUCK-PT_M3-costas-corpo.png,PALL-LUCK-PT_06-modelo-costas-corpo.png
modelos-preta,PALL-LUCK-PT_M4-frente-corpo.png,PALL-LUCK-PT_07-modelo-frente-corpo.png
mockups-finais,PALL-LUXURY-AZ_01-costas.png,PALL-LUXURY-AZ_01-costas.png
mockups-finais,PALL-LUXURY-AZ_02-frente.png,PALL-LUXURY-AZ_02-frente.png
mockups-finais,PALL-LUXURY-AZ_03-inclinada.png,PALL-LUXURY-AZ_03-close.png
modelos-azul-marinho,PALL-LUXURY-AZ_M1-costas-close.png,PALL-LUXURY-AZ_04-modelo-costas-close.png
modelos-azul-marinho,PALL-LUXURY-AZ_M2-frente-close.png,PALL-LUXURY-AZ_05-modelo-frente-close.png
modelos-azul-marinho,PALL-LUXURY-AZ_M3-costas-corpo.png,PALL-LUXURY-AZ_06-modelo-costas-corpo.png
modelos-azul-marinho,PALL-LUXURY-AZ_M4-frente-corpo.png,PALL-LUXURY-AZ_07-modelo-frente-corpo.png
mockups-finais,PALL-LUXURY-BR_01-costas.png,PALL-LUXURY-BR_01-costas.png
mockups-finais,PALL-LUXURY-BR_02-frente.png,PALL-LUXURY-BR_02-frente.png
mockups-finais,PALL-LUXURY-BR_03-inclinada.png,PALL-LUXURY-BR_03-close.png
modelos-branca,PALL-LUXURY-BR_M1-costas-close.png,PALL-LUXURY-BR_04-modelo-costas-close.png
modelos-branca,PALL-LUXURY-BR_M2-frente-close.png,PALL-LUXURY-BR_05-modelo-frente-close.png
modelos-branca,PALL-LUXURY-BR_M3-costas-corpo.png,PALL-LUXURY-BR_06-modelo-costas-corpo.png
modelos-branca,PALL-LUXURY-BR_M4-frente-corpo.png,PALL-LUXURY-BR_07-modelo-frente-corpo.png
mockups-finais,PALL-LUXURY-OW_01-costas.png,PALL-LUXURY-OW_01-costas.png
mockups-finais,PALL-LUXURY-OW_02-frente.png,PALL-LUXURY-OW_02-frente.png
mockups-finais,PALL-LUXURY-OW_03-inclinada.png,PALL-LUXURY-OW_03-close.png
modelos-off-white,PALL-LUXURY-OW_M1-costas-close.png,PALL-LUXURY-OW_04-modelo-costas-close.png
modelos-off-white,PALL-LUXURY-OW_M2-frente-close.png,PALL-LUXURY-OW_05-modelo-frente-close.png
modelos-off-white,PALL-LUXURY-OW_M3-costas-corpo.png,PALL-LUXURY-OW_06-modelo-costas-corpo.png
modelos-off-white,PALL-LUXURY-OW_M4-frente-corpo.png,PALL-LUXURY-OW_07-modelo-frente-corpo.png
mockups-finais,PALL-LUXURY-PT_01-costas.png,PALL-LUXURY-PT_01-costas.png
mockups-finais,PALL-LUXURY-PT_02-frente.png,PALL-LUXURY-PT_02-frente.png
mockups-finais,PALL-LUXURY-PT_03-inclinada.png,PALL-LUXURY-PT_03-close.png
modelos-preta,PALL-LUXURY-PT_M1-costas-close.png,PALL-LUXURY-PT_04-modelo-costas-close.png
modelos-preta,PALL-LUXURY-PT_M2-frente-close.png,PALL-LUXURY-PT_05-modelo-frente-close.png
modelos-preta,PALL-LUXURY-PT_M3-costas-corpo.png,PALL-LUXURY-PT_06-modelo-costas-corpo.png
modelos-preta,PALL-LUXURY-PT_M4-frente-corpo.png,PALL-LUXURY-PT_07-modelo-frente-corpo.png
mockups-finais,PALL-MAGIC-AZ_01-costas.png,PALL-MAGIC-AZ_01-costas.png
mockups-finais,PALL-MAGIC-AZ_03-inclinada.png,PALL-MAGIC-AZ_02-close.png
mockups-finais,PALL-MAGIC-AZ_02-frente.png,PALL-MAGIC-AZ_03-frente.png
modelos-azul-marinho,PALL-MAGIC-AZ_M1-costas-close.png,PALL-MAGIC-AZ_04-modelo-costas-close.png
modelos-azul-marinho,PALL-MAGIC-AZ_M2-frente-close.png,PALL-MAGIC-AZ_05-modelo-frente-close.png
modelos-azul-marinho,PALL-MAGIC-AZ_M3-costas-corpo.png,PALL-MAGIC-AZ_06-modelo-costas-corpo.png
modelos-azul-marinho,PALL-MAGIC-AZ_M4-frente-corpo.png,PALL-MAGIC-AZ_07-modelo-frente-corpo.png
mockups-finais,PALL-MAGIC-BR_01-costas.png,PALL-MAGIC-BR_01-costas.png
mockups-finais,PALL-MAGIC-BR_03-inclinada.png,PALL-MAGIC-BR_02-close.png
mockups-finais,PALL-MAGIC-BR_02-frente.png,PALL-MAGIC-BR_03-frente.png
modelos-branca,PALL-MAGIC-BR_M1-costas-close.png,PALL-MAGIC-BR_04-modelo-costas-close.png
modelos-branca,PALL-MAGIC-BR_M2-frente-close.png,PALL-MAGIC-BR_05-modelo-frente-close.png
modelos-branca,PALL-MAGIC-BR_M3-costas-corpo.png,PALL-MAGIC-BR_06-modelo-costas-corpo.png
modelos-branca,PALL-MAGIC-BR_M4-frente-corpo.png,PALL-MAGIC-BR_07-modelo-frente-corpo.png
mockups-finais,PALL-MAGIC-OW_01-costas.png,PALL-MAGIC-OW_01-costas.png
mockups-finais,PALL-MAGIC-OW_03-inclinada.png,PALL-MAGIC-OW_02-close.png
mockups-finais,PALL-MAGIC-OW_02-frente.png,PALL-MAGIC-OW_03-frente.png
modelos-off-white,PALL-MAGIC-OW_M1-costas-close.png,PALL-MAGIC-OW_04-modelo-costas-close.png
modelos-off-white,PALL-MAGIC-OW_M2-frente-close.png,PALL-MAGIC-OW_05-modelo-frente-close.png
modelos-off-white,PALL-MAGIC-OW_M3-costas-corpo.png,PALL-MAGIC-OW_06-modelo-costas-corpo.png
modelos-off-white,PALL-MAGIC-OW_M4-frente-corpo.png,PALL-MAGIC-OW_07-modelo-frente-corpo.png
mockups-finais,PALL-MAGIC-PT_01-costas.png,PALL-MAGIC-PT_01-costas.png
mockups-finais,PALL-MAGIC-PT_03-inclinada.png,PALL-MAGIC-PT_02-close.png
mockups-finais,PALL-MAGIC-PT_02-frente.png,PALL-MAGIC-PT_03-frente.png
modelos-preta,PALL-MAGIC-PT_M1-costas-close.png,PALL-MAGIC-PT_04-modelo-costas-close.png
modelos-preta,PALL-MAGIC-PT_M2-frente-close.png,PALL-MAGIC-PT_05-modelo-frente-close.png
modelos-preta,PALL-MAGIC-PT_M3-costas-corpo.png,PALL-MAGIC-PT_06-modelo-costas-corpo.png
modelos-preta,PALL-MAGIC-PT_M4-frente-corpo.png,PALL-MAGIC-PT_07-modelo-frente-corpo.png
mockups-finais,PALL-MAKE-MONEY-AZ_01-costas.png,PALL-MAKE-MONEY-AZ_01-costas.png
mockups-finais,PALL-MAKE-MONEY-AZ_03-inclinada.png,PALL-MAKE-MONEY-AZ_02-close.png
mockups-finais,PALL-MAKE-MONEY-AZ_02-frente.png,PALL-MAKE-MONEY-AZ_03-frente.png
modelos-azul-marinho,PALL-MAKE-MONEY-AZ_M1-costas-close.png,PALL-MAKE-MONEY-AZ_04-modelo-costas-close.png
modelos-azul-marinho,PALL-MAKE-MONEY-AZ_M2-frente-close.png,PALL-MAKE-MONEY-AZ_05-modelo-frente-close.png
modelos-azul-marinho,PALL-MAKE-MONEY-AZ_M3-costas-corpo.png,PALL-MAKE-MONEY-AZ_06-modelo-costas-corpo.png
modelos-azul-marinho,PALL-MAKE-MONEY-AZ_M4-frente-corpo.png,PALL-MAKE-MONEY-AZ_07-modelo-frente-corpo.png
mockups-finais,PALL-MAKE-MONEY-BR_01-costas.png,PALL-MAKE-MONEY-BR_01-costas.png
mockups-finais,PALL-MAKE-MONEY-BR_03-inclinada.png,PALL-MAKE-MONEY-BR_02-close.png
mockups-finais,PALL-MAKE-MONEY-BR_02-frente.png,PALL-MAKE-MONEY-BR_03-frente.png
modelos-branca,PALL-MAKE-MONEY-BR_M1-costas-close.png,PALL-MAKE-MONEY-BR_04-modelo-costas-close.png
modelos-branca,PALL-MAKE-MONEY-BR_M2-frente-close.png,PALL-MAKE-MONEY-BR_05-modelo-frente-close.png
modelos-branca,PALL-MAKE-MONEY-BR_M3-costas-corpo.png,PALL-MAKE-MONEY-BR_06-modelo-costas-corpo.png
modelos-branca,PALL-MAKE-MONEY-BR_M4-frente-corpo.png,PALL-MAKE-MONEY-BR_07-modelo-frente-corpo.png
mockups-finais,PALL-MAKE-MONEY-OW_01-costas.png,PALL-MAKE-MONEY-OW_01-costas.png
mockups-finais,PALL-MAKE-MONEY-OW_03-inclinada.png,PALL-MAKE-MONEY-OW_02-close.png
mockups-finais,PALL-MAKE-MONEY-OW_02-frente.png,PALL-MAKE-MONEY-OW_03-frente.png
modelos-off-white,PALL-MAKE-MONEY-OW_M1-costas-close.png,PALL-MAKE-MONEY-OW_04-modelo-costas-close.png
modelos-off-white,PALL-MAKE-MONEY-OW_M2-frente-close.png,PALL-MAKE-MONEY-OW_05-modelo-frente-close.png
modelos-off-white,PALL-MAKE-MONEY-OW_M3-costas-corpo.png,PALL-MAKE-MONEY-OW_06-modelo-costas-corpo.png
modelos-off-white,PALL-MAKE-MONEY-OW_M4-frente-corpo.png,PALL-MAKE-MONEY-OW_07-modelo-frente-corpo.png
mockups-finais,PALL-MAKE-MONEY-PT_01-costas.png,PALL-MAKE-MONEY-PT_01-costas.png
mockups-finais,PALL-MAKE-MONEY-PT_03-inclinada.png,PALL-MAKE-MONEY-PT_02-close.png
mockups-finais,PALL-MAKE-MONEY-PT_02-frente.png,PALL-MAKE-MONEY-PT_03-frente.png
modelos-preta,PALL-MAKE-MONEY-PT_M1-costas-close.png,PALL-MAKE-MONEY-PT_04-modelo-costas-close.png
modelos-preta,PALL-MAKE-MONEY-PT_M2-frente-close.png,PALL-MAKE-MONEY-PT_05-modelo-frente-close.png
modelos-preta,PALL-MAKE-MONEY-PT_M3-costas-corpo.png,PALL-MAKE-MONEY-PT_06-modelo-costas-corpo.png
modelos-preta,PALL-MAKE-MONEY-PT_M4-frente-corpo.png,PALL-MAKE-MONEY-PT_07-modelo-frente-corpo.png
mockups-finais,PALL-MAKING-BR_01-costas.png,PALL-MAKING-BR_01-costas.png
mockups-finais,PALL-MAKING-BR_03-inclinada.png,PALL-MAKING-BR_02-close.png
mockups-finais,PALL-MAKING-BR_02-frente.png,PALL-MAKING-BR_03-frente.png
modelos-branca,PALL-MAKING-BR_M1-costas-close.png,PALL-MAKING-BR_04-modelo-costas-close.png
modelos-branca,PALL-MAKING-BR_M2-frente-close.png,PALL-MAKING-BR_05-modelo-frente-close.png
modelos-branca,PALL-MAKING-BR_M3-costas-corpo.png,PALL-MAKING-BR_06-modelo-costas-corpo.png
modelos-branca,PALL-MAKING-BR_M4-frente-corpo.png,PALL-MAKING-BR_07-modelo-frente-corpo.png
mockups-finais,PALL-MAKING-OW_01-costas.png,PALL-MAKING-OW_01-costas.png
mockups-finais,PALL-MAKING-OW_03-inclinada.png,PALL-MAKING-OW_02-close.png
mockups-finais,PALL-MAKING-OW_02-frente.png,PALL-MAKING-OW_03-frente.png
modelos-off-white,PALL-MAKING-OW_M1-costas-close.png,PALL-MAKING-OW_04-modelo-costas-close.png
modelos-off-white,PALL-MAKING-OW_M2-frente-close.png,PALL-MAKING-OW_05-modelo-frente-close.png
modelos-off-white,PALL-MAKING-OW_M3-costas-corpo.png,PALL-MAKING-OW_06-modelo-costas-corpo.png
modelos-off-white,PALL-MAKING-OW_M4-frente-corpo.png,PALL-MAKING-OW_07-modelo-frente-corpo.png
mockups-finais,PALL-MAKING-PT_01-costas.png,PALL-MAKING-PT_01-costas.png
mockups-finais,PALL-MAKING-PT_03-inclinada.png,PALL-MAKING-PT_02-close.png
mockups-finais,PALL-MAKING-PT_02-frente.png,PALL-MAKING-PT_03-frente.png
modelos-preta,PALL-MAKING-PT_M1-costas-close.png,PALL-MAKING-PT_04-modelo-costas-close.png
modelos-preta,PALL-MAKING-PT_M2-frente-close.png,PALL-MAKING-PT_05-modelo-frente-close.png
modelos-preta,PALL-MAKING-PT_M3-costas-corpo.png,PALL-MAKING-PT_06-modelo-costas-corpo.png
modelos-preta,PALL-MAKING-PT_M4-frente-corpo.png,PALL-MAKING-PT_07-modelo-frente-corpo.png
mockups-finais,PALL-MARTINI-AZ_01-costas.png,PALL-MARTINI-AZ_01-costas.png
mockups-finais,PALL-MARTINI-AZ_02-frente.png,PALL-MARTINI-AZ_02-frente.png
mockups-finais,PALL-MARTINI-AZ_03-inclinada.png,PALL-MARTINI-AZ_03-close.png
modelos-azul-marinho,PALL-MARTINI-AZ_M1-costas-close.png,PALL-MARTINI-AZ_04-modelo-costas-close.png
modelos-azul-marinho,PALL-MARTINI-AZ_M2-frente-close.png,PALL-MARTINI-AZ_05-modelo-frente-close.png
modelos-azul-marinho,PALL-MARTINI-AZ_M3-costas-corpo.png,PALL-MARTINI-AZ_06-modelo-costas-corpo.png
modelos-azul-marinho,PALL-MARTINI-AZ_M4-frente-corpo.png,PALL-MARTINI-AZ_07-modelo-frente-corpo.png
mockups-finais,PALL-MARTINI-BR_01-costas.png,PALL-MARTINI-BR_01-costas.png
mockups-finais,PALL-MARTINI-BR_02-frente.png,PALL-MARTINI-BR_02-frente.png
mockups-finais,PALL-MARTINI-BR_03-inclinada.png,PALL-MARTINI-BR_03-close.png
modelos-branca,PALL-MARTINI-BR_M1-costas-close.png,PALL-MARTINI-BR_04-modelo-costas-close.png
modelos-branca,PALL-MARTINI-BR_M2-frente-close.png,PALL-MARTINI-BR_05-modelo-frente-close.png
modelos-branca,PALL-MARTINI-BR_M3-costas-corpo.png,PALL-MARTINI-BR_06-modelo-costas-corpo.png
modelos-branca,PALL-MARTINI-BR_M4-frente-corpo.png,PALL-MARTINI-BR_07-modelo-frente-corpo.png
mockups-finais,PALL-MARTINI-OW_01-costas.png,PALL-MARTINI-OW_01-costas.png
mockups-finais,PALL-MARTINI-OW_02-frente.png,PALL-MARTINI-OW_02-frente.png
mockups-finais,PALL-MARTINI-OW_03-inclinada.png,PALL-MARTINI-OW_03-close.png
modelos-off-white,PALL-MARTINI-OW_M1-costas-close.png,PALL-MARTINI-OW_04-modelo-costas-close.png
modelos-off-white,PALL-MARTINI-OW_M2-frente-close.png,PALL-MARTINI-OW_05-modelo-frente-close.png
modelos-off-white,PALL-MARTINI-OW_M3-costas-corpo.png,PALL-MARTINI-OW_06-modelo-costas-corpo.png
modelos-off-white,PALL-MARTINI-OW_M4-frente-corpo.png,PALL-MARTINI-OW_07-modelo-frente-corpo.png
mockups-finais,PALL-MARTINI-PT_01-costas.png,PALL-MARTINI-PT_01-costas.png
mockups-finais,PALL-MARTINI-PT_02-frente.png,PALL-MARTINI-PT_02-frente.png
mockups-finais,PALL-MARTINI-PT_03-inclinada.png,PALL-MARTINI-PT_03-close.png
modelos-preta,PALL-MARTINI-PT_M1-costas-close.png,PALL-MARTINI-PT_04-modelo-costas-close.png
modelos-preta,PALL-MARTINI-PT_M2-frente-close.png,PALL-MARTINI-PT_05-modelo-frente-close.png
modelos-preta,PALL-MARTINI-PT_M3-costas-corpo.png,PALL-MARTINI-PT_06-modelo-costas-corpo.png
modelos-preta,PALL-MARTINI-PT_M4-frente-corpo.png,PALL-MARTINI-PT_07-modelo-frente-corpo.png
mockups-finais,PALL-MATCHA-AZ_01-costas.png,PALL-MATCHA-AZ_01-costas.png
mockups-finais,PALL-MATCHA-AZ_03-inclinada.png,PALL-MATCHA-AZ_02-close.png
mockups-finais,PALL-MATCHA-AZ_02-frente.png,PALL-MATCHA-AZ_03-frente.png
modelos-azul-marinho,PALL-MATCHA-AZ_M1-costas-close.png,PALL-MATCHA-AZ_04-modelo-costas-close.png
modelos-azul-marinho,PALL-MATCHA-AZ_M2-frente-close.png,PALL-MATCHA-AZ_05-modelo-frente-close.png
modelos-azul-marinho,PALL-MATCHA-AZ_M3-costas-corpo.png,PALL-MATCHA-AZ_06-modelo-costas-corpo.png
modelos-azul-marinho,PALL-MATCHA-AZ_M4-frente-corpo.png,PALL-MATCHA-AZ_07-modelo-frente-corpo.png
mockups-finais,PALL-MATCHA-BR_01-costas.png,PALL-MATCHA-BR_01-costas.png
mockups-finais,PALL-MATCHA-BR_03-inclinada.png,PALL-MATCHA-BR_02-close.png
mockups-finais,PALL-MATCHA-BR_02-frente.png,PALL-MATCHA-BR_03-frente.png
modelos-branca,PALL-MATCHA-BR_M1-costas-close.png,PALL-MATCHA-BR_04-modelo-costas-close.png
modelos-branca,PALL-MATCHA-BR_M2-frente-close.png,PALL-MATCHA-BR_05-modelo-frente-close.png
modelos-branca,PALL-MATCHA-BR_M3-costas-corpo.png,PALL-MATCHA-BR_06-modelo-costas-corpo.png
modelos-branca,PALL-MATCHA-BR_M4-frente-corpo.png,PALL-MATCHA-BR_07-modelo-frente-corpo.png
mockups-finais,PALL-MATCHA-OW_01-costas.png,PALL-MATCHA-OW_01-costas.png
mockups-finais,PALL-MATCHA-OW_03-inclinada.png,PALL-MATCHA-OW_02-close.png
mockups-finais,PALL-MATCHA-OW_02-frente.png,PALL-MATCHA-OW_03-frente.png
modelos-off-white,PALL-MATCHA-OW_M1-costas-close.png,PALL-MATCHA-OW_04-modelo-costas-close.png
modelos-off-white,PALL-MATCHA-OW_M2-frente-close.png,PALL-MATCHA-OW_05-modelo-frente-close.png
modelos-off-white,PALL-MATCHA-OW_M3-costas-corpo.png,PALL-MATCHA-OW_06-modelo-costas-corpo.png
modelos-off-white,PALL-MATCHA-OW_M4-frente-corpo.png,PALL-MATCHA-OW_07-modelo-frente-corpo.png
mockups-finais,PALL-MATCHA-PT_01-costas.png,PALL-MATCHA-PT_01-costas.png
mockups-finais,PALL-MATCHA-PT_03-inclinada.png,PALL-MATCHA-PT_02-close.png
mockups-finais,PALL-MATCHA-PT_02-frente.png,PALL-MATCHA-PT_03-frente.png
modelos-preta,PALL-MATCHA-PT_M1-costas-close.png,PALL-MATCHA-PT_04-modelo-costas-close.png
modelos-preta,PALL-MATCHA-PT_M2-frente-close.png,PALL-MATCHA-PT_05-modelo-frente-close.png
modelos-preta,PALL-MATCHA-PT_M3-costas-corpo.png,PALL-MATCHA-PT_06-modelo-costas-corpo.png
modelos-preta,PALL-MATCHA-PT_M4-frente-corpo.png,PALL-MATCHA-PT_07-modelo-frente-corpo.png
mockups-finais,PALL-MEDITERRANEE-AZ_01-costas.png,PALL-MEDITERRANEE-AZ_01-costas.png
mockups-finais,PALL-MEDITERRANEE-AZ_02-frente.png,PALL-MEDITERRANEE-AZ_02-frente.png
mockups-finais,PALL-MEDITERRANEE-AZ_03-inclinada.png,PALL-MEDITERRANEE-AZ_03-close.png
modelos-azul-marinho,PALL-MEDITERRANEE-AZ_M1-costas-close.png,PALL-MEDITERRANEE-AZ_04-modelo-costas-close.png
modelos-azul-marinho,PALL-MEDITERRANEE-AZ_M2-frente-close.png,PALL-MEDITERRANEE-AZ_05-modelo-frente-close.png
modelos-azul-marinho,PALL-MEDITERRANEE-AZ_M3-costas-corpo.png,PALL-MEDITERRANEE-AZ_06-modelo-costas-corpo.png
modelos-azul-marinho,PALL-MEDITERRANEE-AZ_M4-frente-corpo.png,PALL-MEDITERRANEE-AZ_07-modelo-frente-corpo.png
mockups-finais,PALL-MEDITERRANEE-BR_01-costas.png,PALL-MEDITERRANEE-BR_01-costas.png
mockups-finais,PALL-MEDITERRANEE-BR_02-frente.png,PALL-MEDITERRANEE-BR_02-frente.png
mockups-finais,PALL-MEDITERRANEE-BR_03-inclinada.png,PALL-MEDITERRANEE-BR_03-close.png
modelos-branca,PALL-MEDITERRANEE-BR_M1-costas-close.png,PALL-MEDITERRANEE-BR_04-modelo-costas-close.png
modelos-branca,PALL-MEDITERRANEE-BR_M2-frente-close.png,PALL-MEDITERRANEE-BR_05-modelo-frente-close.png
modelos-branca,PALL-MEDITERRANEE-BR_M3-costas-corpo.png,PALL-MEDITERRANEE-BR_06-modelo-costas-corpo.png
modelos-branca,PALL-MEDITERRANEE-BR_M4-frente-corpo.png,PALL-MEDITERRANEE-BR_07-modelo-frente-corpo.png
mockups-finais,PALL-MEDITERRANEE-OW_01-costas.png,PALL-MEDITERRANEE-OW_01-costas.png
mockups-finais,PALL-MEDITERRANEE-OW_02-frente.png,PALL-MEDITERRANEE-OW_02-frente.png
mockups-finais,PALL-MEDITERRANEE-OW_03-inclinada.png,PALL-MEDITERRANEE-OW_03-close.png
modelos-off-white,PALL-MEDITERRANEE-OW_M1-costas-close.png,PALL-MEDITERRANEE-OW_04-modelo-costas-close.png
modelos-off-white,PALL-MEDITERRANEE-OW_M2-frente-close.png,PALL-MEDITERRANEE-OW_05-modelo-frente-close.png
modelos-off-white,PALL-MEDITERRANEE-OW_M3-costas-corpo.png,PALL-MEDITERRANEE-OW_06-modelo-costas-corpo.png
modelos-off-white,PALL-MEDITERRANEE-OW_M4-frente-corpo.png,PALL-MEDITERRANEE-OW_07-modelo-frente-corpo.png
mockups-finais,PALL-MEDITERRANEE-PT_01-costas.png,PALL-MEDITERRANEE-PT_01-costas.png
mockups-finais,PALL-MEDITERRANEE-PT_02-frente.png,PALL-MEDITERRANEE-PT_02-frente.png
mockups-finais,PALL-MEDITERRANEE-PT_03-inclinada.png,PALL-MEDITERRANEE-PT_03-close.png
modelos-preta,PALL-MEDITERRANEE-PT_M1-costas-close.png,PALL-MEDITERRANEE-PT_04-modelo-costas-close.png
modelos-preta,PALL-MEDITERRANEE-PT_M2-frente-close.png,PALL-MEDITERRANEE-PT_05-modelo-frente-close.png
modelos-preta,PALL-MEDITERRANEE-PT_M3-costas-corpo.png,PALL-MEDITERRANEE-PT_06-modelo-costas-corpo.png
modelos-preta,PALL-MEDITERRANEE-PT_M4-frente-corpo.png,PALL-MEDITERRANEE-PT_07-modelo-frente-corpo.png
mockups-finais,PALL-MEMBERS-AZ_01-costas.png,PALL-MEMBERS-AZ_01-costas.png
mockups-finais,PALL-MEMBERS-AZ_03-inclinada.png,PALL-MEMBERS-AZ_02-close.png
mockups-finais,PALL-MEMBERS-AZ_02-frente.png,PALL-MEMBERS-AZ_03-frente.png
modelos-azul-marinho,PALL-MEMBERS-AZ_M1-costas-close.png,PALL-MEMBERS-AZ_04-modelo-costas-close.png
modelos-azul-marinho,PALL-MEMBERS-AZ_M2-frente-close.png,PALL-MEMBERS-AZ_05-modelo-frente-close.png
modelos-azul-marinho,PALL-MEMBERS-AZ_M3-costas-corpo.png,PALL-MEMBERS-AZ_06-modelo-costas-corpo.png
modelos-azul-marinho,PALL-MEMBERS-AZ_M4-frente-corpo.png,PALL-MEMBERS-AZ_07-modelo-frente-corpo.png
mockups-finais,PALL-MEMBERS-BR_01-costas.png,PALL-MEMBERS-BR_01-costas.png
mockups-finais,PALL-MEMBERS-BR_03-inclinada.png,PALL-MEMBERS-BR_02-close.png
mockups-finais,PALL-MEMBERS-BR_02-frente.png,PALL-MEMBERS-BR_03-frente.png
modelos-branca,PALL-MEMBERS-BR_M1-costas-close.png,PALL-MEMBERS-BR_04-modelo-costas-close.png
modelos-branca,PALL-MEMBERS-BR_M2-frente-close.png,PALL-MEMBERS-BR_05-modelo-frente-close.png
modelos-branca,PALL-MEMBERS-BR_M3-costas-corpo.png,PALL-MEMBERS-BR_06-modelo-costas-corpo.png
modelos-branca,PALL-MEMBERS-BR_M4-frente-corpo.png,PALL-MEMBERS-BR_07-modelo-frente-corpo.png
mockups-finais,PALL-MEMBERS-OW_01-costas.png,PALL-MEMBERS-OW_01-costas.png
mockups-finais,PALL-MEMBERS-OW_03-inclinada.png,PALL-MEMBERS-OW_02-close.png
mockups-finais,PALL-MEMBERS-OW_02-frente.png,PALL-MEMBERS-OW_03-frente.png
modelos-off-white,PALL-MEMBERS-OW_M1-costas-close.png,PALL-MEMBERS-OW_04-modelo-costas-close.png
modelos-off-white,PALL-MEMBERS-OW_M2-frente-close.png,PALL-MEMBERS-OW_05-modelo-frente-close.png
modelos-off-white,PALL-MEMBERS-OW_M3-costas-corpo.png,PALL-MEMBERS-OW_06-modelo-costas-corpo.png
modelos-off-white,PALL-MEMBERS-OW_M4-frente-corpo.png,PALL-MEMBERS-OW_07-modelo-frente-corpo.png
mockups-finais,PALL-MEMBERS-PT_01-costas.png,PALL-MEMBERS-PT_01-costas.png
mockups-finais,PALL-MEMBERS-PT_03-inclinada.png,PALL-MEMBERS-PT_02-close.png
mockups-finais,PALL-MEMBERS-PT_02-frente.png,PALL-MEMBERS-PT_03-frente.png
modelos-preta,PALL-MEMBERS-PT_M1-costas-close.png,PALL-MEMBERS-PT_04-modelo-costas-close.png
modelos-preta,PALL-MEMBERS-PT_M2-frente-close.png,PALL-MEMBERS-PT_05-modelo-frente-close.png
modelos-preta,PALL-MEMBERS-PT_M3-costas-corpo.png,PALL-MEMBERS-PT_06-modelo-costas-corpo.png
modelos-preta,PALL-MEMBERS-PT_M4-frente-corpo.png,PALL-MEMBERS-PT_07-modelo-frente-corpo.png
mockups-finais,PALL-MERCATO-AZ_01-costas.png,PALL-MERCATO-AZ_01-costas.png
mockups-finais,PALL-MERCATO-AZ_02-frente.png,PALL-MERCATO-AZ_02-frente.png
mockups-finais,PALL-MERCATO-AZ_03-inclinada.png,PALL-MERCATO-AZ_03-close.png
modelos-azul-marinho,PALL-MERCATO-AZ_M1-costas-close.png,PALL-MERCATO-AZ_04-modelo-costas-close.png
modelos-azul-marinho,PALL-MERCATO-AZ_M2-frente-close.png,PALL-MERCATO-AZ_05-modelo-frente-close.png
modelos-azul-marinho,PALL-MERCATO-AZ_M3-costas-corpo.png,PALL-MERCATO-AZ_06-modelo-costas-corpo.png
modelos-azul-marinho,PALL-MERCATO-AZ_M4-frente-corpo.png,PALL-MERCATO-AZ_07-modelo-frente-corpo.png
mockups-finais,PALL-MERCATO-BR_01-costas.png,PALL-MERCATO-BR_01-costas.png
mockups-finais,PALL-MERCATO-BR_02-frente.png,PALL-MERCATO-BR_02-frente.png
mockups-finais,PALL-MERCATO-BR_03-inclinada.png,PALL-MERCATO-BR_03-close.png
modelos-branca,PALL-MERCATO-BR_M1-costas-close.png,PALL-MERCATO-BR_04-modelo-costas-close.png
modelos-branca,PALL-MERCATO-BR_M2-frente-close.png,PALL-MERCATO-BR_05-modelo-frente-close.png
modelos-branca,PALL-MERCATO-BR_M3-costas-corpo.png,PALL-MERCATO-BR_06-modelo-costas-corpo.png
modelos-branca,PALL-MERCATO-BR_M4-frente-corpo.png,PALL-MERCATO-BR_07-modelo-frente-corpo.png
mockups-finais,PALL-MERCATO-OW_01-costas.png,PALL-MERCATO-OW_01-costas.png
mockups-finais,PALL-MERCATO-OW_02-frente.png,PALL-MERCATO-OW_02-frente.png
mockups-finais,PALL-MERCATO-OW_03-inclinada.png,PALL-MERCATO-OW_03-close.png
modelos-off-white,PALL-MERCATO-OW_M1-costas-close.png,PALL-MERCATO-OW_04-modelo-costas-close.png
modelos-off-white,PALL-MERCATO-OW_M2-frente-close.png,PALL-MERCATO-OW_05-modelo-frente-close.png
modelos-off-white,PALL-MERCATO-OW_M3-costas-corpo.png,PALL-MERCATO-OW_06-modelo-costas-corpo.png
modelos-off-white,PALL-MERCATO-OW_M4-frente-corpo.png,PALL-MERCATO-OW_07-modelo-frente-corpo.png
mockups-finais,PALL-MERCATO-PT_01-costas.png,PALL-MERCATO-PT_01-costas.png
mockups-finais,PALL-MERCATO-PT_02-frente.png,PALL-MERCATO-PT_02-frente.png
mockups-finais,PALL-MERCATO-PT_03-inclinada.png,PALL-MERCATO-PT_03-close.png
modelos-preta,PALL-MERCATO-PT_M1-costas-close.png,PALL-MERCATO-PT_04-modelo-costas-close.png
modelos-preta,PALL-MERCATO-PT_M2-frente-close.png,PALL-MERCATO-PT_05-modelo-frente-close.png
modelos-preta,PALL-MERCATO-PT_M3-costas-corpo.png,PALL-MERCATO-PT_06-modelo-costas-corpo.png
modelos-preta,PALL-MERCATO-PT_M4-frente-corpo.png,PALL-MERCATO-PT_07-modelo-frente-corpo.png
mockups-finais,PALL-MERCY-BR_01-costas.png,PALL-MERCY-BR_01-costas.png
mockups-finais,PALL-MERCY-BR_02-frente.png,PALL-MERCY-BR_02-frente.png
mockups-finais,PALL-MERCY-BR_03-inclinada.png,PALL-MERCY-BR_03-close.png
modelos-branca,PALL-MERCY-BR_M1-costas-close.png,PALL-MERCY-BR_04-modelo-costas-close.png
modelos-branca,PALL-MERCY-BR_M2-frente-close.png,PALL-MERCY-BR_05-modelo-frente-close.png
modelos-branca,PALL-MERCY-BR_M3-costas-corpo.png,PALL-MERCY-BR_06-modelo-costas-corpo.png
modelos-branca,PALL-MERCY-BR_M4-frente-corpo.png,PALL-MERCY-BR_07-modelo-frente-corpo.png
mockups-finais,PALL-MERCY-OW_01-costas.png,PALL-MERCY-OW_01-costas.png
mockups-finais,PALL-MERCY-OW_02-frente.png,PALL-MERCY-OW_02-frente.png
mockups-finais,PALL-MERCY-OW_03-inclinada.png,PALL-MERCY-OW_03-close.png
modelos-off-white,PALL-MERCY-OW_M1-costas-close.png,PALL-MERCY-OW_04-modelo-costas-close.png
modelos-off-white,PALL-MERCY-OW_M2-frente-close.png,PALL-MERCY-OW_05-modelo-frente-close.png
modelos-off-white,PALL-MERCY-OW_M3-costas-corpo.png,PALL-MERCY-OW_06-modelo-costas-corpo.png
modelos-off-white,PALL-MERCY-OW_M4-frente-corpo.png,PALL-MERCY-OW_07-modelo-frente-corpo.png
mockups-finais,PALL-MERCY-PT_01-costas.png,PALL-MERCY-PT_01-costas.png
mockups-finais,PALL-MERCY-PT_02-frente.png,PALL-MERCY-PT_02-frente.png
mockups-finais,PALL-MERCY-PT_03-inclinada.png,PALL-MERCY-PT_03-close.png
modelos-preta,PALL-MERCY-PT_M1-costas-close.png,PALL-MERCY-PT_04-modelo-costas-close.png
modelos-preta,PALL-MERCY-PT_M2-frente-close.png,PALL-MERCY-PT_05-modelo-frente-close.png
modelos-preta,PALL-MERCY-PT_M3-costas-corpo.png,PALL-MERCY-PT_06-modelo-costas-corpo.png
modelos-preta,PALL-MERCY-PT_M4-frente-corpo.png,PALL-MERCY-PT_07-modelo-frente-corpo.png
mockups-finais,PALL-MISTAKES-BR_01-costas.png,PALL-MISTAKES-BR_01-costas.png
mockups-finais,PALL-MISTAKES-BR_03-inclinada.png,PALL-MISTAKES-BR_02-close.png
mockups-finais,PALL-MISTAKES-BR_02-frente.png,PALL-MISTAKES-BR_03-frente.png
modelos-branca,PALL-MISTAKES-BR_M1-costas-close.png,PALL-MISTAKES-BR_04-modelo-costas-close.png
modelos-branca,PALL-MISTAKES-BR_M2-frente-close.png,PALL-MISTAKES-BR_05-modelo-frente-close.png
modelos-branca,PALL-MISTAKES-BR_M3-costas-corpo.png,PALL-MISTAKES-BR_06-modelo-costas-corpo.png
modelos-branca,PALL-MISTAKES-BR_M4-frente-corpo.png,PALL-MISTAKES-BR_07-modelo-frente-corpo.png
mockups-finais,PALL-MISTAKES-OW_01-costas.png,PALL-MISTAKES-OW_01-costas.png
mockups-finais,PALL-MISTAKES-OW_03-inclinada.png,PALL-MISTAKES-OW_02-close.png
mockups-finais,PALL-MISTAKES-OW_02-frente.png,PALL-MISTAKES-OW_03-frente.png
modelos-off-white,PALL-MISTAKES-OW_M1-costas-close.png,PALL-MISTAKES-OW_04-modelo-costas-close.png
modelos-off-white,PALL-MISTAKES-OW_M2-frente-close.png,PALL-MISTAKES-OW_05-modelo-frente-close.png
modelos-off-white,PALL-MISTAKES-OW_M3-costas-corpo.png,PALL-MISTAKES-OW_06-modelo-costas-corpo.png
modelos-off-white,PALL-MISTAKES-OW_M4-frente-corpo.png,PALL-MISTAKES-OW_07-modelo-frente-corpo.png
mockups-finais,PALL-MISTAKES-PT_01-costas.png,PALL-MISTAKES-PT_01-costas.png
mockups-finais,PALL-MISTAKES-PT_03-inclinada.png,PALL-MISTAKES-PT_02-close.png
mockups-finais,PALL-MISTAKES-PT_02-frente.png,PALL-MISTAKES-PT_03-frente.png
modelos-preta,PALL-MISTAKES-PT_M1-costas-close.png,PALL-MISTAKES-PT_04-modelo-costas-close.png
modelos-preta,PALL-MISTAKES-PT_M2-frente-close.png,PALL-MISTAKES-PT_05-modelo-frente-close.png
modelos-preta,PALL-MISTAKES-PT_M3-costas-corpo.png,PALL-MISTAKES-PT_06-modelo-costas-corpo.png
modelos-preta,PALL-MISTAKES-PT_M4-frente-corpo.png,PALL-MISTAKES-PT_07-modelo-frente-corpo.png
mockups-finais,PALL-MODELS-AZ_01-costas.png,PALL-MODELS-AZ_01-costas.png
mockups-finais,PALL-MODELS-AZ_03-inclinada.png,PALL-MODELS-AZ_02-close.png
mockups-finais,PALL-MODELS-AZ_02-frente.png,PALL-MODELS-AZ_03-frente.png
modelos-azul-marinho,PALL-MODELS-AZ_M1-costas-close.png,PALL-MODELS-AZ_04-modelo-costas-close.png
modelos-azul-marinho,PALL-MODELS-AZ_M2-frente-close.png,PALL-MODELS-AZ_05-modelo-frente-close.png
modelos-azul-marinho,PALL-MODELS-AZ_M3-costas-corpo.png,PALL-MODELS-AZ_06-modelo-costas-corpo.png
modelos-azul-marinho,PALL-MODELS-AZ_M4-frente-corpo.png,PALL-MODELS-AZ_07-modelo-frente-corpo.png
mockups-finais,PALL-MODELS-BR_01-costas.png,PALL-MODELS-BR_01-costas.png
mockups-finais,PALL-MODELS-BR_03-inclinada.png,PALL-MODELS-BR_02-close.png
mockups-finais,PALL-MODELS-BR_02-frente.png,PALL-MODELS-BR_03-frente.png
modelos-branca,PALL-MODELS-BR_M1-costas-close.png,PALL-MODELS-BR_04-modelo-costas-close.png
modelos-branca,PALL-MODELS-BR_M2-frente-close.png,PALL-MODELS-BR_05-modelo-frente-close.png
modelos-branca,PALL-MODELS-BR_M3-costas-corpo.png,PALL-MODELS-BR_06-modelo-costas-corpo.png
modelos-branca,PALL-MODELS-BR_M4-frente-corpo.png,PALL-MODELS-BR_07-modelo-frente-corpo.png
mockups-finais,PALL-MODELS-OW_01-costas.png,PALL-MODELS-OW_01-costas.png
mockups-finais,PALL-MODELS-OW_03-inclinada.png,PALL-MODELS-OW_02-close.png
mockups-finais,PALL-MODELS-OW_02-frente.png,PALL-MODELS-OW_03-frente.png
modelos-off-white,PALL-MODELS-OW_M1-costas-close.png,PALL-MODELS-OW_04-modelo-costas-close.png
modelos-off-white,PALL-MODELS-OW_M2-frente-close.png,PALL-MODELS-OW_05-modelo-frente-close.png
modelos-off-white,PALL-MODELS-OW_M3-costas-corpo.png,PALL-MODELS-OW_06-modelo-costas-corpo.png
modelos-off-white,PALL-MODELS-OW_M4-frente-corpo.png,PALL-MODELS-OW_07-modelo-frente-corpo.png
mockups-finais,PALL-MODELS-PT_01-costas.png,PALL-MODELS-PT_01-costas.png
mockups-finais,PALL-MODELS-PT_03-inclinada.png,PALL-MODELS-PT_02-close.png
mockups-finais,PALL-MODELS-PT_02-frente.png,PALL-MODELS-PT_03-frente.png
modelos-preta,PALL-MODELS-PT_M1-costas-close.png,PALL-MODELS-PT_04-modelo-costas-close.png
modelos-preta,PALL-MODELS-PT_M2-frente-close.png,PALL-MODELS-PT_05-modelo-frente-close.png
modelos-preta,PALL-MODELS-PT_M3-costas-corpo.png,PALL-MODELS-PT_06-modelo-costas-corpo.png
modelos-preta,PALL-MODELS-PT_M4-frente-corpo.png,PALL-MODELS-PT_07-modelo-frente-corpo.png
mockups-finais,PALL-MONEY-MADE-AZ_01-costas.png,PALL-MONEY-MADE-AZ_01-costas.png
mockups-finais,PALL-MONEY-MADE-AZ_03-inclinada.png,PALL-MONEY-MADE-AZ_02-close.png
mockups-finais,PALL-MONEY-MADE-AZ_02-frente.png,PALL-MONEY-MADE-AZ_03-frente.png
modelos-azul-marinho,PALL-MONEY-MADE-AZ_M1-costas-close.png,PALL-MONEY-MADE-AZ_04-modelo-costas-close.png
modelos-azul-marinho,PALL-MONEY-MADE-AZ_M2-frente-close.png,PALL-MONEY-MADE-AZ_05-modelo-frente-close.png
modelos-azul-marinho,PALL-MONEY-MADE-AZ_M3-costas-corpo.png,PALL-MONEY-MADE-AZ_06-modelo-costas-corpo.png
modelos-azul-marinho,PALL-MONEY-MADE-AZ_M4-frente-corpo.png,PALL-MONEY-MADE-AZ_07-modelo-frente-corpo.png
mockups-finais,PALL-MONEY-MADE-BR_01-costas.png,PALL-MONEY-MADE-BR_01-costas.png
mockups-finais,PALL-MONEY-MADE-BR_03-inclinada.png,PALL-MONEY-MADE-BR_02-close.png
mockups-finais,PALL-MONEY-MADE-BR_02-frente.png,PALL-MONEY-MADE-BR_03-frente.png
modelos-branca,PALL-MONEY-MADE-BR_M1-costas-close.png,PALL-MONEY-MADE-BR_04-modelo-costas-close.png
modelos-branca,PALL-MONEY-MADE-BR_M2-frente-close.png,PALL-MONEY-MADE-BR_05-modelo-frente-close.png
modelos-branca,PALL-MONEY-MADE-BR_M3-costas-corpo.png,PALL-MONEY-MADE-BR_06-modelo-costas-corpo.png
modelos-branca,PALL-MONEY-MADE-BR_M4-frente-corpo.png,PALL-MONEY-MADE-BR_07-modelo-frente-corpo.png
mockups-finais,PALL-MONEY-MADE-OW_01-costas.png,PALL-MONEY-MADE-OW_01-costas.png
mockups-finais,PALL-MONEY-MADE-OW_03-inclinada.png,PALL-MONEY-MADE-OW_02-close.png
mockups-finais,PALL-MONEY-MADE-OW_02-frente.png,PALL-MONEY-MADE-OW_03-frente.png
modelos-off-white,PALL-MONEY-MADE-OW_M1-costas-close.png,PALL-MONEY-MADE-OW_04-modelo-costas-close.png
modelos-off-white,PALL-MONEY-MADE-OW_M2-frente-close.png,PALL-MONEY-MADE-OW_05-modelo-frente-close.png
modelos-off-white,PALL-MONEY-MADE-OW_M3-costas-corpo.png,PALL-MONEY-MADE-OW_06-modelo-costas-corpo.png
modelos-off-white,PALL-MONEY-MADE-OW_M4-frente-corpo.png,PALL-MONEY-MADE-OW_07-modelo-frente-corpo.png
mockups-finais,PALL-MONEY-MADE-PT_01-costas.png,PALL-MONEY-MADE-PT_01-costas.png
mockups-finais,PALL-MONEY-MADE-PT_03-inclinada.png,PALL-MONEY-MADE-PT_02-close.png
mockups-finais,PALL-MONEY-MADE-PT_02-frente.png,PALL-MONEY-MADE-PT_03-frente.png
modelos-preta,PALL-MONEY-MADE-PT_M1-costas-close.png,PALL-MONEY-MADE-PT_04-modelo-costas-close.png
modelos-preta,PALL-MONEY-MADE-PT_M2-frente-close.png,PALL-MONEY-MADE-PT_05-modelo-frente-close.png
modelos-preta,PALL-MONEY-MADE-PT_M3-costas-corpo.png,PALL-MONEY-MADE-PT_06-modelo-costas-corpo.png
modelos-preta,PALL-MONEY-MADE-PT_M4-frente-corpo.png,PALL-MONEY-MADE-PT_07-modelo-frente-corpo.png
mockups-finais,PALL-MONEY-TALKS-AZ_01-costas.png,PALL-MONEY-TALKS-AZ_01-costas.png
mockups-finais,PALL-MONEY-TALKS-AZ_03-inclinada.png,PALL-MONEY-TALKS-AZ_02-close.png
mockups-finais,PALL-MONEY-TALKS-AZ_02-frente.png,PALL-MONEY-TALKS-AZ_03-frente.png
modelos-azul-marinho,PALL-MONEY-TALKS-AZ_M1-costas-close.png,PALL-MONEY-TALKS-AZ_04-modelo-costas-close.png
modelos-azul-marinho,PALL-MONEY-TALKS-AZ_M2-frente-close.png,PALL-MONEY-TALKS-AZ_05-modelo-frente-close.png
modelos-azul-marinho,PALL-MONEY-TALKS-AZ_M3-costas-corpo.png,PALL-MONEY-TALKS-AZ_06-modelo-costas-corpo.png
modelos-azul-marinho,PALL-MONEY-TALKS-AZ_M4-frente-corpo.png,PALL-MONEY-TALKS-AZ_07-modelo-frente-corpo.png
mockups-finais,PALL-MONEY-TALKS-BR_01-costas.png,PALL-MONEY-TALKS-BR_01-costas.png
mockups-finais,PALL-MONEY-TALKS-BR_03-inclinada.png,PALL-MONEY-TALKS-BR_02-close.png
mockups-finais,PALL-MONEY-TALKS-BR_02-frente.png,PALL-MONEY-TALKS-BR_03-frente.png
modelos-branca,PALL-MONEY-TALKS-BR_M1-costas-close.png,PALL-MONEY-TALKS-BR_04-modelo-costas-close.png
modelos-branca,PALL-MONEY-TALKS-BR_M2-frente-close.png,PALL-MONEY-TALKS-BR_05-modelo-frente-close.png
modelos-branca,PALL-MONEY-TALKS-BR_M3-costas-corpo.png,PALL-MONEY-TALKS-BR_06-modelo-costas-corpo.png
modelos-branca,PALL-MONEY-TALKS-BR_M4-frente-corpo.png,PALL-MONEY-TALKS-BR_07-modelo-frente-corpo.png
mockups-finais,PALL-MONEY-TALKS-OW_01-costas.png,PALL-MONEY-TALKS-OW_01-costas.png
mockups-finais,PALL-MONEY-TALKS-OW_03-inclinada.png,PALL-MONEY-TALKS-OW_02-close.png
mockups-finais,PALL-MONEY-TALKS-OW_02-frente.png,PALL-MONEY-TALKS-OW_03-frente.png
modelos-off-white,PALL-MONEY-TALKS-OW_M1-costas-close.png,PALL-MONEY-TALKS-OW_04-modelo-costas-close.png
modelos-off-white,PALL-MONEY-TALKS-OW_M2-frente-close.png,PALL-MONEY-TALKS-OW_05-modelo-frente-close.png
modelos-off-white,PALL-MONEY-TALKS-OW_M3-costas-corpo.png,PALL-MONEY-TALKS-OW_06-modelo-costas-corpo.png
modelos-off-white,PALL-MONEY-TALKS-OW_M4-frente-corpo.png,PALL-MONEY-TALKS-OW_07-modelo-frente-corpo.png
mockups-finais,PALL-MONEY-TALKS-PT_01-costas.png,PALL-MONEY-TALKS-PT_01-costas.png
mockups-finais,PALL-MONEY-TALKS-PT_03-inclinada.png,PALL-MONEY-TALKS-PT_02-close.png
mockups-finais,PALL-MONEY-TALKS-PT_02-frente.png,PALL-MONEY-TALKS-PT_03-frente.png
modelos-preta,PALL-MONEY-TALKS-PT_M1-costas-close.png,PALL-MONEY-TALKS-PT_04-modelo-costas-close.png
modelos-preta,PALL-MONEY-TALKS-PT_M2-frente-close.png,PALL-MONEY-TALKS-PT_05-modelo-frente-close.png
modelos-preta,PALL-MONEY-TALKS-PT_M3-costas-corpo.png,PALL-MONEY-TALKS-PT_06-modelo-costas-corpo.png
modelos-preta,PALL-MONEY-TALKS-PT_M4-frente-corpo.png,PALL-MONEY-TALKS-PT_07-modelo-frente-corpo.png
mockups-finais,PALL-MORE-AMOR-AZ_01-costas.png,PALL-MORE-AMOR-AZ_01-costas.png
mockups-finais,PALL-MORE-AMOR-AZ_03-inclinada.png,PALL-MORE-AMOR-AZ_02-close.png
mockups-finais,PALL-MORE-AMOR-AZ_02-frente.png,PALL-MORE-AMOR-AZ_03-frente.png
modelos-azul-marinho,PALL-MORE-AMOR-AZ_M1-costas-close.png,PALL-MORE-AMOR-AZ_04-modelo-costas-close.png
modelos-azul-marinho,PALL-MORE-AMOR-AZ_M2-frente-close.png,PALL-MORE-AMOR-AZ_05-modelo-frente-close.png
modelos-azul-marinho,PALL-MORE-AMOR-AZ_M3-costas-corpo.png,PALL-MORE-AMOR-AZ_06-modelo-costas-corpo.png
modelos-azul-marinho,PALL-MORE-AMOR-AZ_M4-frente-corpo.png,PALL-MORE-AMOR-AZ_07-modelo-frente-corpo.png
mockups-finais,PALL-MORE-AMOR-BR_01-costas.png,PALL-MORE-AMOR-BR_01-costas.png
mockups-finais,PALL-MORE-AMOR-BR_03-inclinada.png,PALL-MORE-AMOR-BR_02-close.png
mockups-finais,PALL-MORE-AMOR-BR_02-frente.png,PALL-MORE-AMOR-BR_03-frente.png
modelos-branca,PALL-MORE-AMOR-BR_M1-costas-close.png,PALL-MORE-AMOR-BR_04-modelo-costas-close.png
modelos-branca,PALL-MORE-AMOR-BR_M2-frente-close.png,PALL-MORE-AMOR-BR_05-modelo-frente-close.png
modelos-branca,PALL-MORE-AMOR-BR_M3-costas-corpo.png,PALL-MORE-AMOR-BR_06-modelo-costas-corpo.png
modelos-branca,PALL-MORE-AMOR-BR_M4-frente-corpo.png,PALL-MORE-AMOR-BR_07-modelo-frente-corpo.png
mockups-finais,PALL-MORE-AMOR-OW_01-costas.png,PALL-MORE-AMOR-OW_01-costas.png
mockups-finais,PALL-MORE-AMOR-OW_03-inclinada.png,PALL-MORE-AMOR-OW_02-close.png
mockups-finais,PALL-MORE-AMOR-OW_02-frente.png,PALL-MORE-AMOR-OW_03-frente.png
modelos-off-white,PALL-MORE-AMOR-OW_M1-costas-close.png,PALL-MORE-AMOR-OW_04-modelo-costas-close.png
modelos-off-white,PALL-MORE-AMOR-OW_M2-frente-close.png,PALL-MORE-AMOR-OW_05-modelo-frente-close.png
modelos-off-white,PALL-MORE-AMOR-OW_M3-costas-corpo.png,PALL-MORE-AMOR-OW_06-modelo-costas-corpo.png
modelos-off-white,PALL-MORE-AMOR-OW_M4-frente-corpo.png,PALL-MORE-AMOR-OW_07-modelo-frente-corpo.png
mockups-finais,PALL-MORE-AMOR-PT_01-costas.png,PALL-MORE-AMOR-PT_01-costas.png
mockups-finais,PALL-MORE-AMOR-PT_03-inclinada.png,PALL-MORE-AMOR-PT_02-close.png
mockups-finais,PALL-MORE-AMOR-PT_02-frente.png,PALL-MORE-AMOR-PT_03-frente.png
modelos-preta,PALL-MORE-AMOR-PT_M1-costas-close.png,PALL-MORE-AMOR-PT_04-modelo-costas-close.png
modelos-preta,PALL-MORE-AMOR-PT_M2-frente-close.png,PALL-MORE-AMOR-PT_05-modelo-frente-close.png
modelos-preta,PALL-MORE-AMOR-PT_M3-costas-corpo.png,PALL-MORE-AMOR-PT_06-modelo-costas-corpo.png
modelos-preta,PALL-MORE-AMOR-PT_M4-frente-corpo.png,PALL-MORE-AMOR-PT_07-modelo-frente-corpo.png
mockups-finais,PALL-MORE-DRINKS-BR_01-costas.png,PALL-MORE-DRINKS-BR_01-costas.png
mockups-finais,PALL-MORE-DRINKS-BR_03-inclinada.png,PALL-MORE-DRINKS-BR_02-close.png
mockups-finais,PALL-MORE-DRINKS-BR_02-frente.png,PALL-MORE-DRINKS-BR_03-frente.png
modelos-branca,PALL-MORE-DRINKS-BR_M1-costas-close.png,PALL-MORE-DRINKS-BR_04-modelo-costas-close.png
modelos-branca,PALL-MORE-DRINKS-BR_M2-frente-close.png,PALL-MORE-DRINKS-BR_05-modelo-frente-close.png
modelos-branca,PALL-MORE-DRINKS-BR_M3-costas-corpo.png,PALL-MORE-DRINKS-BR_06-modelo-costas-corpo.png
modelos-branca,PALL-MORE-DRINKS-BR_M4-frente-corpo.png,PALL-MORE-DRINKS-BR_07-modelo-frente-corpo.png
mockups-finais,PALL-MORE-DRINKS-OW_01-costas.png,PALL-MORE-DRINKS-OW_01-costas.png
mockups-finais,PALL-MORE-DRINKS-OW_03-inclinada.png,PALL-MORE-DRINKS-OW_02-close.png
mockups-finais,PALL-MORE-DRINKS-OW_02-frente.png,PALL-MORE-DRINKS-OW_03-frente.png
modelos-off-white,PALL-MORE-DRINKS-OW_M1-costas-close.png,PALL-MORE-DRINKS-OW_04-modelo-costas-close.png
modelos-off-white,PALL-MORE-DRINKS-OW_M2-frente-close.png,PALL-MORE-DRINKS-OW_05-modelo-frente-close.png
modelos-off-white,PALL-MORE-DRINKS-OW_M3-costas-corpo.png,PALL-MORE-DRINKS-OW_06-modelo-costas-corpo.png
modelos-off-white,PALL-MORE-DRINKS-OW_M4-frente-corpo.png,PALL-MORE-DRINKS-OW_07-modelo-frente-corpo.png
mockups-finais,PALL-MORE-DRINKS-PT_01-costas.png,PALL-MORE-DRINKS-PT_01-costas.png
mockups-finais,PALL-MORE-DRINKS-PT_03-inclinada.png,PALL-MORE-DRINKS-PT_02-close.png
mockups-finais,PALL-MORE-DRINKS-PT_02-frente.png,PALL-MORE-DRINKS-PT_03-frente.png
modelos-preta,PALL-MORE-DRINKS-PT_M1-costas-close.png,PALL-MORE-DRINKS-PT_04-modelo-costas-close.png
modelos-preta,PALL-MORE-DRINKS-PT_M2-frente-close.png,PALL-MORE-DRINKS-PT_05-modelo-frente-close.png
modelos-preta,PALL-MORE-DRINKS-PT_M3-costas-corpo.png,PALL-MORE-DRINKS-PT_06-modelo-costas-corpo.png
modelos-preta,PALL-MORE-DRINKS-PT_M4-frente-corpo.png,PALL-MORE-DRINKS-PT_07-modelo-frente-corpo.png
mockups-finais,PALL-MUSIC-AZ_01-costas.png,PALL-MUSIC-AZ_01-costas.png
mockups-finais,PALL-MUSIC-AZ_03-inclinada.png,PALL-MUSIC-AZ_02-close.png
mockups-finais,PALL-MUSIC-AZ_02-frente.png,PALL-MUSIC-AZ_03-frente.png
modelos-azul-marinho,PALL-MUSIC-AZ_M1-costas-close.png,PALL-MUSIC-AZ_04-modelo-costas-close.png
modelos-azul-marinho,PALL-MUSIC-AZ_M2-frente-close.png,PALL-MUSIC-AZ_05-modelo-frente-close.png
modelos-azul-marinho,PALL-MUSIC-AZ_M3-costas-corpo.png,PALL-MUSIC-AZ_06-modelo-costas-corpo.png
modelos-azul-marinho,PALL-MUSIC-AZ_M4-frente-corpo.png,PALL-MUSIC-AZ_07-modelo-frente-corpo.png
mockups-finais,PALL-MUSIC-BR_01-costas.png,PALL-MUSIC-BR_01-costas.png
mockups-finais,PALL-MUSIC-BR_03-inclinada.png,PALL-MUSIC-BR_02-close.png
mockups-finais,PALL-MUSIC-BR_02-frente.png,PALL-MUSIC-BR_03-frente.png
modelos-branca,PALL-MUSIC-BR_M1-costas-close.png,PALL-MUSIC-BR_04-modelo-costas-close.png
modelos-branca,PALL-MUSIC-BR_M2-frente-close.png,PALL-MUSIC-BR_05-modelo-frente-close.png
modelos-branca,PALL-MUSIC-BR_M3-costas-corpo.png,PALL-MUSIC-BR_06-modelo-costas-corpo.png
modelos-branca,PALL-MUSIC-BR_M4-frente-corpo.png,PALL-MUSIC-BR_07-modelo-frente-corpo.png
mockups-finais,PALL-MUSIC-OW_01-costas.png,PALL-MUSIC-OW_01-costas.png
mockups-finais,PALL-MUSIC-OW_03-inclinada.png,PALL-MUSIC-OW_02-close.png
mockups-finais,PALL-MUSIC-OW_02-frente.png,PALL-MUSIC-OW_03-frente.png
modelos-off-white,PALL-MUSIC-OW_M1-costas-close.png,PALL-MUSIC-OW_04-modelo-costas-close.png
modelos-off-white,PALL-MUSIC-OW_M2-frente-close.png,PALL-MUSIC-OW_05-modelo-frente-close.png
modelos-off-white,PALL-MUSIC-OW_M3-costas-corpo.png,PALL-MUSIC-OW_06-modelo-costas-corpo.png
modelos-off-white,PALL-MUSIC-OW_M4-frente-corpo.png,PALL-MUSIC-OW_07-modelo-frente-corpo.png
mockups-finais,PALL-MUSIC-PT_01-costas.png,PALL-MUSIC-PT_01-costas.png
mockups-finais,PALL-MUSIC-PT_03-inclinada.png,PALL-MUSIC-PT_02-close.png
mockups-finais,PALL-MUSIC-PT_02-frente.png,PALL-MUSIC-PT_03-frente.png
modelos-preta,PALL-MUSIC-PT_M1-costas-close.png,PALL-MUSIC-PT_04-modelo-costas-close.png
modelos-preta,PALL-MUSIC-PT_M2-frente-close.png,PALL-MUSIC-PT_05-modelo-frente-close.png
modelos-preta,PALL-MUSIC-PT_M3-costas-corpo.png,PALL-MUSIC-PT_06-modelo-costas-corpo.png
modelos-preta,PALL-MUSIC-PT_M4-frente-corpo.png,PALL-MUSIC-PT_07-modelo-frente-corpo.png
mockups-finais,PALL-MY-EX-AZ_01-costas.png,PALL-MY-EX-AZ_01-costas.png
mockups-finais,PALL-MY-EX-AZ_03-inclinada.png,PALL-MY-EX-AZ_02-close.png
mockups-finais,PALL-MY-EX-AZ_02-frente.png,PALL-MY-EX-AZ_03-frente.png
modelos-azul-marinho,PALL-MY-EX-AZ_M1-costas-close.png,PALL-MY-EX-AZ_04-modelo-costas-close.png
modelos-azul-marinho,PALL-MY-EX-AZ_M2-frente-close.png,PALL-MY-EX-AZ_05-modelo-frente-close.png
modelos-azul-marinho,PALL-MY-EX-AZ_M3-costas-corpo.png,PALL-MY-EX-AZ_06-modelo-costas-corpo.png
modelos-azul-marinho,PALL-MY-EX-AZ_M4-frente-corpo.png,PALL-MY-EX-AZ_07-modelo-frente-corpo.png
mockups-finais,PALL-MY-EX-BR_01-costas.png,PALL-MY-EX-BR_01-costas.png
mockups-finais,PALL-MY-EX-BR_03-inclinada.png,PALL-MY-EX-BR_02-close.png
mockups-finais,PALL-MY-EX-BR_02-frente.png,PALL-MY-EX-BR_03-frente.png
modelos-branca,PALL-MY-EX-BR_M1-costas-close.png,PALL-MY-EX-BR_04-modelo-costas-close.png
modelos-branca,PALL-MY-EX-BR_M2-frente-close.png,PALL-MY-EX-BR_05-modelo-frente-close.png
modelos-branca,PALL-MY-EX-BR_M3-costas-corpo.png,PALL-MY-EX-BR_06-modelo-costas-corpo.png
modelos-branca,PALL-MY-EX-BR_M4-frente-corpo.png,PALL-MY-EX-BR_07-modelo-frente-corpo.png
mockups-finais,PALL-MY-EX-OW_01-costas.png,PALL-MY-EX-OW_01-costas.png
mockups-finais,PALL-MY-EX-OW_03-inclinada.png,PALL-MY-EX-OW_02-close.png
mockups-finais,PALL-MY-EX-OW_02-frente.png,PALL-MY-EX-OW_03-frente.png
modelos-off-white,PALL-MY-EX-OW_M1-costas-close.png,PALL-MY-EX-OW_04-modelo-costas-close.png
modelos-off-white,PALL-MY-EX-OW_M2-frente-close.png,PALL-MY-EX-OW_05-modelo-frente-close.png
modelos-off-white,PALL-MY-EX-OW_M3-costas-corpo.png,PALL-MY-EX-OW_06-modelo-costas-corpo.png
modelos-off-white,PALL-MY-EX-OW_M4-frente-corpo.png,PALL-MY-EX-OW_07-modelo-frente-corpo.png
mockups-finais,PALL-MY-EX-PT_01-costas.png,PALL-MY-EX-PT_01-costas.png
mockups-finais,PALL-MY-EX-PT_03-inclinada.png,PALL-MY-EX-PT_02-close.png
mockups-finais,PALL-MY-EX-PT_02-frente.png,PALL-MY-EX-PT_03-frente.png
modelos-preta,PALL-MY-EX-PT_M1-costas-close.png,PALL-MY-EX-PT_04-modelo-costas-close.png
modelos-preta,PALL-MY-EX-PT_M2-frente-close.png,PALL-MY-EX-PT_05-modelo-frente-close.png
modelos-preta,PALL-MY-EX-PT_M3-costas-corpo.png,PALL-MY-EX-PT_06-modelo-costas-corpo.png
modelos-preta,PALL-MY-EX-PT_M4-frente-corpo.png,PALL-MY-EX-PT_07-modelo-frente-corpo.png
mockups-finais,PALL-MYKONOS-AZ_01-costas.png,PALL-MYKONOS-AZ_01-costas.png
mockups-finais,PALL-MYKONOS-AZ_03-inclinada.png,PALL-MYKONOS-AZ_02-close.png
mockups-finais,PALL-MYKONOS-AZ_02-frente.png,PALL-MYKONOS-AZ_03-frente.png
modelos-azul-marinho,PALL-MYKONOS-AZ_M1-costas-close.png,PALL-MYKONOS-AZ_04-modelo-costas-close.png
modelos-azul-marinho,PALL-MYKONOS-AZ_M2-frente-close.png,PALL-MYKONOS-AZ_05-modelo-frente-close.png
modelos-azul-marinho,PALL-MYKONOS-AZ_M3-costas-corpo.png,PALL-MYKONOS-AZ_06-modelo-costas-corpo.png
modelos-azul-marinho,PALL-MYKONOS-AZ_M4-frente-corpo.png,PALL-MYKONOS-AZ_07-modelo-frente-corpo.png
mockups-finais,PALL-MYKONOS-BR_01-costas.png,PALL-MYKONOS-BR_01-costas.png
mockups-finais,PALL-MYKONOS-BR_03-inclinada.png,PALL-MYKONOS-BR_02-close.png
mockups-finais,PALL-MYKONOS-BR_02-frente.png,PALL-MYKONOS-BR_03-frente.png
modelos-branca,PALL-MYKONOS-BR_M1-costas-close.png,PALL-MYKONOS-BR_04-modelo-costas-close.png
modelos-branca,PALL-MYKONOS-BR_M2-frente-close.png,PALL-MYKONOS-BR_05-modelo-frente-close.png
modelos-branca,PALL-MYKONOS-BR_M3-costas-corpo.png,PALL-MYKONOS-BR_06-modelo-costas-corpo.png
modelos-branca,PALL-MYKONOS-BR_M4-frente-corpo.png,PALL-MYKONOS-BR_07-modelo-frente-corpo.png
mockups-finais,PALL-MYKONOS-OW_01-costas.png,PALL-MYKONOS-OW_01-costas.png
mockups-finais,PALL-MYKONOS-OW_03-inclinada.png,PALL-MYKONOS-OW_02-close.png
mockups-finais,PALL-MYKONOS-OW_02-frente.png,PALL-MYKONOS-OW_03-frente.png
modelos-off-white,PALL-MYKONOS-OW_M1-costas-close.png,PALL-MYKONOS-OW_04-modelo-costas-close.png
modelos-off-white,PALL-MYKONOS-OW_M2-frente-close.png,PALL-MYKONOS-OW_05-modelo-frente-close.png
modelos-off-white,PALL-MYKONOS-OW_M3-costas-corpo.png,PALL-MYKONOS-OW_06-modelo-costas-corpo.png
modelos-off-white,PALL-MYKONOS-OW_M4-frente-corpo.png,PALL-MYKONOS-OW_07-modelo-frente-corpo.png
mockups-finais,PALL-MYKONOS-PT_01-costas.png,PALL-MYKONOS-PT_01-costas.png
mockups-finais,PALL-MYKONOS-PT_03-inclinada.png,PALL-MYKONOS-PT_02-close.png
mockups-finais,PALL-MYKONOS-PT_02-frente.png,PALL-MYKONOS-PT_03-frente.png
modelos-preta,PALL-MYKONOS-PT_M1-costas-close.png,PALL-MYKONOS-PT_04-modelo-costas-close.png
modelos-preta,PALL-MYKONOS-PT_M2-frente-close.png,PALL-MYKONOS-PT_05-modelo-frente-close.png
modelos-preta,PALL-MYKONOS-PT_M3-costas-corpo.png,PALL-MYKONOS-PT_06-modelo-costas-corpo.png
modelos-preta,PALL-MYKONOS-PT_M4-frente-corpo.png,PALL-MYKONOS-PT_07-modelo-frente-corpo.png
mockups-finais,PALL-NAUTIC-AZ_01-costas.png,PALL-NAUTIC-AZ_01-costas.png
mockups-finais,PALL-NAUTIC-AZ_02-frente.png,PALL-NAUTIC-AZ_02-frente.png
mockups-finais,PALL-NAUTIC-AZ_03-inclinada.png,PALL-NAUTIC-AZ_03-close.png
modelos-azul-marinho,PALL-NAUTIC-AZ_M1-costas-close.png,PALL-NAUTIC-AZ_04-modelo-costas-close.png
modelos-azul-marinho,PALL-NAUTIC-AZ_M2-frente-close.png,PALL-NAUTIC-AZ_05-modelo-frente-close.png
modelos-azul-marinho,PALL-NAUTIC-AZ_M3-costas-corpo.png,PALL-NAUTIC-AZ_06-modelo-costas-corpo.png
modelos-azul-marinho,PALL-NAUTIC-AZ_M4-frente-corpo.png,PALL-NAUTIC-AZ_07-modelo-frente-corpo.png
mockups-finais,PALL-NAUTIC-BR_01-costas.png,PALL-NAUTIC-BR_01-costas.png
mockups-finais,PALL-NAUTIC-BR_02-frente.png,PALL-NAUTIC-BR_02-frente.png
mockups-finais,PALL-NAUTIC-BR_03-inclinada.png,PALL-NAUTIC-BR_03-close.png
modelos-branca,PALL-NAUTIC-BR_M1-costas-close.png,PALL-NAUTIC-BR_04-modelo-costas-close.png
modelos-branca,PALL-NAUTIC-BR_M2-frente-close.png,PALL-NAUTIC-BR_05-modelo-frente-close.png
modelos-branca,PALL-NAUTIC-BR_M3-costas-corpo.png,PALL-NAUTIC-BR_06-modelo-costas-corpo.png
modelos-branca,PALL-NAUTIC-BR_M4-frente-corpo.png,PALL-NAUTIC-BR_07-modelo-frente-corpo.png
mockups-finais,PALL-NAUTIC-OW_01-costas.png,PALL-NAUTIC-OW_01-costas.png
mockups-finais,PALL-NAUTIC-OW_02-frente.png,PALL-NAUTIC-OW_02-frente.png
mockups-finais,PALL-NAUTIC-OW_03-inclinada.png,PALL-NAUTIC-OW_03-close.png
modelos-off-white,PALL-NAUTIC-OW_M1-costas-close.png,PALL-NAUTIC-OW_04-modelo-costas-close.png
modelos-off-white,PALL-NAUTIC-OW_M2-frente-close.png,PALL-NAUTIC-OW_05-modelo-frente-close.png
modelos-off-white,PALL-NAUTIC-OW_M3-costas-corpo.png,PALL-NAUTIC-OW_06-modelo-costas-corpo.png
modelos-off-white,PALL-NAUTIC-OW_M4-frente-corpo.png,PALL-NAUTIC-OW_07-modelo-frente-corpo.png
mockups-finais,PALL-NAUTIC-PT_01-costas.png,PALL-NAUTIC-PT_01-costas.png
mockups-finais,PALL-NAUTIC-PT_02-frente.png,PALL-NAUTIC-PT_02-frente.png
mockups-finais,PALL-NAUTIC-PT_03-inclinada.png,PALL-NAUTIC-PT_03-close.png
modelos-preta,PALL-NAUTIC-PT_M1-costas-close.png,PALL-NAUTIC-PT_04-modelo-costas-close.png
modelos-preta,PALL-NAUTIC-PT_M2-frente-close.png,PALL-NAUTIC-PT_05-modelo-frente-close.png
modelos-preta,PALL-NAUTIC-PT_M3-costas-corpo.png,PALL-NAUTIC-PT_06-modelo-costas-corpo.png
modelos-preta,PALL-NAUTIC-PT_M4-frente-corpo.png,PALL-NAUTIC-PT_07-modelo-frente-corpo.png
mockups-finais,PALL-NEED-DRINK-AZ_01-costas.png,PALL-NEED-DRINK-AZ_01-costas.png
mockups-finais,PALL-NEED-DRINK-AZ_03-inclinada.png,PALL-NEED-DRINK-AZ_02-close.png
mockups-finais,PALL-NEED-DRINK-AZ_02-frente.png,PALL-NEED-DRINK-AZ_03-frente.png
modelos-azul-marinho,PALL-NEED-DRINK-AZ_M1-costas-close.png,PALL-NEED-DRINK-AZ_04-modelo-costas-close.png
modelos-azul-marinho,PALL-NEED-DRINK-AZ_M2-frente-close.png,PALL-NEED-DRINK-AZ_05-modelo-frente-close.png
modelos-azul-marinho,PALL-NEED-DRINK-AZ_M3-costas-corpo.png,PALL-NEED-DRINK-AZ_06-modelo-costas-corpo.png
modelos-azul-marinho,PALL-NEED-DRINK-AZ_M4-frente-corpo.png,PALL-NEED-DRINK-AZ_07-modelo-frente-corpo.png
mockups-finais,PALL-NEED-DRINK-BR_01-costas.png,PALL-NEED-DRINK-BR_01-costas.png
mockups-finais,PALL-NEED-DRINK-BR_03-inclinada.png,PALL-NEED-DRINK-BR_02-close.png
mockups-finais,PALL-NEED-DRINK-BR_02-frente.png,PALL-NEED-DRINK-BR_03-frente.png
modelos-branca,PALL-NEED-DRINK-BR_M1-costas-close.png,PALL-NEED-DRINK-BR_04-modelo-costas-close.png
modelos-branca,PALL-NEED-DRINK-BR_M2-frente-close.png,PALL-NEED-DRINK-BR_05-modelo-frente-close.png
modelos-branca,PALL-NEED-DRINK-BR_M3-costas-corpo.png,PALL-NEED-DRINK-BR_06-modelo-costas-corpo.png
modelos-branca,PALL-NEED-DRINK-BR_M4-frente-corpo.png,PALL-NEED-DRINK-BR_07-modelo-frente-corpo.png
mockups-finais,PALL-NEED-DRINK-OW_01-costas.png,PALL-NEED-DRINK-OW_01-costas.png
mockups-finais,PALL-NEED-DRINK-OW_03-inclinada.png,PALL-NEED-DRINK-OW_02-close.png
mockups-finais,PALL-NEED-DRINK-OW_02-frente.png,PALL-NEED-DRINK-OW_03-frente.png
modelos-off-white,PALL-NEED-DRINK-OW_M1-costas-close.png,PALL-NEED-DRINK-OW_04-modelo-costas-close.png
modelos-off-white,PALL-NEED-DRINK-OW_M2-frente-close.png,PALL-NEED-DRINK-OW_05-modelo-frente-close.png
modelos-off-white,PALL-NEED-DRINK-OW_M3-costas-corpo.png,PALL-NEED-DRINK-OW_06-modelo-costas-corpo.png
modelos-off-white,PALL-NEED-DRINK-OW_M4-frente-corpo.png,PALL-NEED-DRINK-OW_07-modelo-frente-corpo.png
mockups-finais,PALL-NEED-DRINK-PT_01-costas.png,PALL-NEED-DRINK-PT_01-costas.png
mockups-finais,PALL-NEED-DRINK-PT_03-inclinada.png,PALL-NEED-DRINK-PT_02-close.png
mockups-finais,PALL-NEED-DRINK-PT_02-frente.png,PALL-NEED-DRINK-PT_03-frente.png
modelos-preta,PALL-NEED-DRINK-PT_M1-costas-close.png,PALL-NEED-DRINK-PT_04-modelo-costas-close.png
modelos-preta,PALL-NEED-DRINK-PT_M2-frente-close.png,PALL-NEED-DRINK-PT_05-modelo-frente-close.png
modelos-preta,PALL-NEED-DRINK-PT_M3-costas-corpo.png,PALL-NEED-DRINK-PT_06-modelo-costas-corpo.png
modelos-preta,PALL-NEED-DRINK-PT_M4-frente-corpo.png,PALL-NEED-DRINK-PT_07-modelo-frente-corpo.png
mockups-finais,PALL-NEED-MONEY-BR_01-costas.png,PALL-NEED-MONEY-BR_01-costas.png
mockups-finais,PALL-NEED-MONEY-BR_03-inclinada.png,PALL-NEED-MONEY-BR_02-close.png
mockups-finais,PALL-NEED-MONEY-BR_02-frente.png,PALL-NEED-MONEY-BR_03-frente.png
modelos-branca,PALL-NEED-MONEY-BR_M1-costas-close.png,PALL-NEED-MONEY-BR_04-modelo-costas-close.png
modelos-branca,PALL-NEED-MONEY-BR_M2-frente-close.png,PALL-NEED-MONEY-BR_05-modelo-frente-close.png
modelos-branca,PALL-NEED-MONEY-BR_M3-costas-corpo.png,PALL-NEED-MONEY-BR_06-modelo-costas-corpo.png
modelos-branca,PALL-NEED-MONEY-BR_M4-frente-corpo.png,PALL-NEED-MONEY-BR_07-modelo-frente-corpo.png
mockups-finais,PALL-NEED-MONEY-OW_01-costas.png,PALL-NEED-MONEY-OW_01-costas.png
mockups-finais,PALL-NEED-MONEY-OW_03-inclinada.png,PALL-NEED-MONEY-OW_02-close.png
mockups-finais,PALL-NEED-MONEY-OW_02-frente.png,PALL-NEED-MONEY-OW_03-frente.png
modelos-off-white,PALL-NEED-MONEY-OW_M1-costas-close.png,PALL-NEED-MONEY-OW_04-modelo-costas-close.png
modelos-off-white,PALL-NEED-MONEY-OW_M2-frente-close.png,PALL-NEED-MONEY-OW_05-modelo-frente-close.png
modelos-off-white,PALL-NEED-MONEY-OW_M3-costas-corpo.png,PALL-NEED-MONEY-OW_06-modelo-costas-corpo.png
modelos-off-white,PALL-NEED-MONEY-OW_M4-frente-corpo.png,PALL-NEED-MONEY-OW_07-modelo-frente-corpo.png
mockups-finais,PALL-NEED-MONEY-PT_01-costas.png,PALL-NEED-MONEY-PT_01-costas.png
mockups-finais,PALL-NEED-MONEY-PT_03-inclinada.png,PALL-NEED-MONEY-PT_02-close.png
mockups-finais,PALL-NEED-MONEY-PT_02-frente.png,PALL-NEED-MONEY-PT_03-frente.png
modelos-preta,PALL-NEED-MONEY-PT_M1-costas-close.png,PALL-NEED-MONEY-PT_04-modelo-costas-close.png
modelos-preta,PALL-NEED-MONEY-PT_M2-frente-close.png,PALL-NEED-MONEY-PT_05-modelo-frente-close.png
modelos-preta,PALL-NEED-MONEY-PT_M3-costas-corpo.png,PALL-NEED-MONEY-PT_06-modelo-costas-corpo.png
modelos-preta,PALL-NEED-MONEY-PT_M4-frente-corpo.png,PALL-NEED-MONEY-PT_07-modelo-frente-corpo.png
mockups-finais,PALL-NIGHTLIFE-AZ_01-costas.png,PALL-NIGHTLIFE-AZ_01-costas.png
mockups-finais,PALL-NIGHTLIFE-AZ_03-inclinada.png,PALL-NIGHTLIFE-AZ_02-close.png
mockups-finais,PALL-NIGHTLIFE-AZ_02-frente.png,PALL-NIGHTLIFE-AZ_03-frente.png
modelos-azul-marinho,PALL-NIGHTLIFE-AZ_M1-costas-close.png,PALL-NIGHTLIFE-AZ_04-modelo-costas-close.png
modelos-azul-marinho,PALL-NIGHTLIFE-AZ_M2-frente-close.png,PALL-NIGHTLIFE-AZ_05-modelo-frente-close.png
modelos-azul-marinho,PALL-NIGHTLIFE-AZ_M3-costas-corpo.png,PALL-NIGHTLIFE-AZ_06-modelo-costas-corpo.png
modelos-azul-marinho,PALL-NIGHTLIFE-AZ_M4-frente-corpo.png,PALL-NIGHTLIFE-AZ_07-modelo-frente-corpo.png
mockups-finais,PALL-NIGHTLIFE-BR_01-costas.png,PALL-NIGHTLIFE-BR_01-costas.png
mockups-finais,PALL-NIGHTLIFE-BR_03-inclinada.png,PALL-NIGHTLIFE-BR_02-close.png
mockups-finais,PALL-NIGHTLIFE-BR_02-frente.png,PALL-NIGHTLIFE-BR_03-frente.png
modelos-branca,PALL-NIGHTLIFE-BR_M1-costas-close.png,PALL-NIGHTLIFE-BR_04-modelo-costas-close.png
modelos-branca,PALL-NIGHTLIFE-BR_M2-frente-close.png,PALL-NIGHTLIFE-BR_05-modelo-frente-close.png
modelos-branca,PALL-NIGHTLIFE-BR_M3-costas-corpo.png,PALL-NIGHTLIFE-BR_06-modelo-costas-corpo.png
modelos-branca,PALL-NIGHTLIFE-BR_M4-frente-corpo.png,PALL-NIGHTLIFE-BR_07-modelo-frente-corpo.png
mockups-finais,PALL-NIGHTLIFE-OW_01-costas.png,PALL-NIGHTLIFE-OW_01-costas.png
mockups-finais,PALL-NIGHTLIFE-OW_03-inclinada.png,PALL-NIGHTLIFE-OW_02-close.png
mockups-finais,PALL-NIGHTLIFE-OW_02-frente.png,PALL-NIGHTLIFE-OW_03-frente.png
modelos-off-white,PALL-NIGHTLIFE-OW_M1-costas-close.png,PALL-NIGHTLIFE-OW_04-modelo-costas-close.png
modelos-off-white,PALL-NIGHTLIFE-OW_M2-frente-close.png,PALL-NIGHTLIFE-OW_05-modelo-frente-close.png
modelos-off-white,PALL-NIGHTLIFE-OW_M3-costas-corpo.png,PALL-NIGHTLIFE-OW_06-modelo-costas-corpo.png
modelos-off-white,PALL-NIGHTLIFE-OW_M4-frente-corpo.png,PALL-NIGHTLIFE-OW_07-modelo-frente-corpo.png
mockups-finais,PALL-NIGHTLIFE-PT_01-costas.png,PALL-NIGHTLIFE-PT_01-costas.png
mockups-finais,PALL-NIGHTLIFE-PT_03-inclinada.png,PALL-NIGHTLIFE-PT_02-close.png
mockups-finais,PALL-NIGHTLIFE-PT_02-frente.png,PALL-NIGHTLIFE-PT_03-frente.png
modelos-preta,PALL-NIGHTLIFE-PT_M1-costas-close.png,PALL-NIGHTLIFE-PT_04-modelo-costas-close.png
modelos-preta,PALL-NIGHTLIFE-PT_M2-frente-close.png,PALL-NIGHTLIFE-PT_05-modelo-frente-close.png
modelos-preta,PALL-NIGHTLIFE-PT_M3-costas-corpo.png,PALL-NIGHTLIFE-PT_06-modelo-costas-corpo.png
modelos-preta,PALL-NIGHTLIFE-PT_M4-frente-corpo.png,PALL-NIGHTLIFE-PT_07-modelo-frente-corpo.png
mockups-finais,PALL-NO-RISK-AZ_01-costas.png,PALL-NO-RISK-AZ_01-costas.png
mockups-finais,PALL-NO-RISK-AZ_03-inclinada.png,PALL-NO-RISK-AZ_02-close.png
mockups-finais,PALL-NO-RISK-AZ_02-frente.png,PALL-NO-RISK-AZ_03-frente.png
modelos-azul-marinho,PALL-NO-RISK-AZ_M1-costas-close.png,PALL-NO-RISK-AZ_04-modelo-costas-close.png
modelos-azul-marinho,PALL-NO-RISK-AZ_M2-frente-close.png,PALL-NO-RISK-AZ_05-modelo-frente-close.png
modelos-azul-marinho,PALL-NO-RISK-AZ_M3-costas-corpo.png,PALL-NO-RISK-AZ_06-modelo-costas-corpo.png
modelos-azul-marinho,PALL-NO-RISK-AZ_M4-frente-corpo.png,PALL-NO-RISK-AZ_07-modelo-frente-corpo.png
mockups-finais,PALL-NO-RISK-BR_01-costas.png,PALL-NO-RISK-BR_01-costas.png
mockups-finais,PALL-NO-RISK-BR_03-inclinada.png,PALL-NO-RISK-BR_02-close.png
mockups-finais,PALL-NO-RISK-BR_02-frente.png,PALL-NO-RISK-BR_03-frente.png
modelos-branca,PALL-NO-RISK-BR_M1-costas-close.png,PALL-NO-RISK-BR_04-modelo-costas-close.png
modelos-branca,PALL-NO-RISK-BR_M2-frente-close.png,PALL-NO-RISK-BR_05-modelo-frente-close.png
modelos-branca,PALL-NO-RISK-BR_M3-costas-corpo.png,PALL-NO-RISK-BR_06-modelo-costas-corpo.png
modelos-branca,PALL-NO-RISK-BR_M4-frente-corpo.png,PALL-NO-RISK-BR_07-modelo-frente-corpo.png
mockups-finais,PALL-NO-RISK-OW_01-costas.png,PALL-NO-RISK-OW_01-costas.png
mockups-finais,PALL-NO-RISK-OW_03-inclinada.png,PALL-NO-RISK-OW_02-close.png
mockups-finais,PALL-NO-RISK-OW_02-frente.png,PALL-NO-RISK-OW_03-frente.png
modelos-off-white,PALL-NO-RISK-OW_M1-costas-close.png,PALL-NO-RISK-OW_04-modelo-costas-close.png
modelos-off-white,PALL-NO-RISK-OW_M2-frente-close.png,PALL-NO-RISK-OW_05-modelo-frente-close.png
modelos-off-white,PALL-NO-RISK-OW_M3-costas-corpo.png,PALL-NO-RISK-OW_06-modelo-costas-corpo.png
modelos-off-white,PALL-NO-RISK-OW_M4-frente-corpo.png,PALL-NO-RISK-OW_07-modelo-frente-corpo.png
mockups-finais,PALL-NO-RISK-PT_01-costas.png,PALL-NO-RISK-PT_01-costas.png
mockups-finais,PALL-NO-RISK-PT_03-inclinada.png,PALL-NO-RISK-PT_02-close.png
mockups-finais,PALL-NO-RISK-PT_02-frente.png,PALL-NO-RISK-PT_03-frente.png
modelos-preta,PALL-NO-RISK-PT_M1-costas-close.png,PALL-NO-RISK-PT_04-modelo-costas-close.png
modelos-preta,PALL-NO-RISK-PT_M2-frente-close.png,PALL-NO-RISK-PT_05-modelo-frente-close.png
modelos-preta,PALL-NO-RISK-PT_M3-costas-corpo.png,PALL-NO-RISK-PT_06-modelo-costas-corpo.png
modelos-preta,PALL-NO-RISK-PT_M4-frente-corpo.png,PALL-NO-RISK-PT_07-modelo-frente-corpo.png
mockups-finais,PALL-NOT-BAD-BR_01-costas.png,PALL-NOT-BAD-BR_01-costas.png
mockups-finais,PALL-NOT-BAD-BR_03-inclinada.png,PALL-NOT-BAD-BR_02-close.png
mockups-finais,PALL-NOT-BAD-BR_02-frente.png,PALL-NOT-BAD-BR_03-frente.png
modelos-branca,PALL-NOT-BAD-BR_M1-costas-close.png,PALL-NOT-BAD-BR_04-modelo-costas-close.png
modelos-branca,PALL-NOT-BAD-BR_M2-frente-close.png,PALL-NOT-BAD-BR_05-modelo-frente-close.png
modelos-branca,PALL-NOT-BAD-BR_M3-costas-corpo.png,PALL-NOT-BAD-BR_06-modelo-costas-corpo.png
modelos-branca,PALL-NOT-BAD-BR_M4-frente-corpo.png,PALL-NOT-BAD-BR_07-modelo-frente-corpo.png
mockups-finais,PALL-NOT-BAD-OW_01-costas.png,PALL-NOT-BAD-OW_01-costas.png
mockups-finais,PALL-NOT-BAD-OW_03-inclinada.png,PALL-NOT-BAD-OW_02-close.png
mockups-finais,PALL-NOT-BAD-OW_02-frente.png,PALL-NOT-BAD-OW_03-frente.png
modelos-off-white,PALL-NOT-BAD-OW_M1-costas-close.png,PALL-NOT-BAD-OW_04-modelo-costas-close.png
modelos-off-white,PALL-NOT-BAD-OW_M2-frente-close.png,PALL-NOT-BAD-OW_05-modelo-frente-close.png
modelos-off-white,PALL-NOT-BAD-OW_M3-costas-corpo.png,PALL-NOT-BAD-OW_06-modelo-costas-corpo.png
modelos-off-white,PALL-NOT-BAD-OW_M4-frente-corpo.png,PALL-NOT-BAD-OW_07-modelo-frente-corpo.png
mockups-finais,PALL-NOT-BAD-PT_01-costas.png,PALL-NOT-BAD-PT_01-costas.png
mockups-finais,PALL-NOT-BAD-PT_03-inclinada.png,PALL-NOT-BAD-PT_02-close.png
mockups-finais,PALL-NOT-BAD-PT_02-frente.png,PALL-NOT-BAD-PT_03-frente.png
modelos-preta,PALL-NOT-BAD-PT_M1-costas-close.png,PALL-NOT-BAD-PT_04-modelo-costas-close.png
modelos-preta,PALL-NOT-BAD-PT_M2-frente-close.png,PALL-NOT-BAD-PT_05-modelo-frente-close.png
modelos-preta,PALL-NOT-BAD-PT_M3-costas-corpo.png,PALL-NOT-BAD-PT_06-modelo-costas-corpo.png
modelos-preta,PALL-NOT-BAD-PT_M4-frente-corpo.png,PALL-NOT-BAD-PT_07-modelo-frente-corpo.png
mockups-finais,PALL-NUMBER-BR_01-costas.png,PALL-NUMBER-BR_01-costas.png
mockups-finais,PALL-NUMBER-BR_02-frente.png,PALL-NUMBER-BR_02-frente.png
mockups-finais,PALL-NUMBER-BR_03-inclinada.png,PALL-NUMBER-BR_03-close.png
modelos-branca,PALL-NUMBER-BR_M1-costas-close.png,PALL-NUMBER-BR_04-modelo-costas-close.png
modelos-branca,PALL-NUMBER-BR_M2-frente-close.png,PALL-NUMBER-BR_05-modelo-frente-close.png
modelos-branca,PALL-NUMBER-BR_M3-costas-corpo.png,PALL-NUMBER-BR_06-modelo-costas-corpo.png
modelos-branca,PALL-NUMBER-BR_M4-frente-corpo.png,PALL-NUMBER-BR_07-modelo-frente-corpo.png
mockups-finais,PALL-NUMBER-OW_01-costas.png,PALL-NUMBER-OW_01-costas.png
mockups-finais,PALL-NUMBER-OW_02-frente.png,PALL-NUMBER-OW_02-frente.png
mockups-finais,PALL-NUMBER-OW_03-inclinada.png,PALL-NUMBER-OW_03-close.png
modelos-off-white,PALL-NUMBER-OW_M1-costas-close.png,PALL-NUMBER-OW_04-modelo-costas-close.png
modelos-off-white,PALL-NUMBER-OW_M2-frente-close.png,PALL-NUMBER-OW_05-modelo-frente-close.png
modelos-off-white,PALL-NUMBER-OW_M3-costas-corpo.png,PALL-NUMBER-OW_06-modelo-costas-corpo.png
modelos-off-white,PALL-NUMBER-OW_M4-frente-corpo.png,PALL-NUMBER-OW_07-modelo-frente-corpo.png
mockups-finais,PALL-NUMBER-PT_01-costas.png,PALL-NUMBER-PT_01-costas.png
mockups-finais,PALL-NUMBER-PT_02-frente.png,PALL-NUMBER-PT_02-frente.png
mockups-finais,PALL-NUMBER-PT_03-inclinada.png,PALL-NUMBER-PT_03-close.png
modelos-preta,PALL-NUMBER-PT_M1-costas-close.png,PALL-NUMBER-PT_04-modelo-costas-close.png
modelos-preta,PALL-NUMBER-PT_M2-frente-close.png,PALL-NUMBER-PT_05-modelo-frente-close.png
modelos-preta,PALL-NUMBER-PT_M3-costas-corpo.png,PALL-NUMBER-PT_06-modelo-costas-corpo.png
modelos-preta,PALL-NUMBER-PT_M4-frente-corpo.png,PALL-NUMBER-PT_07-modelo-frente-corpo.png
mockups-finais,PALL-OFF-SHORE-AZ_01-costas.png,PALL-OFF-SHORE-AZ_01-costas.png
mockups-finais,PALL-OFF-SHORE-AZ_03-inclinada.png,PALL-OFF-SHORE-AZ_02-close.png
mockups-finais,PALL-OFF-SHORE-AZ_02-frente.png,PALL-OFF-SHORE-AZ_03-frente.png
modelos-azul-marinho,PALL-OFF-SHORE-AZ_M1-costas-close.png,PALL-OFF-SHORE-AZ_04-modelo-costas-close.png
modelos-azul-marinho,PALL-OFF-SHORE-AZ_M2-frente-close.png,PALL-OFF-SHORE-AZ_05-modelo-frente-close.png
modelos-azul-marinho,PALL-OFF-SHORE-AZ_M3-costas-corpo.png,PALL-OFF-SHORE-AZ_06-modelo-costas-corpo.png
modelos-azul-marinho,PALL-OFF-SHORE-AZ_M4-frente-corpo.png,PALL-OFF-SHORE-AZ_07-modelo-frente-corpo.png
mockups-finais,PALL-OFF-SHORE-BR_01-costas.png,PALL-OFF-SHORE-BR_01-costas.png
mockups-finais,PALL-OFF-SHORE-BR_03-inclinada.png,PALL-OFF-SHORE-BR_02-close.png
mockups-finais,PALL-OFF-SHORE-BR_02-frente.png,PALL-OFF-SHORE-BR_03-frente.png
modelos-branca,PALL-OFF-SHORE-BR_M1-costas-close.png,PALL-OFF-SHORE-BR_04-modelo-costas-close.png
modelos-branca,PALL-OFF-SHORE-BR_M2-frente-close.png,PALL-OFF-SHORE-BR_05-modelo-frente-close.png
modelos-branca,PALL-OFF-SHORE-BR_M3-costas-corpo.png,PALL-OFF-SHORE-BR_06-modelo-costas-corpo.png
modelos-branca,PALL-OFF-SHORE-BR_M4-frente-corpo.png,PALL-OFF-SHORE-BR_07-modelo-frente-corpo.png
mockups-finais,PALL-OFF-SHORE-OW_01-costas.png,PALL-OFF-SHORE-OW_01-costas.png
mockups-finais,PALL-OFF-SHORE-OW_03-inclinada.png,PALL-OFF-SHORE-OW_02-close.png
mockups-finais,PALL-OFF-SHORE-OW_02-frente.png,PALL-OFF-SHORE-OW_03-frente.png
modelos-off-white,PALL-OFF-SHORE-OW_M1-costas-close.png,PALL-OFF-SHORE-OW_04-modelo-costas-close.png
modelos-off-white,PALL-OFF-SHORE-OW_M2-frente-close.png,PALL-OFF-SHORE-OW_05-modelo-frente-close.png
modelos-off-white,PALL-OFF-SHORE-OW_M3-costas-corpo.png,PALL-OFF-SHORE-OW_06-modelo-costas-corpo.png
modelos-off-white,PALL-OFF-SHORE-OW_M4-frente-corpo.png,PALL-OFF-SHORE-OW_07-modelo-frente-corpo.png
mockups-finais,PALL-OFF-SHORE-PT_01-costas.png,PALL-OFF-SHORE-PT_01-costas.png
mockups-finais,PALL-OFF-SHORE-PT_03-inclinada.png,PALL-OFF-SHORE-PT_02-close.png
mockups-finais,PALL-OFF-SHORE-PT_02-frente.png,PALL-OFF-SHORE-PT_03-frente.png
modelos-preta,PALL-OFF-SHORE-PT_M1-costas-close.png,PALL-OFF-SHORE-PT_04-modelo-costas-close.png
modelos-preta,PALL-OFF-SHORE-PT_M2-frente-close.png,PALL-OFF-SHORE-PT_05-modelo-frente-close.png
modelos-preta,PALL-OFF-SHORE-PT_M3-costas-corpo.png,PALL-OFF-SHORE-PT_06-modelo-costas-corpo.png
modelos-preta,PALL-OFF-SHORE-PT_M4-frente-corpo.png,PALL-OFF-SHORE-PT_07-modelo-frente-corpo.png
mockups-finais,PALL-OFFLINE-AZ_01-costas.png,PALL-OFFLINE-AZ_01-costas.png
mockups-finais,PALL-OFFLINE-AZ_03-inclinada.png,PALL-OFFLINE-AZ_02-close.png
mockups-finais,PALL-OFFLINE-AZ_02-frente.png,PALL-OFFLINE-AZ_03-frente.png
modelos-azul-marinho,PALL-OFFLINE-AZ_M1-costas-close.png,PALL-OFFLINE-AZ_04-modelo-costas-close.png
modelos-azul-marinho,PALL-OFFLINE-AZ_M2-frente-close.png,PALL-OFFLINE-AZ_05-modelo-frente-close.png
modelos-azul-marinho,PALL-OFFLINE-AZ_M3-costas-corpo.png,PALL-OFFLINE-AZ_06-modelo-costas-corpo.png
modelos-azul-marinho,PALL-OFFLINE-AZ_M4-frente-corpo.png,PALL-OFFLINE-AZ_07-modelo-frente-corpo.png
mockups-finais,PALL-OFFLINE-BR_01-costas.png,PALL-OFFLINE-BR_01-costas.png
mockups-finais,PALL-OFFLINE-BR_03-inclinada.png,PALL-OFFLINE-BR_02-close.png
mockups-finais,PALL-OFFLINE-BR_02-frente.png,PALL-OFFLINE-BR_03-frente.png
modelos-branca,PALL-OFFLINE-BR_M1-costas-close.png,PALL-OFFLINE-BR_04-modelo-costas-close.png
modelos-branca,PALL-OFFLINE-BR_M2-frente-close.png,PALL-OFFLINE-BR_05-modelo-frente-close.png
modelos-branca,PALL-OFFLINE-BR_M3-costas-corpo.png,PALL-OFFLINE-BR_06-modelo-costas-corpo.png
modelos-branca,PALL-OFFLINE-BR_M4-frente-corpo.png,PALL-OFFLINE-BR_07-modelo-frente-corpo.png
mockups-finais,PALL-OFFLINE-OW_01-costas.png,PALL-OFFLINE-OW_01-costas.png
mockups-finais,PALL-OFFLINE-OW_03-inclinada.png,PALL-OFFLINE-OW_02-close.png
mockups-finais,PALL-OFFLINE-OW_02-frente.png,PALL-OFFLINE-OW_03-frente.png
modelos-off-white,PALL-OFFLINE-OW_M1-costas-close.png,PALL-OFFLINE-OW_04-modelo-costas-close.png
modelos-off-white,PALL-OFFLINE-OW_M2-frente-close.png,PALL-OFFLINE-OW_05-modelo-frente-close.png
modelos-off-white,PALL-OFFLINE-OW_M3-costas-corpo.png,PALL-OFFLINE-OW_06-modelo-costas-corpo.png
modelos-off-white,PALL-OFFLINE-OW_M4-frente-corpo.png,PALL-OFFLINE-OW_07-modelo-frente-corpo.png
mockups-finais,PALL-OFFLINE-PT_01-costas.png,PALL-OFFLINE-PT_01-costas.png
mockups-finais,PALL-OFFLINE-PT_03-inclinada.png,PALL-OFFLINE-PT_02-close.png
mockups-finais,PALL-OFFLINE-PT_02-frente.png,PALL-OFFLINE-PT_03-frente.png
modelos-preta,PALL-OFFLINE-PT_M1-costas-close.png,PALL-OFFLINE-PT_04-modelo-costas-close.png
modelos-preta,PALL-OFFLINE-PT_M2-frente-close.png,PALL-OFFLINE-PT_05-modelo-frente-close.png
modelos-preta,PALL-OFFLINE-PT_M3-costas-corpo.png,PALL-OFFLINE-PT_06-modelo-costas-corpo.png
modelos-preta,PALL-OFFLINE-PT_M4-frente-corpo.png,PALL-OFFLINE-PT_07-modelo-frente-corpo.png
mockups-finais,PALL-ORANGE-AZ_01-costas.png,PALL-ORANGE-AZ_01-costas.png
mockups-finais,PALL-ORANGE-AZ_02-frente.png,PALL-ORANGE-AZ_02-frente.png
mockups-finais,PALL-ORANGE-AZ_03-inclinada.png,PALL-ORANGE-AZ_03-close.png
modelos-azul-marinho,PALL-ORANGE-AZ_M1-costas-close.png,PALL-ORANGE-AZ_04-modelo-costas-close.png
modelos-azul-marinho,PALL-ORANGE-AZ_M2-frente-close.png,PALL-ORANGE-AZ_05-modelo-frente-close.png
modelos-azul-marinho,PALL-ORANGE-AZ_M3-costas-corpo.png,PALL-ORANGE-AZ_06-modelo-costas-corpo.png
modelos-azul-marinho,PALL-ORANGE-AZ_M4-frente-corpo.png,PALL-ORANGE-AZ_07-modelo-frente-corpo.png
mockups-finais,PALL-ORANGE-BR_01-costas.png,PALL-ORANGE-BR_01-costas.png
mockups-finais,PALL-ORANGE-BR_02-frente.png,PALL-ORANGE-BR_02-frente.png
mockups-finais,PALL-ORANGE-BR_03-inclinada.png,PALL-ORANGE-BR_03-close.png
modelos-branca,PALL-ORANGE-BR_M1-costas-close.png,PALL-ORANGE-BR_04-modelo-costas-close.png
modelos-branca,PALL-ORANGE-BR_M2-frente-close.png,PALL-ORANGE-BR_05-modelo-frente-close.png
modelos-branca,PALL-ORANGE-BR_M3-costas-corpo.png,PALL-ORANGE-BR_06-modelo-costas-corpo.png
modelos-branca,PALL-ORANGE-BR_M4-frente-corpo.png,PALL-ORANGE-BR_07-modelo-frente-corpo.png
mockups-finais,PALL-ORANGE-OW_01-costas.png,PALL-ORANGE-OW_01-costas.png
mockups-finais,PALL-ORANGE-OW_02-frente.png,PALL-ORANGE-OW_02-frente.png
mockups-finais,PALL-ORANGE-OW_03-inclinada.png,PALL-ORANGE-OW_03-close.png
modelos-off-white,PALL-ORANGE-OW_M1-costas-close.png,PALL-ORANGE-OW_04-modelo-costas-close.png
modelos-off-white,PALL-ORANGE-OW_M2-frente-close.png,PALL-ORANGE-OW_05-modelo-frente-close.png
modelos-off-white,PALL-ORANGE-OW_M3-costas-corpo.png,PALL-ORANGE-OW_06-modelo-costas-corpo.png
modelos-off-white,PALL-ORANGE-OW_M4-frente-corpo.png,PALL-ORANGE-OW_07-modelo-frente-corpo.png
mockups-finais,PALL-ORANGE-PT_01-costas.png,PALL-ORANGE-PT_01-costas.png
mockups-finais,PALL-ORANGE-PT_02-frente.png,PALL-ORANGE-PT_02-frente.png
mockups-finais,PALL-ORANGE-PT_03-inclinada.png,PALL-ORANGE-PT_03-close.png
modelos-preta,PALL-ORANGE-PT_M1-costas-close.png,PALL-ORANGE-PT_04-modelo-costas-close.png
modelos-preta,PALL-ORANGE-PT_M2-frente-close.png,PALL-ORANGE-PT_05-modelo-frente-close.png
modelos-preta,PALL-ORANGE-PT_M3-costas-corpo.png,PALL-ORANGE-PT_06-modelo-costas-corpo.png
modelos-preta,PALL-ORANGE-PT_M4-frente-corpo.png,PALL-ORANGE-PT_07-modelo-frente-corpo.png
mockups-finais,PALL-PAPA-BR_01-costas.png,PALL-PAPA-BR_01-costas.png
mockups-finais,PALL-PAPA-BR_02-frente.png,PALL-PAPA-BR_02-frente.png
mockups-finais,PALL-PAPA-BR_03-inclinada.png,PALL-PAPA-BR_03-close.png
modelos-branca,PALL-PAPA-BR_M1-costas-close.png,PALL-PAPA-BR_04-modelo-costas-close.png
modelos-branca,PALL-PAPA-BR_M2-frente-close.png,PALL-PAPA-BR_05-modelo-frente-close.png
modelos-branca,PALL-PAPA-BR_M3-costas-corpo.png,PALL-PAPA-BR_06-modelo-costas-corpo.png
modelos-branca,PALL-PAPA-BR_M4-frente-corpo.png,PALL-PAPA-BR_07-modelo-frente-corpo.png
mockups-finais,PALL-PAPA-OW_01-costas.png,PALL-PAPA-OW_01-costas.png
mockups-finais,PALL-PAPA-OW_02-frente.png,PALL-PAPA-OW_02-frente.png
mockups-finais,PALL-PAPA-OW_03-inclinada.png,PALL-PAPA-OW_03-close.png
modelos-off-white,PALL-PAPA-OW_M1-costas-close.png,PALL-PAPA-OW_04-modelo-costas-close.png
modelos-off-white,PALL-PAPA-OW_M2-frente-close.png,PALL-PAPA-OW_05-modelo-frente-close.png
modelos-off-white,PALL-PAPA-OW_M3-costas-corpo.png,PALL-PAPA-OW_06-modelo-costas-corpo.png
modelos-off-white,PALL-PAPA-OW_M4-frente-corpo.png,PALL-PAPA-OW_07-modelo-frente-corpo.png
mockups-finais,PALL-PARADISE-AZ_01-costas.png,PALL-PARADISE-AZ_01-costas.png
mockups-finais,PALL-PARADISE-AZ_02-frente.png,PALL-PARADISE-AZ_02-frente.png
mockups-finais,PALL-PARADISE-AZ_03-inclinada.png,PALL-PARADISE-AZ_03-close.png
modelos-azul-marinho,PALL-PARADISE-AZ_M1-costas-close.png,PALL-PARADISE-AZ_04-modelo-costas-close.png
modelos-azul-marinho,PALL-PARADISE-AZ_M2-frente-close.png,PALL-PARADISE-AZ_05-modelo-frente-close.png
modelos-azul-marinho,PALL-PARADISE-AZ_M3-costas-corpo.png,PALL-PARADISE-AZ_06-modelo-costas-corpo.png
modelos-azul-marinho,PALL-PARADISE-AZ_M4-frente-corpo.png,PALL-PARADISE-AZ_07-modelo-frente-corpo.png
mockups-finais,PALL-PARADISE-BR_01-costas.png,PALL-PARADISE-BR_01-costas.png
mockups-finais,PALL-PARADISE-BR_02-frente.png,PALL-PARADISE-BR_02-frente.png
mockups-finais,PALL-PARADISE-BR_03-inclinada.png,PALL-PARADISE-BR_03-close.png
modelos-branca,PALL-PARADISE-BR_M1-costas-close.png,PALL-PARADISE-BR_04-modelo-costas-close.png
modelos-branca,PALL-PARADISE-BR_M2-frente-close.png,PALL-PARADISE-BR_05-modelo-frente-close.png
modelos-branca,PALL-PARADISE-BR_M3-costas-corpo.png,PALL-PARADISE-BR_06-modelo-costas-corpo.png
modelos-branca,PALL-PARADISE-BR_M4-frente-corpo.png,PALL-PARADISE-BR_07-modelo-frente-corpo.png
mockups-finais,PALL-PARADISE-OW_01-costas.png,PALL-PARADISE-OW_01-costas.png
mockups-finais,PALL-PARADISE-OW_02-frente.png,PALL-PARADISE-OW_02-frente.png
mockups-finais,PALL-PARADISE-OW_03-inclinada.png,PALL-PARADISE-OW_03-close.png
modelos-off-white,PALL-PARADISE-OW_M1-costas-close.png,PALL-PARADISE-OW_04-modelo-costas-close.png
modelos-off-white,PALL-PARADISE-OW_M2-frente-close.png,PALL-PARADISE-OW_05-modelo-frente-close.png
modelos-off-white,PALL-PARADISE-OW_M3-costas-corpo.png,PALL-PARADISE-OW_06-modelo-costas-corpo.png
modelos-off-white,PALL-PARADISE-OW_M4-frente-corpo.png,PALL-PARADISE-OW_07-modelo-frente-corpo.png
mockups-finais,PALL-PARADISE-PT_01-costas.png,PALL-PARADISE-PT_01-costas.png
mockups-finais,PALL-PARADISE-PT_02-frente.png,PALL-PARADISE-PT_02-frente.png
mockups-finais,PALL-PARADISE-PT_03-inclinada.png,PALL-PARADISE-PT_03-close.png
modelos-preta,PALL-PARADISE-PT_M1-costas-close.png,PALL-PARADISE-PT_04-modelo-costas-close.png
modelos-preta,PALL-PARADISE-PT_M2-frente-close.png,PALL-PARADISE-PT_05-modelo-frente-close.png
modelos-preta,PALL-PARADISE-PT_M3-costas-corpo.png,PALL-PARADISE-PT_06-modelo-costas-corpo.png
modelos-preta,PALL-PARADISE-PT_M4-frente-corpo.png,PALL-PARADISE-PT_07-modelo-frente-corpo.png
mockups-finais,PALL-PARIS-MADAME-AZ_01-costas.png,PALL-PARIS-MADAME-AZ_01-costas.png
mockups-finais,PALL-PARIS-MADAME-AZ_03-inclinada.png,PALL-PARIS-MADAME-AZ_02-close.png
mockups-finais,PALL-PARIS-MADAME-AZ_02-frente.png,PALL-PARIS-MADAME-AZ_03-frente.png
modelos-azul-marinho,PALL-PARIS-MADAME-AZ_M1-costas-close.png,PALL-PARIS-MADAME-AZ_04-modelo-costas-close.png
modelos-azul-marinho,PALL-PARIS-MADAME-AZ_M2-frente-close.png,PALL-PARIS-MADAME-AZ_05-modelo-frente-close.png
modelos-azul-marinho,PALL-PARIS-MADAME-AZ_M3-costas-corpo.png,PALL-PARIS-MADAME-AZ_06-modelo-costas-corpo.png
modelos-azul-marinho,PALL-PARIS-MADAME-AZ_M4-frente-corpo.png,PALL-PARIS-MADAME-AZ_07-modelo-frente-corpo.png
mockups-finais,PALL-PARIS-MADAME-BR_01-costas.png,PALL-PARIS-MADAME-BR_01-costas.png
mockups-finais,PALL-PARIS-MADAME-BR_03-inclinada.png,PALL-PARIS-MADAME-BR_02-close.png
mockups-finais,PALL-PARIS-MADAME-BR_02-frente.png,PALL-PARIS-MADAME-BR_03-frente.png
modelos-branca,PALL-PARIS-MADAME-BR_M1-costas-close.png,PALL-PARIS-MADAME-BR_04-modelo-costas-close.png
modelos-branca,PALL-PARIS-MADAME-BR_M2-frente-close.png,PALL-PARIS-MADAME-BR_05-modelo-frente-close.png
modelos-branca,PALL-PARIS-MADAME-BR_M3-costas-corpo.png,PALL-PARIS-MADAME-BR_06-modelo-costas-corpo.png
modelos-branca,PALL-PARIS-MADAME-BR_M4-frente-corpo.png,PALL-PARIS-MADAME-BR_07-modelo-frente-corpo.png
mockups-finais,PALL-PARIS-MADAME-OW_01-costas.png,PALL-PARIS-MADAME-OW_01-costas.png
mockups-finais,PALL-PARIS-MADAME-OW_03-inclinada.png,PALL-PARIS-MADAME-OW_02-close.png
mockups-finais,PALL-PARIS-MADAME-OW_02-frente.png,PALL-PARIS-MADAME-OW_03-frente.png
modelos-off-white,PALL-PARIS-MADAME-OW_M1-costas-close.png,PALL-PARIS-MADAME-OW_04-modelo-costas-close.png
modelos-off-white,PALL-PARIS-MADAME-OW_M2-frente-close.png,PALL-PARIS-MADAME-OW_05-modelo-frente-close.png
modelos-off-white,PALL-PARIS-MADAME-OW_M3-costas-corpo.png,PALL-PARIS-MADAME-OW_06-modelo-costas-corpo.png
modelos-off-white,PALL-PARIS-MADAME-OW_M4-frente-corpo.png,PALL-PARIS-MADAME-OW_07-modelo-frente-corpo.png
mockups-finais,PALL-PARIS-MADAME-PT_01-costas.png,PALL-PARIS-MADAME-PT_01-costas.png
mockups-finais,PALL-PARIS-MADAME-PT_03-inclinada.png,PALL-PARIS-MADAME-PT_02-close.png
mockups-finais,PALL-PARIS-MADAME-PT_02-frente.png,PALL-PARIS-MADAME-PT_03-frente.png
modelos-preta,PALL-PARIS-MADAME-PT_M1-costas-close.png,PALL-PARIS-MADAME-PT_04-modelo-costas-close.png
modelos-preta,PALL-PARIS-MADAME-PT_M2-frente-close.png,PALL-PARIS-MADAME-PT_05-modelo-frente-close.png
modelos-preta,PALL-PARIS-MADAME-PT_M3-costas-corpo.png,PALL-PARIS-MADAME-PT_06-modelo-costas-corpo.png
modelos-preta,PALL-PARIS-MADAME-PT_M4-frente-corpo.png,PALL-PARIS-MADAME-PT_07-modelo-frente-corpo.png
mockups-finais,PALL-PARTY-OR-ME-AZ_01-costas.png,PALL-PARTY-OR-ME-AZ_01-costas.png
mockups-finais,PALL-PARTY-OR-ME-AZ_03-inclinada.png,PALL-PARTY-OR-ME-AZ_02-close.png
mockups-finais,PALL-PARTY-OR-ME-AZ_02-frente.png,PALL-PARTY-OR-ME-AZ_03-frente.png
modelos-azul-marinho,PALL-PARTY-OR-ME-AZ_M1-costas-close.png,PALL-PARTY-OR-ME-AZ_04-modelo-costas-close.png
modelos-azul-marinho,PALL-PARTY-OR-ME-AZ_M2-frente-close.png,PALL-PARTY-OR-ME-AZ_05-modelo-frente-close.png
modelos-azul-marinho,PALL-PARTY-OR-ME-AZ_M3-costas-corpo.png,PALL-PARTY-OR-ME-AZ_06-modelo-costas-corpo.png
modelos-azul-marinho,PALL-PARTY-OR-ME-AZ_M4-frente-corpo.png,PALL-PARTY-OR-ME-AZ_07-modelo-frente-corpo.png
mockups-finais,PALL-PARTY-OR-ME-BR_01-costas.png,PALL-PARTY-OR-ME-BR_01-costas.png
mockups-finais,PALL-PARTY-OR-ME-BR_03-inclinada.png,PALL-PARTY-OR-ME-BR_02-close.png
mockups-finais,PALL-PARTY-OR-ME-BR_02-frente.png,PALL-PARTY-OR-ME-BR_03-frente.png
modelos-branca,PALL-PARTY-OR-ME-BR_M1-costas-close.png,PALL-PARTY-OR-ME-BR_04-modelo-costas-close.png
modelos-branca,PALL-PARTY-OR-ME-BR_M2-frente-close.png,PALL-PARTY-OR-ME-BR_05-modelo-frente-close.png
modelos-branca,PALL-PARTY-OR-ME-BR_M3-costas-corpo.png,PALL-PARTY-OR-ME-BR_06-modelo-costas-corpo.png
modelos-branca,PALL-PARTY-OR-ME-BR_M4-frente-corpo.png,PALL-PARTY-OR-ME-BR_07-modelo-frente-corpo.png
mockups-finais,PALL-PARTY-OR-ME-OW_01-costas.png,PALL-PARTY-OR-ME-OW_01-costas.png
mockups-finais,PALL-PARTY-OR-ME-OW_03-inclinada.png,PALL-PARTY-OR-ME-OW_02-close.png
mockups-finais,PALL-PARTY-OR-ME-OW_02-frente.png,PALL-PARTY-OR-ME-OW_03-frente.png
modelos-off-white,PALL-PARTY-OR-ME-OW_M1-costas-close.png,PALL-PARTY-OR-ME-OW_04-modelo-costas-close.png
modelos-off-white,PALL-PARTY-OR-ME-OW_M2-frente-close.png,PALL-PARTY-OR-ME-OW_05-modelo-frente-close.png
modelos-off-white,PALL-PARTY-OR-ME-OW_M3-costas-corpo.png,PALL-PARTY-OR-ME-OW_06-modelo-costas-corpo.png
modelos-off-white,PALL-PARTY-OR-ME-OW_M4-frente-corpo.png,PALL-PARTY-OR-ME-OW_07-modelo-frente-corpo.png
mockups-finais,PALL-PARTY-OR-ME-PT_01-costas.png,PALL-PARTY-OR-ME-PT_01-costas.png
mockups-finais,PALL-PARTY-OR-ME-PT_03-inclinada.png,PALL-PARTY-OR-ME-PT_02-close.png
mockups-finais,PALL-PARTY-OR-ME-PT_02-frente.png,PALL-PARTY-OR-ME-PT_03-frente.png
modelos-preta,PALL-PARTY-OR-ME-PT_M1-costas-close.png,PALL-PARTY-OR-ME-PT_04-modelo-costas-close.png
modelos-preta,PALL-PARTY-OR-ME-PT_M2-frente-close.png,PALL-PARTY-OR-ME-PT_05-modelo-frente-close.png
modelos-preta,PALL-PARTY-OR-ME-PT_M3-costas-corpo.png,PALL-PARTY-OR-ME-PT_06-modelo-costas-corpo.png
modelos-preta,PALL-PARTY-OR-ME-PT_M4-frente-corpo.png,PALL-PARTY-OR-ME-PT_07-modelo-frente-corpo.png
mockups-finais,PALL-PASTASEXWINE-AZ_01-costas.png,PALL-PASTASEXWINE-AZ_01-costas.png
mockups-finais,PALL-PASTASEXWINE-AZ_03-inclinada.png,PALL-PASTASEXWINE-AZ_02-close.png
mockups-finais,PALL-PASTASEXWINE-AZ_02-frente.png,PALL-PASTASEXWINE-AZ_03-frente.png
modelos-azul-marinho,PALL-PASTASEXWINE-AZ_M1-costas-close.png,PALL-PASTASEXWINE-AZ_04-modelo-costas-close.png
modelos-azul-marinho,PALL-PASTASEXWINE-AZ_M2-frente-close.png,PALL-PASTASEXWINE-AZ_05-modelo-frente-close.png
modelos-azul-marinho,PALL-PASTASEXWINE-AZ_M3-costas-corpo.png,PALL-PASTASEXWINE-AZ_06-modelo-costas-corpo.png
modelos-azul-marinho,PALL-PASTASEXWINE-AZ_M4-frente-corpo.png,PALL-PASTASEXWINE-AZ_07-modelo-frente-corpo.png
mockups-finais,PALL-PASTASEXWINE-BR_01-costas.png,PALL-PASTASEXWINE-BR_01-costas.png
mockups-finais,PALL-PASTASEXWINE-BR_03-inclinada.png,PALL-PASTASEXWINE-BR_02-close.png
mockups-finais,PALL-PASTASEXWINE-BR_02-frente.png,PALL-PASTASEXWINE-BR_03-frente.png
modelos-branca,PALL-PASTASEXWINE-BR_M1-costas-close.png,PALL-PASTASEXWINE-BR_04-modelo-costas-close.png
modelos-branca,PALL-PASTASEXWINE-BR_M2-frente-close.png,PALL-PASTASEXWINE-BR_05-modelo-frente-close.png
modelos-branca,PALL-PASTASEXWINE-BR_M3-costas-corpo.png,PALL-PASTASEXWINE-BR_06-modelo-costas-corpo.png
modelos-branca,PALL-PASTASEXWINE-BR_M4-frente-corpo.png,PALL-PASTASEXWINE-BR_07-modelo-frente-corpo.png
mockups-finais,PALL-PASTASEXWINE-OW_01-costas.png,PALL-PASTASEXWINE-OW_01-costas.png
mockups-finais,PALL-PASTASEXWINE-OW_03-inclinada.png,PALL-PASTASEXWINE-OW_02-close.png
mockups-finais,PALL-PASTASEXWINE-OW_02-frente.png,PALL-PASTASEXWINE-OW_03-frente.png
modelos-off-white,PALL-PASTASEXWINE-OW_M1-costas-close.png,PALL-PASTASEXWINE-OW_04-modelo-costas-close.png
modelos-off-white,PALL-PASTASEXWINE-OW_M2-frente-close.png,PALL-PASTASEXWINE-OW_05-modelo-frente-close.png
modelos-off-white,PALL-PASTASEXWINE-OW_M3-costas-corpo.png,PALL-PASTASEXWINE-OW_06-modelo-costas-corpo.png
modelos-off-white,PALL-PASTASEXWINE-OW_M4-frente-corpo.png,PALL-PASTASEXWINE-OW_07-modelo-frente-corpo.png
mockups-finais,PALL-PASTASEXWINE-PT_01-costas.png,PALL-PASTASEXWINE-PT_01-costas.png
mockups-finais,PALL-PASTASEXWINE-PT_03-inclinada.png,PALL-PASTASEXWINE-PT_02-close.png
mockups-finais,PALL-PASTASEXWINE-PT_02-frente.png,PALL-PASTASEXWINE-PT_03-frente.png
modelos-preta,PALL-PASTASEXWINE-PT_M1-costas-close.png,PALL-PASTASEXWINE-PT_04-modelo-costas-close.png
modelos-preta,PALL-PASTASEXWINE-PT_M2-frente-close.png,PALL-PASTASEXWINE-PT_05-modelo-frente-close.png
modelos-preta,PALL-PASTASEXWINE-PT_M3-costas-corpo.png,PALL-PASTASEXWINE-PT_06-modelo-costas-corpo.png
modelos-preta,PALL-PASTASEXWINE-PT_M4-frente-corpo.png,PALL-PASTASEXWINE-PT_07-modelo-frente-corpo.png
mockups-finais,PALL-PERIGNON-DOURADA-BR_01-costas.png,PALL-PERIGNON-DOURADA-BR_01-costas.png
mockups-finais,PALL-PERIGNON-DOURADA-BR_02-frente.png,PALL-PERIGNON-DOURADA-BR_02-frente.png
mockups-finais,PALL-PERIGNON-DOURADA-BR_03-inclinada.png,PALL-PERIGNON-DOURADA-BR_03-close.png
modelos-branca,PALL-PERIGNON-DOURADA-BR_M1-costas-close.png,PALL-PERIGNON-DOURADA-BR_04-modelo-costas-close.png
modelos-branca,PALL-PERIGNON-DOURADA-BR_M2-frente-close.png,PALL-PERIGNON-DOURADA-BR_05-modelo-frente-close.png
modelos-branca,PALL-PERIGNON-DOURADA-BR_M3-costas-corpo.png,PALL-PERIGNON-DOURADA-BR_06-modelo-costas-corpo.png
modelos-branca,PALL-PERIGNON-DOURADA-BR_M4-frente-corpo.png,PALL-PERIGNON-DOURADA-BR_07-modelo-frente-corpo.png
mockups-finais,PALL-PERIGNON-DOURADA-OW_01-costas.png,PALL-PERIGNON-DOURADA-OW_01-costas.png
mockups-finais,PALL-PERIGNON-DOURADA-OW_02-frente.png,PALL-PERIGNON-DOURADA-OW_02-frente.png
mockups-finais,PALL-PERIGNON-DOURADA-OW_03-inclinada.png,PALL-PERIGNON-DOURADA-OW_03-close.png
modelos-off-white,PALL-PERIGNON-DOURADA-OW_M1-costas-close.png,PALL-PERIGNON-DOURADA-OW_04-modelo-costas-close.png
modelos-off-white,PALL-PERIGNON-DOURADA-OW_M2-frente-close.png,PALL-PERIGNON-DOURADA-OW_05-modelo-frente-close.png
modelos-off-white,PALL-PERIGNON-DOURADA-OW_M3-costas-corpo.png,PALL-PERIGNON-DOURADA-OW_06-modelo-costas-corpo.png
modelos-off-white,PALL-PERIGNON-DOURADA-OW_M4-frente-corpo.png,PALL-PERIGNON-DOURADA-OW_07-modelo-frente-corpo.png
mockups-finais,PALL-PERIGNON-DOURADA-PT_01-costas.png,PALL-PERIGNON-DOURADA-PT_01-costas.png
mockups-finais,PALL-PERIGNON-DOURADA-PT_02-frente.png,PALL-PERIGNON-DOURADA-PT_02-frente.png
mockups-finais,PALL-PERIGNON-DOURADA-PT_03-inclinada.png,PALL-PERIGNON-DOURADA-PT_03-close.png
modelos-preta,PALL-PERIGNON-DOURADA-PT_M1-costas-close.png,PALL-PERIGNON-DOURADA-PT_04-modelo-costas-close.png
modelos-preta,PALL-PERIGNON-DOURADA-PT_M2-frente-close.png,PALL-PERIGNON-DOURADA-PT_05-modelo-frente-close.png
modelos-preta,PALL-PERIGNON-DOURADA-PT_M3-costas-corpo.png,PALL-PERIGNON-DOURADA-PT_06-modelo-costas-corpo.png
modelos-preta,PALL-PERIGNON-DOURADA-PT_M4-frente-corpo.png,PALL-PERIGNON-DOURADA-PT_07-modelo-frente-corpo.png
mockups-finais,PALL-PERIGNON-ROXA-BR_01-costas.png,PALL-PERIGNON-ROXA-BR_01-costas.png
mockups-finais,PALL-PERIGNON-ROXA-BR_02-frente.png,PALL-PERIGNON-ROXA-BR_02-frente.png
mockups-finais,PALL-PERIGNON-ROXA-BR_03-inclinada.png,PALL-PERIGNON-ROXA-BR_03-close.png
modelos-branca,PALL-PERIGNON-ROXA-BR_M1-costas-close.png,PALL-PERIGNON-ROXA-BR_04-modelo-costas-close.png
modelos-branca,PALL-PERIGNON-ROXA-BR_M2-frente-close.png,PALL-PERIGNON-ROXA-BR_05-modelo-frente-close.png
modelos-branca,PALL-PERIGNON-ROXA-BR_M3-costas-corpo.png,PALL-PERIGNON-ROXA-BR_06-modelo-costas-corpo.png
modelos-branca,PALL-PERIGNON-ROXA-BR_M4-frente-corpo.png,PALL-PERIGNON-ROXA-BR_07-modelo-frente-corpo.png
mockups-finais,PALL-PERIGNON-ROXA-OW_01-costas.png,PALL-PERIGNON-ROXA-OW_01-costas.png
mockups-finais,PALL-PERIGNON-ROXA-OW_02-frente.png,PALL-PERIGNON-ROXA-OW_02-frente.png
mockups-finais,PALL-PERIGNON-ROXA-OW_03-inclinada.png,PALL-PERIGNON-ROXA-OW_03-close.png
modelos-off-white,PALL-PERIGNON-ROXA-OW_M1-costas-close.png,PALL-PERIGNON-ROXA-OW_04-modelo-costas-close.png
modelos-off-white,PALL-PERIGNON-ROXA-OW_M2-frente-close.png,PALL-PERIGNON-ROXA-OW_05-modelo-frente-close.png
modelos-off-white,PALL-PERIGNON-ROXA-OW_M3-costas-corpo.png,PALL-PERIGNON-ROXA-OW_06-modelo-costas-corpo.png
modelos-off-white,PALL-PERIGNON-ROXA-OW_M4-frente-corpo.png,PALL-PERIGNON-ROXA-OW_07-modelo-frente-corpo.png
mockups-finais,PALL-PERIGNON-ROXA-PT_01-costas.png,PALL-PERIGNON-ROXA-PT_01-costas.png
mockups-finais,PALL-PERIGNON-ROXA-PT_02-frente.png,PALL-PERIGNON-ROXA-PT_02-frente.png
mockups-finais,PALL-PERIGNON-ROXA-PT_03-inclinada.png,PALL-PERIGNON-ROXA-PT_03-close.png
modelos-preta,PALL-PERIGNON-ROXA-PT_M1-costas-close.png,PALL-PERIGNON-ROXA-PT_04-modelo-costas-close.png
modelos-preta,PALL-PERIGNON-ROXA-PT_M2-frente-close.png,PALL-PERIGNON-ROXA-PT_05-modelo-frente-close.png
modelos-preta,PALL-PERIGNON-ROXA-PT_M3-costas-corpo.png,PALL-PERIGNON-ROXA-PT_06-modelo-costas-corpo.png
modelos-preta,PALL-PERIGNON-ROXA-PT_M4-frente-corpo.png,PALL-PERIGNON-ROXA-PT_07-modelo-frente-corpo.png
mockups-finais,PALL-PERIGNON-VERDE-BR_01-costas.png,PALL-PERIGNON-VERDE-BR_01-costas.png
mockups-finais,PALL-PERIGNON-VERDE-BR_02-frente.png,PALL-PERIGNON-VERDE-BR_02-frente.png
mockups-finais,PALL-PERIGNON-VERDE-BR_03-inclinada.png,PALL-PERIGNON-VERDE-BR_03-close.png
modelos-branca,PALL-PERIGNON-VERDE-BR_M1-costas-close.png,PALL-PERIGNON-VERDE-BR_04-modelo-costas-close.png
modelos-branca,PALL-PERIGNON-VERDE-BR_M2-frente-close.png,PALL-PERIGNON-VERDE-BR_05-modelo-frente-close.png
modelos-branca,PALL-PERIGNON-VERDE-BR_M3-costas-corpo.png,PALL-PERIGNON-VERDE-BR_06-modelo-costas-corpo.png
modelos-branca,PALL-PERIGNON-VERDE-BR_M4-frente-corpo.png,PALL-PERIGNON-VERDE-BR_07-modelo-frente-corpo.png
mockups-finais,PALL-PERIGNON-VERDE-OW_01-costas.png,PALL-PERIGNON-VERDE-OW_01-costas.png
mockups-finais,PALL-PERIGNON-VERDE-OW_02-frente.png,PALL-PERIGNON-VERDE-OW_02-frente.png
mockups-finais,PALL-PERIGNON-VERDE-OW_03-inclinada.png,PALL-PERIGNON-VERDE-OW_03-close.png
modelos-off-white,PALL-PERIGNON-VERDE-OW_M1-costas-close.png,PALL-PERIGNON-VERDE-OW_04-modelo-costas-close.png
modelos-off-white,PALL-PERIGNON-VERDE-OW_M2-frente-close.png,PALL-PERIGNON-VERDE-OW_05-modelo-frente-close.png
modelos-off-white,PALL-PERIGNON-VERDE-OW_M3-costas-corpo.png,PALL-PERIGNON-VERDE-OW_06-modelo-costas-corpo.png
modelos-off-white,PALL-PERIGNON-VERDE-OW_M4-frente-corpo.png,PALL-PERIGNON-VERDE-OW_07-modelo-frente-corpo.png
mockups-finais,PALL-PERIGNON-VERDE-PT_01-costas.png,PALL-PERIGNON-VERDE-PT_01-costas.png
mockups-finais,PALL-PERIGNON-VERDE-PT_02-frente.png,PALL-PERIGNON-VERDE-PT_02-frente.png
mockups-finais,PALL-PERIGNON-VERDE-PT_03-inclinada.png,PALL-PERIGNON-VERDE-PT_03-close.png
modelos-preta,PALL-PERIGNON-VERDE-PT_M1-costas-close.png,PALL-PERIGNON-VERDE-PT_04-modelo-costas-close.png
modelos-preta,PALL-PERIGNON-VERDE-PT_M2-frente-close.png,PALL-PERIGNON-VERDE-PT_05-modelo-frente-close.png
modelos-preta,PALL-PERIGNON-VERDE-PT_M3-costas-corpo.png,PALL-PERIGNON-VERDE-PT_06-modelo-costas-corpo.png
modelos-preta,PALL-PERIGNON-VERDE-PT_M4-frente-corpo.png,PALL-PERIGNON-VERDE-PT_07-modelo-frente-corpo.png
mockups-finais,PALL-PLAYING-BR_01-costas.png,PALL-PLAYING-BR_01-costas.png
mockups-finais,PALL-PLAYING-BR_03-inclinada.png,PALL-PLAYING-BR_02-close.png
mockups-finais,PALL-PLAYING-BR_02-frente.png,PALL-PLAYING-BR_03-frente.png
modelos-branca,PALL-PLAYING-BR_M1-costas-close.png,PALL-PLAYING-BR_04-modelo-costas-close.png
modelos-branca,PALL-PLAYING-BR_M2-frente-close.png,PALL-PLAYING-BR_05-modelo-frente-close.png
modelos-branca,PALL-PLAYING-BR_M3-costas-corpo.png,PALL-PLAYING-BR_06-modelo-costas-corpo.png
modelos-branca,PALL-PLAYING-BR_M4-frente-corpo.png,PALL-PLAYING-BR_07-modelo-frente-corpo.png
mockups-finais,PALL-PLAYING-OW_01-costas.png,PALL-PLAYING-OW_01-costas.png
mockups-finais,PALL-PLAYING-OW_03-inclinada.png,PALL-PLAYING-OW_02-close.png
mockups-finais,PALL-PLAYING-OW_02-frente.png,PALL-PLAYING-OW_03-frente.png
modelos-off-white,PALL-PLAYING-OW_M1-costas-close.png,PALL-PLAYING-OW_04-modelo-costas-close.png
modelos-off-white,PALL-PLAYING-OW_M2-frente-close.png,PALL-PLAYING-OW_05-modelo-frente-close.png
modelos-off-white,PALL-PLAYING-OW_M3-costas-corpo.png,PALL-PLAYING-OW_06-modelo-costas-corpo.png
modelos-off-white,PALL-PLAYING-OW_M4-frente-corpo.png,PALL-PLAYING-OW_07-modelo-frente-corpo.png
mockups-finais,PALL-PLAYING-PT_01-costas.png,PALL-PLAYING-PT_01-costas.png
mockups-finais,PALL-PLAYING-PT_03-inclinada.png,PALL-PLAYING-PT_02-close.png
mockups-finais,PALL-PLAYING-PT_02-frente.png,PALL-PLAYING-PT_03-frente.png
modelos-preta,PALL-PLAYING-PT_M1-costas-close.png,PALL-PLAYING-PT_04-modelo-costas-close.png
modelos-preta,PALL-PLAYING-PT_M2-frente-close.png,PALL-PLAYING-PT_05-modelo-frente-close.png
modelos-preta,PALL-PLAYING-PT_M3-costas-corpo.png,PALL-PLAYING-PT_06-modelo-costas-corpo.png
modelos-preta,PALL-PLAYING-PT_M4-frente-corpo.png,PALL-PLAYING-PT_07-modelo-frente-corpo.png
mockups-finais,PALL-PLAYLIST-AZ_01-costas.png,PALL-PLAYLIST-AZ_01-costas.png
mockups-finais,PALL-PLAYLIST-AZ_03-inclinada.png,PALL-PLAYLIST-AZ_02-close.png
mockups-finais,PALL-PLAYLIST-AZ_02-frente.png,PALL-PLAYLIST-AZ_03-frente.png
modelos-azul-marinho,PALL-PLAYLIST-AZ_M1-costas-close.png,PALL-PLAYLIST-AZ_04-modelo-costas-close.png
modelos-azul-marinho,PALL-PLAYLIST-AZ_M2-frente-close.png,PALL-PLAYLIST-AZ_05-modelo-frente-close.png
modelos-azul-marinho,PALL-PLAYLIST-AZ_M3-costas-corpo.png,PALL-PLAYLIST-AZ_06-modelo-costas-corpo.png
modelos-azul-marinho,PALL-PLAYLIST-AZ_M4-frente-corpo.png,PALL-PLAYLIST-AZ_07-modelo-frente-corpo.png
mockups-finais,PALL-PLAYLIST-BR_01-costas.png,PALL-PLAYLIST-BR_01-costas.png
mockups-finais,PALL-PLAYLIST-BR_03-inclinada.png,PALL-PLAYLIST-BR_02-close.png
mockups-finais,PALL-PLAYLIST-BR_02-frente.png,PALL-PLAYLIST-BR_03-frente.png
modelos-branca,PALL-PLAYLIST-BR_M1-costas-close.png,PALL-PLAYLIST-BR_04-modelo-costas-close.png
modelos-branca,PALL-PLAYLIST-BR_M2-frente-close.png,PALL-PLAYLIST-BR_05-modelo-frente-close.png
modelos-branca,PALL-PLAYLIST-BR_M3-costas-corpo.png,PALL-PLAYLIST-BR_06-modelo-costas-corpo.png
modelos-branca,PALL-PLAYLIST-BR_M4-frente-corpo.png,PALL-PLAYLIST-BR_07-modelo-frente-corpo.png
mockups-finais,PALL-PLAYLIST-OW_01-costas.png,PALL-PLAYLIST-OW_01-costas.png
mockups-finais,PALL-PLAYLIST-OW_03-inclinada.png,PALL-PLAYLIST-OW_02-close.png
mockups-finais,PALL-PLAYLIST-OW_02-frente.png,PALL-PLAYLIST-OW_03-frente.png
modelos-off-white,PALL-PLAYLIST-OW_M1-costas-close.png,PALL-PLAYLIST-OW_04-modelo-costas-close.png
modelos-off-white,PALL-PLAYLIST-OW_M2-frente-close.png,PALL-PLAYLIST-OW_05-modelo-frente-close.png
modelos-off-white,PALL-PLAYLIST-OW_M3-costas-corpo.png,PALL-PLAYLIST-OW_06-modelo-costas-corpo.png
modelos-off-white,PALL-PLAYLIST-OW_M4-frente-corpo.png,PALL-PLAYLIST-OW_07-modelo-frente-corpo.png
mockups-finais,PALL-PLAYLIST-PT_01-costas.png,PALL-PLAYLIST-PT_01-costas.png
mockups-finais,PALL-PLAYLIST-PT_03-inclinada.png,PALL-PLAYLIST-PT_02-close.png
mockups-finais,PALL-PLAYLIST-PT_02-frente.png,PALL-PLAYLIST-PT_03-frente.png
modelos-preta,PALL-PLAYLIST-PT_M1-costas-close.png,PALL-PLAYLIST-PT_04-modelo-costas-close.png
modelos-preta,PALL-PLAYLIST-PT_M2-frente-close.png,PALL-PLAYLIST-PT_05-modelo-frente-close.png
modelos-preta,PALL-PLAYLIST-PT_M3-costas-corpo.png,PALL-PLAYLIST-PT_06-modelo-costas-corpo.png
modelos-preta,PALL-PLAYLIST-PT_M4-frente-corpo.png,PALL-PLAYLIST-PT_07-modelo-frente-corpo.png
mockups-finais,PALL-PORTOFINO-AZ_01-costas.png,PALL-PORTOFINO-AZ_01-costas.png
mockups-finais,PALL-PORTOFINO-AZ_02-frente.png,PALL-PORTOFINO-AZ_02-frente.png
mockups-finais,PALL-PORTOFINO-AZ_03-inclinada.png,PALL-PORTOFINO-AZ_03-close.png
modelos-azul-marinho,PALL-PORTOFINO-AZ_M1-costas-close.png,PALL-PORTOFINO-AZ_04-modelo-costas-close.png
modelos-azul-marinho,PALL-PORTOFINO-AZ_M2-frente-close.png,PALL-PORTOFINO-AZ_05-modelo-frente-close.png
modelos-azul-marinho,PALL-PORTOFINO-AZ_M3-costas-corpo.png,PALL-PORTOFINO-AZ_06-modelo-costas-corpo.png
modelos-azul-marinho,PALL-PORTOFINO-AZ_M4-frente-corpo.png,PALL-PORTOFINO-AZ_07-modelo-frente-corpo.png
mockups-finais,PALL-PORTOFINO-BR_01-costas.png,PALL-PORTOFINO-BR_01-costas.png
mockups-finais,PALL-PORTOFINO-BR_02-frente.png,PALL-PORTOFINO-BR_02-frente.png
mockups-finais,PALL-PORTOFINO-BR_03-inclinada.png,PALL-PORTOFINO-BR_03-close.png
modelos-branca,PALL-PORTOFINO-BR_M1-costas-close.png,PALL-PORTOFINO-BR_04-modelo-costas-close.png
modelos-branca,PALL-PORTOFINO-BR_M2-frente-close.png,PALL-PORTOFINO-BR_05-modelo-frente-close.png
modelos-branca,PALL-PORTOFINO-BR_M3-costas-corpo.png,PALL-PORTOFINO-BR_06-modelo-costas-corpo.png
modelos-branca,PALL-PORTOFINO-BR_M4-frente-corpo.png,PALL-PORTOFINO-BR_07-modelo-frente-corpo.png
mockups-finais,PALL-PORTOFINO-OW_01-costas.png,PALL-PORTOFINO-OW_01-costas.png
mockups-finais,PALL-PORTOFINO-OW_02-frente.png,PALL-PORTOFINO-OW_02-frente.png
mockups-finais,PALL-PORTOFINO-OW_03-inclinada.png,PALL-PORTOFINO-OW_03-close.png
modelos-off-white,PALL-PORTOFINO-OW_M1-costas-close.png,PALL-PORTOFINO-OW_04-modelo-costas-close.png
modelos-off-white,PALL-PORTOFINO-OW_M2-frente-close.png,PALL-PORTOFINO-OW_05-modelo-frente-close.png
modelos-off-white,PALL-PORTOFINO-OW_M3-costas-corpo.png,PALL-PORTOFINO-OW_06-modelo-costas-corpo.png
modelos-off-white,PALL-PORTOFINO-OW_M4-frente-corpo.png,PALL-PORTOFINO-OW_07-modelo-frente-corpo.png
mockups-finais,PALL-PORTOFINO-PT_01-costas.png,PALL-PORTOFINO-PT_01-costas.png
mockups-finais,PALL-PORTOFINO-PT_02-frente.png,PALL-PORTOFINO-PT_02-frente.png
mockups-finais,PALL-PORTOFINO-PT_03-inclinada.png,PALL-PORTOFINO-PT_03-close.png
modelos-preta,PALL-PORTOFINO-PT_M1-costas-close.png,PALL-PORTOFINO-PT_04-modelo-costas-close.png
modelos-preta,PALL-PORTOFINO-PT_M2-frente-close.png,PALL-PORTOFINO-PT_05-modelo-frente-close.png
modelos-preta,PALL-PORTOFINO-PT_M3-costas-corpo.png,PALL-PORTOFINO-PT_06-modelo-costas-corpo.png
modelos-preta,PALL-PORTOFINO-PT_M4-frente-corpo.png,PALL-PORTOFINO-PT_07-modelo-frente-corpo.png
mockups-finais,PALL-PRE-RICH-AZ_01-costas.png,PALL-PRE-RICH-AZ_01-costas.png
mockups-finais,PALL-PRE-RICH-AZ_03-inclinada.png,PALL-PRE-RICH-AZ_02-close.png
mockups-finais,PALL-PRE-RICH-AZ_02-frente.png,PALL-PRE-RICH-AZ_03-frente.png
modelos-azul-marinho,PALL-PRE-RICH-AZ_M1-costas-close.png,PALL-PRE-RICH-AZ_04-modelo-costas-close.png
modelos-azul-marinho,PALL-PRE-RICH-AZ_M2-frente-close.png,PALL-PRE-RICH-AZ_05-modelo-frente-close.png
modelos-azul-marinho,PALL-PRE-RICH-AZ_M3-costas-corpo.png,PALL-PRE-RICH-AZ_06-modelo-costas-corpo.png
modelos-azul-marinho,PALL-PRE-RICH-AZ_M4-frente-corpo.png,PALL-PRE-RICH-AZ_07-modelo-frente-corpo.png
mockups-finais,PALL-PRE-RICH-BR_01-costas.png,PALL-PRE-RICH-BR_01-costas.png
mockups-finais,PALL-PRE-RICH-BR_03-inclinada.png,PALL-PRE-RICH-BR_02-close.png
mockups-finais,PALL-PRE-RICH-BR_02-frente.png,PALL-PRE-RICH-BR_03-frente.png
modelos-branca,PALL-PRE-RICH-BR_M1-costas-close.png,PALL-PRE-RICH-BR_04-modelo-costas-close.png
modelos-branca,PALL-PRE-RICH-BR_M2-frente-close.png,PALL-PRE-RICH-BR_05-modelo-frente-close.png
modelos-branca,PALL-PRE-RICH-BR_M3-costas-corpo.png,PALL-PRE-RICH-BR_06-modelo-costas-corpo.png
modelos-branca,PALL-PRE-RICH-BR_M4-frente-corpo.png,PALL-PRE-RICH-BR_07-modelo-frente-corpo.png
mockups-finais,PALL-PRE-RICH-OW_01-costas.png,PALL-PRE-RICH-OW_01-costas.png
mockups-finais,PALL-PRE-RICH-OW_03-inclinada.png,PALL-PRE-RICH-OW_02-close.png
mockups-finais,PALL-PRE-RICH-OW_02-frente.png,PALL-PRE-RICH-OW_03-frente.png
modelos-off-white,PALL-PRE-RICH-OW_M1-costas-close.png,PALL-PRE-RICH-OW_04-modelo-costas-close.png
modelos-off-white,PALL-PRE-RICH-OW_M2-frente-close.png,PALL-PRE-RICH-OW_05-modelo-frente-close.png
modelos-off-white,PALL-PRE-RICH-OW_M3-costas-corpo.png,PALL-PRE-RICH-OW_06-modelo-costas-corpo.png
modelos-off-white,PALL-PRE-RICH-OW_M4-frente-corpo.png,PALL-PRE-RICH-OW_07-modelo-frente-corpo.png
mockups-finais,PALL-PRE-RICH-PT_01-costas.png,PALL-PRE-RICH-PT_01-costas.png
mockups-finais,PALL-PRE-RICH-PT_03-inclinada.png,PALL-PRE-RICH-PT_02-close.png
mockups-finais,PALL-PRE-RICH-PT_02-frente.png,PALL-PRE-RICH-PT_03-frente.png
modelos-preta,PALL-PRE-RICH-PT_M1-costas-close.png,PALL-PRE-RICH-PT_04-modelo-costas-close.png
modelos-preta,PALL-PRE-RICH-PT_M2-frente-close.png,PALL-PRE-RICH-PT_05-modelo-frente-close.png
modelos-preta,PALL-PRE-RICH-PT_M3-costas-corpo.png,PALL-PRE-RICH-PT_06-modelo-costas-corpo.png
modelos-preta,PALL-PRE-RICH-PT_M4-frente-corpo.png,PALL-PRE-RICH-PT_07-modelo-frente-corpo.png
mockups-finais,PALL-PRETTY-AZ_01-costas.png,PALL-PRETTY-AZ_01-costas.png
mockups-finais,PALL-PRETTY-AZ_03-inclinada.png,PALL-PRETTY-AZ_02-close.png
mockups-finais,PALL-PRETTY-AZ_02-frente.png,PALL-PRETTY-AZ_03-frente.png
modelos-azul-marinho,PALL-PRETTY-AZ_M1-costas-close.png,PALL-PRETTY-AZ_04-modelo-costas-close.png
modelos-azul-marinho,PALL-PRETTY-AZ_M2-frente-close.png,PALL-PRETTY-AZ_05-modelo-frente-close.png
modelos-azul-marinho,PALL-PRETTY-AZ_M3-costas-corpo.png,PALL-PRETTY-AZ_06-modelo-costas-corpo.png
modelos-azul-marinho,PALL-PRETTY-AZ_M4-frente-corpo.png,PALL-PRETTY-AZ_07-modelo-frente-corpo.png
mockups-finais,PALL-PRETTY-BR_01-costas.png,PALL-PRETTY-BR_01-costas.png
mockups-finais,PALL-PRETTY-BR_03-inclinada.png,PALL-PRETTY-BR_02-close.png
mockups-finais,PALL-PRETTY-BR_02-frente.png,PALL-PRETTY-BR_03-frente.png
modelos-branca,PALL-PRETTY-BR_M1-costas-close.png,PALL-PRETTY-BR_04-modelo-costas-close.png
modelos-branca,PALL-PRETTY-BR_M2-frente-close.png,PALL-PRETTY-BR_05-modelo-frente-close.png
modelos-branca,PALL-PRETTY-BR_M3-costas-corpo.png,PALL-PRETTY-BR_06-modelo-costas-corpo.png
modelos-branca,PALL-PRETTY-BR_M4-frente-corpo.png,PALL-PRETTY-BR_07-modelo-frente-corpo.png
mockups-finais,PALL-PRETTY-OW_01-costas.png,PALL-PRETTY-OW_01-costas.png
mockups-finais,PALL-PRETTY-OW_03-inclinada.png,PALL-PRETTY-OW_02-close.png
mockups-finais,PALL-PRETTY-OW_02-frente.png,PALL-PRETTY-OW_03-frente.png
modelos-off-white,PALL-PRETTY-OW_M1-costas-close.png,PALL-PRETTY-OW_04-modelo-costas-close.png
modelos-off-white,PALL-PRETTY-OW_M2-frente-close.png,PALL-PRETTY-OW_05-modelo-frente-close.png
modelos-off-white,PALL-PRETTY-OW_M3-costas-corpo.png,PALL-PRETTY-OW_06-modelo-costas-corpo.png
modelos-off-white,PALL-PRETTY-OW_M4-frente-corpo.png,PALL-PRETTY-OW_07-modelo-frente-corpo.png
mockups-finais,PALL-PRETTY-PT_01-costas.png,PALL-PRETTY-PT_01-costas.png
mockups-finais,PALL-PRETTY-PT_03-inclinada.png,PALL-PRETTY-PT_02-close.png
mockups-finais,PALL-PRETTY-PT_02-frente.png,PALL-PRETTY-PT_03-frente.png
modelos-preta,PALL-PRETTY-PT_M1-costas-close.png,PALL-PRETTY-PT_04-modelo-costas-close.png
modelos-preta,PALL-PRETTY-PT_M2-frente-close.png,PALL-PRETTY-PT_05-modelo-frente-close.png
modelos-preta,PALL-PRETTY-PT_M3-costas-corpo.png,PALL-PRETTY-PT_06-modelo-costas-corpo.png
modelos-preta,PALL-PRETTY-PT_M4-frente-corpo.png,PALL-PRETTY-PT_07-modelo-frente-corpo.png
mockups-finais,PALL-PRIVATE-BR_01-costas.png,PALL-PRIVATE-BR_01-costas.png
mockups-finais,PALL-PRIVATE-BR_03-inclinada.png,PALL-PRIVATE-BR_02-close.png
mockups-finais,PALL-PRIVATE-BR_02-frente.png,PALL-PRIVATE-BR_03-frente.png
modelos-branca,PALL-PRIVATE-BR_M1-costas-close.png,PALL-PRIVATE-BR_04-modelo-costas-close.png
modelos-branca,PALL-PRIVATE-BR_M2-frente-close.png,PALL-PRIVATE-BR_05-modelo-frente-close.png
modelos-branca,PALL-PRIVATE-BR_M3-costas-corpo.png,PALL-PRIVATE-BR_06-modelo-costas-corpo.png
modelos-branca,PALL-PRIVATE-BR_M4-frente-corpo.png,PALL-PRIVATE-BR_07-modelo-frente-corpo.png
mockups-finais,PALL-PRIVATE-OW_01-costas.png,PALL-PRIVATE-OW_01-costas.png
mockups-finais,PALL-PRIVATE-OW_03-inclinada.png,PALL-PRIVATE-OW_02-close.png
mockups-finais,PALL-PRIVATE-OW_02-frente.png,PALL-PRIVATE-OW_03-frente.png
modelos-off-white,PALL-PRIVATE-OW_M1-costas-close.png,PALL-PRIVATE-OW_04-modelo-costas-close.png
modelos-off-white,PALL-PRIVATE-OW_M2-frente-close.png,PALL-PRIVATE-OW_05-modelo-frente-close.png
modelos-off-white,PALL-PRIVATE-OW_M3-costas-corpo.png,PALL-PRIVATE-OW_06-modelo-costas-corpo.png
modelos-off-white,PALL-PRIVATE-OW_M4-frente-corpo.png,PALL-PRIVATE-OW_07-modelo-frente-corpo.png
mockups-finais,PALL-PRIVATE-PT_01-costas.png,PALL-PRIVATE-PT_01-costas.png
mockups-finais,PALL-PRIVATE-PT_03-inclinada.png,PALL-PRIVATE-PT_02-close.png
mockups-finais,PALL-PRIVATE-PT_02-frente.png,PALL-PRIVATE-PT_03-frente.png
modelos-preta,PALL-PRIVATE-PT_M1-costas-close.png,PALL-PRIVATE-PT_04-modelo-costas-close.png
modelos-preta,PALL-PRIVATE-PT_M2-frente-close.png,PALL-PRIVATE-PT_05-modelo-frente-close.png
modelos-preta,PALL-PRIVATE-PT_M3-costas-corpo.png,PALL-PRIVATE-PT_06-modelo-costas-corpo.png
modelos-preta,PALL-PRIVATE-PT_M4-frente-corpo.png,PALL-PRIVATE-PT_07-modelo-frente-corpo.png
mockups-finais,PALL-PSYCHOTIC-BR_01-costas.png,PALL-PSYCHOTIC-BR_01-costas.png
mockups-finais,PALL-PSYCHOTIC-BR_03-inclinada.png,PALL-PSYCHOTIC-BR_02-close.png
mockups-finais,PALL-PSYCHOTIC-BR_02-frente.png,PALL-PSYCHOTIC-BR_03-frente.png
modelos-branca,PALL-PSYCHOTIC-BR_M1-costas-close.png,PALL-PSYCHOTIC-BR_04-modelo-costas-close.png
modelos-branca,PALL-PSYCHOTIC-BR_M2-frente-close.png,PALL-PSYCHOTIC-BR_05-modelo-frente-close.png
modelos-branca,PALL-PSYCHOTIC-BR_M3-costas-corpo.png,PALL-PSYCHOTIC-BR_06-modelo-costas-corpo.png
modelos-branca,PALL-PSYCHOTIC-BR_M4-frente-corpo.png,PALL-PSYCHOTIC-BR_07-modelo-frente-corpo.png
mockups-finais,PALL-PSYCHOTIC-OW_01-costas.png,PALL-PSYCHOTIC-OW_01-costas.png
mockups-finais,PALL-PSYCHOTIC-OW_03-inclinada.png,PALL-PSYCHOTIC-OW_02-close.png
mockups-finais,PALL-PSYCHOTIC-OW_02-frente.png,PALL-PSYCHOTIC-OW_03-frente.png
modelos-off-white,PALL-PSYCHOTIC-OW_M1-costas-close.png,PALL-PSYCHOTIC-OW_04-modelo-costas-close.png
modelos-off-white,PALL-PSYCHOTIC-OW_M2-frente-close.png,PALL-PSYCHOTIC-OW_05-modelo-frente-close.png
modelos-off-white,PALL-PSYCHOTIC-OW_M3-costas-corpo.png,PALL-PSYCHOTIC-OW_06-modelo-costas-corpo.png
modelos-off-white,PALL-PSYCHOTIC-OW_M4-frente-corpo.png,PALL-PSYCHOTIC-OW_07-modelo-frente-corpo.png
mockups-finais,PALL-PSYCHOTIC-PT_01-costas.png,PALL-PSYCHOTIC-PT_01-costas.png
mockups-finais,PALL-PSYCHOTIC-PT_03-inclinada.png,PALL-PSYCHOTIC-PT_02-close.png
mockups-finais,PALL-PSYCHOTIC-PT_02-frente.png,PALL-PSYCHOTIC-PT_03-frente.png
modelos-preta,PALL-PSYCHOTIC-PT_M1-costas-close.png,PALL-PSYCHOTIC-PT_04-modelo-costas-close.png
modelos-preta,PALL-PSYCHOTIC-PT_M2-frente-close.png,PALL-PSYCHOTIC-PT_05-modelo-frente-close.png
modelos-preta,PALL-PSYCHOTIC-PT_M3-costas-corpo.png,PALL-PSYCHOTIC-PT_06-modelo-costas-corpo.png
modelos-preta,PALL-PSYCHOTIC-PT_M4-frente-corpo.png,PALL-PSYCHOTIC-PT_07-modelo-frente-corpo.png
mockups-finais,PALL-RED-FLAG-BR_01-costas.png,PALL-RED-FLAG-BR_01-costas.png
mockups-finais,PALL-RED-FLAG-BR_03-inclinada.png,PALL-RED-FLAG-BR_02-close.png
mockups-finais,PALL-RED-FLAG-BR_02-frente.png,PALL-RED-FLAG-BR_03-frente.png
modelos-branca,PALL-RED-FLAG-BR_M1-costas-close.png,PALL-RED-FLAG-BR_04-modelo-costas-close.png
modelos-branca,PALL-RED-FLAG-BR_M2-frente-close.png,PALL-RED-FLAG-BR_05-modelo-frente-close.png
modelos-branca,PALL-RED-FLAG-BR_M3-costas-corpo.png,PALL-RED-FLAG-BR_06-modelo-costas-corpo.png
modelos-branca,PALL-RED-FLAG-BR_M4-frente-corpo.png,PALL-RED-FLAG-BR_07-modelo-frente-corpo.png
mockups-finais,PALL-RED-FLAG-OW_01-costas.png,PALL-RED-FLAG-OW_01-costas.png
mockups-finais,PALL-RED-FLAG-OW_03-inclinada.png,PALL-RED-FLAG-OW_02-close.png
mockups-finais,PALL-RED-FLAG-OW_02-frente.png,PALL-RED-FLAG-OW_03-frente.png
modelos-off-white,PALL-RED-FLAG-OW_M1-costas-close.png,PALL-RED-FLAG-OW_04-modelo-costas-close.png
modelos-off-white,PALL-RED-FLAG-OW_M2-frente-close.png,PALL-RED-FLAG-OW_05-modelo-frente-close.png
modelos-off-white,PALL-RED-FLAG-OW_M3-costas-corpo.png,PALL-RED-FLAG-OW_06-modelo-costas-corpo.png
modelos-off-white,PALL-RED-FLAG-OW_M4-frente-corpo.png,PALL-RED-FLAG-OW_07-modelo-frente-corpo.png
mockups-finais,PALL-RED-FLAG-PT_01-costas.png,PALL-RED-FLAG-PT_01-costas.png
mockups-finais,PALL-RED-FLAG-PT_03-inclinada.png,PALL-RED-FLAG-PT_02-close.png
mockups-finais,PALL-RED-FLAG-PT_02-frente.png,PALL-RED-FLAG-PT_03-frente.png
modelos-preta,PALL-RED-FLAG-PT_M1-costas-close.png,PALL-RED-FLAG-PT_04-modelo-costas-close.png
modelos-preta,PALL-RED-FLAG-PT_M2-frente-close.png,PALL-RED-FLAG-PT_05-modelo-frente-close.png
modelos-preta,PALL-RED-FLAG-PT_M3-costas-corpo.png,PALL-RED-FLAG-PT_06-modelo-costas-corpo.png
modelos-preta,PALL-RED-FLAG-PT_M4-frente-corpo.png,PALL-RED-FLAG-PT_07-modelo-frente-corpo.png
mockups-finais,PALL-RICH-PARENTS-AZ_01-costas.png,PALL-RICH-PARENTS-AZ_01-costas.png
mockups-finais,PALL-RICH-PARENTS-AZ_03-inclinada.png,PALL-RICH-PARENTS-AZ_02-close.png
mockups-finais,PALL-RICH-PARENTS-AZ_02-frente.png,PALL-RICH-PARENTS-AZ_03-frente.png
modelos-azul-marinho,PALL-RICH-PARENTS-AZ_M1-costas-close.png,PALL-RICH-PARENTS-AZ_04-modelo-costas-close.png
modelos-azul-marinho,PALL-RICH-PARENTS-AZ_M2-frente-close.png,PALL-RICH-PARENTS-AZ_05-modelo-frente-close.png
modelos-azul-marinho,PALL-RICH-PARENTS-AZ_M3-costas-corpo.png,PALL-RICH-PARENTS-AZ_06-modelo-costas-corpo.png
modelos-azul-marinho,PALL-RICH-PARENTS-AZ_M4-frente-corpo.png,PALL-RICH-PARENTS-AZ_07-modelo-frente-corpo.png
mockups-finais,PALL-RICH-PARENTS-BR_01-costas.png,PALL-RICH-PARENTS-BR_01-costas.png
mockups-finais,PALL-RICH-PARENTS-BR_03-inclinada.png,PALL-RICH-PARENTS-BR_02-close.png
mockups-finais,PALL-RICH-PARENTS-BR_02-frente.png,PALL-RICH-PARENTS-BR_03-frente.png
modelos-branca,PALL-RICH-PARENTS-BR_M1-costas-close.png,PALL-RICH-PARENTS-BR_04-modelo-costas-close.png
modelos-branca,PALL-RICH-PARENTS-BR_M2-frente-close.png,PALL-RICH-PARENTS-BR_05-modelo-frente-close.png
modelos-branca,PALL-RICH-PARENTS-BR_M3-costas-corpo.png,PALL-RICH-PARENTS-BR_06-modelo-costas-corpo.png
modelos-branca,PALL-RICH-PARENTS-BR_M4-frente-corpo.png,PALL-RICH-PARENTS-BR_07-modelo-frente-corpo.png
mockups-finais,PALL-RICH-PARENTS-OW_01-costas.png,PALL-RICH-PARENTS-OW_01-costas.png
mockups-finais,PALL-RICH-PARENTS-OW_03-inclinada.png,PALL-RICH-PARENTS-OW_02-close.png
mockups-finais,PALL-RICH-PARENTS-OW_02-frente.png,PALL-RICH-PARENTS-OW_03-frente.png
modelos-off-white,PALL-RICH-PARENTS-OW_M1-costas-close.png,PALL-RICH-PARENTS-OW_04-modelo-costas-close.png
modelos-off-white,PALL-RICH-PARENTS-OW_M2-frente-close.png,PALL-RICH-PARENTS-OW_05-modelo-frente-close.png
modelos-off-white,PALL-RICH-PARENTS-OW_M3-costas-corpo.png,PALL-RICH-PARENTS-OW_06-modelo-costas-corpo.png
modelos-off-white,PALL-RICH-PARENTS-OW_M4-frente-corpo.png,PALL-RICH-PARENTS-OW_07-modelo-frente-corpo.png
mockups-finais,PALL-RICH-PARENTS-PT_01-costas.png,PALL-RICH-PARENTS-PT_01-costas.png
mockups-finais,PALL-RICH-PARENTS-PT_03-inclinada.png,PALL-RICH-PARENTS-PT_02-close.png
mockups-finais,PALL-RICH-PARENTS-PT_02-frente.png,PALL-RICH-PARENTS-PT_03-frente.png
modelos-preta,PALL-RICH-PARENTS-PT_M1-costas-close.png,PALL-RICH-PARENTS-PT_04-modelo-costas-close.png
modelos-preta,PALL-RICH-PARENTS-PT_M2-frente-close.png,PALL-RICH-PARENTS-PT_05-modelo-frente-close.png
modelos-preta,PALL-RICH-PARENTS-PT_M3-costas-corpo.png,PALL-RICH-PARENTS-PT_06-modelo-costas-corpo.png
modelos-preta,PALL-RICH-PARENTS-PT_M4-frente-corpo.png,PALL-RICH-PARENTS-PT_07-modelo-frente-corpo.png
mockups-finais,PALL-RIVIERA-AZ_01-costas.png,PALL-RIVIERA-AZ_01-costas.png
mockups-finais,PALL-RIVIERA-AZ_03-inclinada.png,PALL-RIVIERA-AZ_02-close.png
mockups-finais,PALL-RIVIERA-AZ_02-frente.png,PALL-RIVIERA-AZ_03-frente.png
modelos-azul-marinho,PALL-RIVIERA-AZ_M1-costas-close.png,PALL-RIVIERA-AZ_04-modelo-costas-close.png
modelos-azul-marinho,PALL-RIVIERA-AZ_M2-frente-close.png,PALL-RIVIERA-AZ_05-modelo-frente-close.png
modelos-azul-marinho,PALL-RIVIERA-AZ_M3-costas-corpo.png,PALL-RIVIERA-AZ_06-modelo-costas-corpo.png
modelos-azul-marinho,PALL-RIVIERA-AZ_M4-frente-corpo.png,PALL-RIVIERA-AZ_07-modelo-frente-corpo.png
mockups-finais,PALL-RIVIERA-BR_01-costas.png,PALL-RIVIERA-BR_01-costas.png
mockups-finais,PALL-RIVIERA-BR_03-inclinada.png,PALL-RIVIERA-BR_02-close.png
mockups-finais,PALL-RIVIERA-BR_02-frente.png,PALL-RIVIERA-BR_03-frente.png
modelos-branca,PALL-RIVIERA-BR_M1-costas-close.png,PALL-RIVIERA-BR_04-modelo-costas-close.png
modelos-branca,PALL-RIVIERA-BR_M2-frente-close.png,PALL-RIVIERA-BR_05-modelo-frente-close.png
modelos-branca,PALL-RIVIERA-BR_M3-costas-corpo.png,PALL-RIVIERA-BR_06-modelo-costas-corpo.png
modelos-branca,PALL-RIVIERA-BR_M4-frente-corpo.png,PALL-RIVIERA-BR_07-modelo-frente-corpo.png
mockups-finais,PALL-RIVIERA-OW_01-costas.png,PALL-RIVIERA-OW_01-costas.png
mockups-finais,PALL-RIVIERA-OW_03-inclinada.png,PALL-RIVIERA-OW_02-close.png
mockups-finais,PALL-RIVIERA-OW_02-frente.png,PALL-RIVIERA-OW_03-frente.png
modelos-off-white,PALL-RIVIERA-OW_M1-costas-close.png,PALL-RIVIERA-OW_04-modelo-costas-close.png
modelos-off-white,PALL-RIVIERA-OW_M2-frente-close.png,PALL-RIVIERA-OW_05-modelo-frente-close.png
modelos-off-white,PALL-RIVIERA-OW_M3-costas-corpo.png,PALL-RIVIERA-OW_06-modelo-costas-corpo.png
modelos-off-white,PALL-RIVIERA-OW_M4-frente-corpo.png,PALL-RIVIERA-OW_07-modelo-frente-corpo.png
mockups-finais,PALL-RIVIERA-PT_01-costas.png,PALL-RIVIERA-PT_01-costas.png
mockups-finais,PALL-RIVIERA-PT_03-inclinada.png,PALL-RIVIERA-PT_02-close.png
mockups-finais,PALL-RIVIERA-PT_02-frente.png,PALL-RIVIERA-PT_03-frente.png
modelos-preta,PALL-RIVIERA-PT_M1-costas-close.png,PALL-RIVIERA-PT_04-modelo-costas-close.png
modelos-preta,PALL-RIVIERA-PT_M2-frente-close.png,PALL-RIVIERA-PT_05-modelo-frente-close.png
modelos-preta,PALL-RIVIERA-PT_M3-costas-corpo.png,PALL-RIVIERA-PT_06-modelo-costas-corpo.png
modelos-preta,PALL-RIVIERA-PT_M4-frente-corpo.png,PALL-RIVIERA-PT_07-modelo-frente-corpo.png
mockups-finais,PALL-RULES-AZ_01-costas.png,PALL-RULES-AZ_01-costas.png
mockups-finais,PALL-RULES-AZ_02-frente.png,PALL-RULES-AZ_02-frente.png
mockups-finais,PALL-RULES-AZ_03-inclinada.png,PALL-RULES-AZ_03-close.png
modelos-azul-marinho,PALL-RULES-AZ_M1-costas-close.png,PALL-RULES-AZ_04-modelo-costas-close.png
modelos-azul-marinho,PALL-RULES-AZ_M2-frente-close.png,PALL-RULES-AZ_05-modelo-frente-close.png
modelos-azul-marinho,PALL-RULES-AZ_M3-costas-corpo.png,PALL-RULES-AZ_06-modelo-costas-corpo.png
modelos-azul-marinho,PALL-RULES-AZ_M4-frente-corpo.png,PALL-RULES-AZ_07-modelo-frente-corpo.png
mockups-finais,PALL-RULES-BR_01-costas.png,PALL-RULES-BR_01-costas.png
mockups-finais,PALL-RULES-BR_02-frente.png,PALL-RULES-BR_02-frente.png
mockups-finais,PALL-RULES-BR_03-inclinada.png,PALL-RULES-BR_03-close.png
modelos-branca,PALL-RULES-BR_M1-costas-close.png,PALL-RULES-BR_04-modelo-costas-close.png
modelos-branca,PALL-RULES-BR_M2-frente-close.png,PALL-RULES-BR_05-modelo-frente-close.png
modelos-branca,PALL-RULES-BR_M3-costas-corpo.png,PALL-RULES-BR_06-modelo-costas-corpo.png
modelos-branca,PALL-RULES-BR_M4-frente-corpo.png,PALL-RULES-BR_07-modelo-frente-corpo.png
mockups-finais,PALL-RULES-PT_01-costas.png,PALL-RULES-PT_01-costas.png
mockups-finais,PALL-RULES-PT_02-frente.png,PALL-RULES-PT_02-frente.png
mockups-finais,PALL-RULES-PT_03-inclinada.png,PALL-RULES-PT_03-close.png
modelos-preta,PALL-RULES-PT_M1-costas-close.png,PALL-RULES-PT_04-modelo-costas-close.png
modelos-preta,PALL-RULES-PT_M2-frente-close.png,PALL-RULES-PT_05-modelo-frente-close.png
modelos-preta,PALL-RULES-PT_M3-costas-corpo.png,PALL-RULES-PT_06-modelo-costas-corpo.png
modelos-preta,PALL-RULES-PT_M4-frente-corpo.png,PALL-RULES-PT_07-modelo-frente-corpo.png
mockups-finais,PALL-RUNNING-AZ_01-costas.png,PALL-RUNNING-AZ_01-costas.png
mockups-finais,PALL-RUNNING-AZ_03-inclinada.png,PALL-RUNNING-AZ_02-close.png
mockups-finais,PALL-RUNNING-AZ_02-frente.png,PALL-RUNNING-AZ_03-frente.png
modelos-azul-marinho,PALL-RUNNING-AZ_M1-costas-close.png,PALL-RUNNING-AZ_04-modelo-costas-close.png
modelos-azul-marinho,PALL-RUNNING-AZ_M2-frente-close.png,PALL-RUNNING-AZ_05-modelo-frente-close.png
modelos-azul-marinho,PALL-RUNNING-AZ_M3-costas-corpo.png,PALL-RUNNING-AZ_06-modelo-costas-corpo.png
modelos-azul-marinho,PALL-RUNNING-AZ_M4-frente-corpo.png,PALL-RUNNING-AZ_07-modelo-frente-corpo.png
mockups-finais,PALL-RUNNING-BR_01-costas.png,PALL-RUNNING-BR_01-costas.png
mockups-finais,PALL-RUNNING-BR_03-inclinada.png,PALL-RUNNING-BR_02-close.png
mockups-finais,PALL-RUNNING-BR_02-frente.png,PALL-RUNNING-BR_03-frente.png
modelos-branca,PALL-RUNNING-BR_M1-costas-close.png,PALL-RUNNING-BR_04-modelo-costas-close.png
modelos-branca,PALL-RUNNING-BR_M2-frente-close.png,PALL-RUNNING-BR_05-modelo-frente-close.png
modelos-branca,PALL-RUNNING-BR_M3-costas-corpo.png,PALL-RUNNING-BR_06-modelo-costas-corpo.png
modelos-branca,PALL-RUNNING-BR_M4-frente-corpo.png,PALL-RUNNING-BR_07-modelo-frente-corpo.png
mockups-finais,PALL-RUNNING-OW_01-costas.png,PALL-RUNNING-OW_01-costas.png
mockups-finais,PALL-RUNNING-OW_03-inclinada.png,PALL-RUNNING-OW_02-close.png
mockups-finais,PALL-RUNNING-OW_02-frente.png,PALL-RUNNING-OW_03-frente.png
modelos-off-white,PALL-RUNNING-OW_M1-costas-close.png,PALL-RUNNING-OW_04-modelo-costas-close.png
modelos-off-white,PALL-RUNNING-OW_M2-frente-close.png,PALL-RUNNING-OW_05-modelo-frente-close.png
modelos-off-white,PALL-RUNNING-OW_M3-costas-corpo.png,PALL-RUNNING-OW_06-modelo-costas-corpo.png
modelos-off-white,PALL-RUNNING-OW_M4-frente-corpo.png,PALL-RUNNING-OW_07-modelo-frente-corpo.png
mockups-finais,PALL-RUNNING-PT_01-costas.png,PALL-RUNNING-PT_01-costas.png
mockups-finais,PALL-RUNNING-PT_03-inclinada.png,PALL-RUNNING-PT_02-close.png
mockups-finais,PALL-RUNNING-PT_02-frente.png,PALL-RUNNING-PT_03-frente.png
modelos-preta,PALL-RUNNING-PT_M1-costas-close.png,PALL-RUNNING-PT_04-modelo-costas-close.png
modelos-preta,PALL-RUNNING-PT_M2-frente-close.png,PALL-RUNNING-PT_05-modelo-frente-close.png
modelos-preta,PALL-RUNNING-PT_M3-costas-corpo.png,PALL-RUNNING-PT_06-modelo-costas-corpo.png
modelos-preta,PALL-RUNNING-PT_M4-frente-corpo.png,PALL-RUNNING-PT_07-modelo-frente-corpo.png
mockups-finais,PALL-SAINT-TROPEZ-AZ_01-costas.png,PALL-SAINT-TROPEZ-AZ_01-costas.png
mockups-finais,PALL-SAINT-TROPEZ-AZ_03-inclinada.png,PALL-SAINT-TROPEZ-AZ_02-close.png
mockups-finais,PALL-SAINT-TROPEZ-AZ_02-frente.png,PALL-SAINT-TROPEZ-AZ_03-frente.png
modelos-azul-marinho,PALL-SAINT-TROPEZ-AZ_M1-costas-close.png,PALL-SAINT-TROPEZ-AZ_04-modelo-costas-close.png
modelos-azul-marinho,PALL-SAINT-TROPEZ-AZ_M2-frente-close.png,PALL-SAINT-TROPEZ-AZ_05-modelo-frente-close.png
modelos-azul-marinho,PALL-SAINT-TROPEZ-AZ_M3-costas-corpo.png,PALL-SAINT-TROPEZ-AZ_06-modelo-costas-corpo.png
modelos-azul-marinho,PALL-SAINT-TROPEZ-AZ_M4-frente-corpo.png,PALL-SAINT-TROPEZ-AZ_07-modelo-frente-corpo.png
mockups-finais,PALL-SAINT-TROPEZ-BR_01-costas.png,PALL-SAINT-TROPEZ-BR_01-costas.png
mockups-finais,PALL-SAINT-TROPEZ-BR_03-inclinada.png,PALL-SAINT-TROPEZ-BR_02-close.png
mockups-finais,PALL-SAINT-TROPEZ-BR_02-frente.png,PALL-SAINT-TROPEZ-BR_03-frente.png
modelos-branca,PALL-SAINT-TROPEZ-BR_M1-costas-close.png,PALL-SAINT-TROPEZ-BR_04-modelo-costas-close.png
modelos-branca,PALL-SAINT-TROPEZ-BR_M2-frente-close.png,PALL-SAINT-TROPEZ-BR_05-modelo-frente-close.png
modelos-branca,PALL-SAINT-TROPEZ-BR_M3-costas-corpo.png,PALL-SAINT-TROPEZ-BR_06-modelo-costas-corpo.png
modelos-branca,PALL-SAINT-TROPEZ-BR_M4-frente-corpo.png,PALL-SAINT-TROPEZ-BR_07-modelo-frente-corpo.png
mockups-finais,PALL-SAINT-TROPEZ-OW_01-costas.png,PALL-SAINT-TROPEZ-OW_01-costas.png
mockups-finais,PALL-SAINT-TROPEZ-OW_03-inclinada.png,PALL-SAINT-TROPEZ-OW_02-close.png
mockups-finais,PALL-SAINT-TROPEZ-OW_02-frente.png,PALL-SAINT-TROPEZ-OW_03-frente.png
modelos-off-white,PALL-SAINT-TROPEZ-OW_M1-costas-close.png,PALL-SAINT-TROPEZ-OW_04-modelo-costas-close.png
modelos-off-white,PALL-SAINT-TROPEZ-OW_M2-frente-close.png,PALL-SAINT-TROPEZ-OW_05-modelo-frente-close.png
modelos-off-white,PALL-SAINT-TROPEZ-OW_M3-costas-corpo.png,PALL-SAINT-TROPEZ-OW_06-modelo-costas-corpo.png
modelos-off-white,PALL-SAINT-TROPEZ-OW_M4-frente-corpo.png,PALL-SAINT-TROPEZ-OW_07-modelo-frente-corpo.png
mockups-finais,PALL-SAINT-TROPEZ-PT_01-costas.png,PALL-SAINT-TROPEZ-PT_01-costas.png
mockups-finais,PALL-SAINT-TROPEZ-PT_03-inclinada.png,PALL-SAINT-TROPEZ-PT_02-close.png
mockups-finais,PALL-SAINT-TROPEZ-PT_02-frente.png,PALL-SAINT-TROPEZ-PT_03-frente.png
modelos-preta,PALL-SAINT-TROPEZ-PT_M1-costas-close.png,PALL-SAINT-TROPEZ-PT_04-modelo-costas-close.png
modelos-preta,PALL-SAINT-TROPEZ-PT_M2-frente-close.png,PALL-SAINT-TROPEZ-PT_05-modelo-frente-close.png
modelos-preta,PALL-SAINT-TROPEZ-PT_M3-costas-corpo.png,PALL-SAINT-TROPEZ-PT_06-modelo-costas-corpo.png
modelos-preta,PALL-SAINT-TROPEZ-PT_M4-frente-corpo.png,PALL-SAINT-TROPEZ-PT_07-modelo-frente-corpo.png
mockups-finais,PALL-SELF-CONTROL-AZ_01-costas.png,PALL-SELF-CONTROL-AZ_01-costas.png
mockups-finais,PALL-SELF-CONTROL-AZ_03-inclinada.png,PALL-SELF-CONTROL-AZ_02-close.png
mockups-finais,PALL-SELF-CONTROL-AZ_02-frente.png,PALL-SELF-CONTROL-AZ_03-frente.png
modelos-azul-marinho,PALL-SELF-CONTROL-AZ_M1-costas-close.png,PALL-SELF-CONTROL-AZ_04-modelo-costas-close.png
modelos-azul-marinho,PALL-SELF-CONTROL-AZ_M2-frente-close.png,PALL-SELF-CONTROL-AZ_05-modelo-frente-close.png
modelos-azul-marinho,PALL-SELF-CONTROL-AZ_M3-costas-corpo.png,PALL-SELF-CONTROL-AZ_06-modelo-costas-corpo.png
modelos-azul-marinho,PALL-SELF-CONTROL-AZ_M4-frente-corpo.png,PALL-SELF-CONTROL-AZ_07-modelo-frente-corpo.png
mockups-finais,PALL-SELF-CONTROL-BR_01-costas.png,PALL-SELF-CONTROL-BR_01-costas.png
mockups-finais,PALL-SELF-CONTROL-BR_03-inclinada.png,PALL-SELF-CONTROL-BR_02-close.png
mockups-finais,PALL-SELF-CONTROL-BR_02-frente.png,PALL-SELF-CONTROL-BR_03-frente.png
modelos-branca,PALL-SELF-CONTROL-BR_M1-costas-close.png,PALL-SELF-CONTROL-BR_04-modelo-costas-close.png
modelos-branca,PALL-SELF-CONTROL-BR_M2-frente-close.png,PALL-SELF-CONTROL-BR_05-modelo-frente-close.png
modelos-branca,PALL-SELF-CONTROL-BR_M3-costas-corpo.png,PALL-SELF-CONTROL-BR_06-modelo-costas-corpo.png
modelos-branca,PALL-SELF-CONTROL-BR_M4-frente-corpo.png,PALL-SELF-CONTROL-BR_07-modelo-frente-corpo.png
mockups-finais,PALL-SELF-CONTROL-OW_01-costas.png,PALL-SELF-CONTROL-OW_01-costas.png
mockups-finais,PALL-SELF-CONTROL-OW_03-inclinada.png,PALL-SELF-CONTROL-OW_02-close.png
mockups-finais,PALL-SELF-CONTROL-OW_02-frente.png,PALL-SELF-CONTROL-OW_03-frente.png
modelos-off-white,PALL-SELF-CONTROL-OW_M1-costas-close.png,PALL-SELF-CONTROL-OW_04-modelo-costas-close.png
modelos-off-white,PALL-SELF-CONTROL-OW_M2-frente-close.png,PALL-SELF-CONTROL-OW_05-modelo-frente-close.png
modelos-off-white,PALL-SELF-CONTROL-OW_M3-costas-corpo.png,PALL-SELF-CONTROL-OW_06-modelo-costas-corpo.png
modelos-off-white,PALL-SELF-CONTROL-OW_M4-frente-corpo.png,PALL-SELF-CONTROL-OW_07-modelo-frente-corpo.png
mockups-finais,PALL-SELF-CONTROL-PT_01-costas.png,PALL-SELF-CONTROL-PT_01-costas.png
mockups-finais,PALL-SELF-CONTROL-PT_03-inclinada.png,PALL-SELF-CONTROL-PT_02-close.png
mockups-finais,PALL-SELF-CONTROL-PT_02-frente.png,PALL-SELF-CONTROL-PT_03-frente.png
modelos-preta,PALL-SELF-CONTROL-PT_M1-costas-close.png,PALL-SELF-CONTROL-PT_04-modelo-costas-close.png
modelos-preta,PALL-SELF-CONTROL-PT_M2-frente-close.png,PALL-SELF-CONTROL-PT_05-modelo-frente-close.png
modelos-preta,PALL-SELF-CONTROL-PT_M3-costas-corpo.png,PALL-SELF-CONTROL-PT_06-modelo-costas-corpo.png
modelos-preta,PALL-SELF-CONTROL-PT_M4-frente-corpo.png,PALL-SELF-CONTROL-PT_07-modelo-frente-corpo.png
mockups-finais,PALL-SENNA-BR_01-costas.png,PALL-SENNA-BR_01-costas.png
mockups-finais,PALL-SENNA-BR_03-inclinada.png,PALL-SENNA-BR_02-close.png
mockups-finais,PALL-SENNA-BR_02-frente.png,PALL-SENNA-BR_03-frente.png
modelos-branca,PALL-SENNA-BR_M1-costas-close.png,PALL-SENNA-BR_04-modelo-costas-close.png
modelos-branca,PALL-SENNA-BR_M2-frente-close.png,PALL-SENNA-BR_05-modelo-frente-close.png
modelos-branca,PALL-SENNA-BR_M3-costas-corpo.png,PALL-SENNA-BR_06-modelo-costas-corpo.png
modelos-branca,PALL-SENNA-BR_M4-frente-corpo.png,PALL-SENNA-BR_07-modelo-frente-corpo.png
mockups-finais,PALL-SENNA-OW_01-costas.png,PALL-SENNA-OW_01-costas.png
mockups-finais,PALL-SENNA-OW_03-inclinada.png,PALL-SENNA-OW_02-close.png
mockups-finais,PALL-SENNA-OW_02-frente.png,PALL-SENNA-OW_03-frente.png
modelos-off-white,PALL-SENNA-OW_M1-costas-close.png,PALL-SENNA-OW_04-modelo-costas-close.png
modelos-off-white,PALL-SENNA-OW_M2-frente-close.png,PALL-SENNA-OW_05-modelo-frente-close.png
modelos-off-white,PALL-SENNA-OW_M3-costas-corpo.png,PALL-SENNA-OW_06-modelo-costas-corpo.png
modelos-off-white,PALL-SENNA-OW_M4-frente-corpo.png,PALL-SENNA-OW_07-modelo-frente-corpo.png
mockups-finais,PALL-SENNA-PT_01-costas.png,PALL-SENNA-PT_01-costas.png
mockups-finais,PALL-SENNA-PT_03-inclinada.png,PALL-SENNA-PT_02-close.png
mockups-finais,PALL-SENNA-PT_02-frente.png,PALL-SENNA-PT_03-frente.png
modelos-preta,PALL-SENNA-PT_M1-costas-close.png,PALL-SENNA-PT_04-modelo-costas-close.png
modelos-preta,PALL-SENNA-PT_M2-frente-close.png,PALL-SENNA-PT_05-modelo-frente-close.png
modelos-preta,PALL-SENNA-PT_M3-costas-corpo.png,PALL-SENNA-PT_06-modelo-costas-corpo.png
modelos-preta,PALL-SENNA-PT_M4-frente-corpo.png,PALL-SENNA-PT_07-modelo-frente-corpo.png
mockups-finais,PALL-SICILIAN-AZ_01-costas.png,PALL-SICILIAN-AZ_01-costas.png
mockups-finais,PALL-SICILIAN-AZ_02-frente.png,PALL-SICILIAN-AZ_02-frente.png
mockups-finais,PALL-SICILIAN-AZ_03-inclinada.png,PALL-SICILIAN-AZ_03-close.png
modelos-azul-marinho,PALL-SICILIAN-AZ_M1-costas-close.png,PALL-SICILIAN-AZ_04-modelo-costas-close.png
modelos-azul-marinho,PALL-SICILIAN-AZ_M2-frente-close.png,PALL-SICILIAN-AZ_05-modelo-frente-close.png
modelos-azul-marinho,PALL-SICILIAN-AZ_M3-costas-corpo.png,PALL-SICILIAN-AZ_06-modelo-costas-corpo.png
modelos-azul-marinho,PALL-SICILIAN-AZ_M4-frente-corpo.png,PALL-SICILIAN-AZ_07-modelo-frente-corpo.png
mockups-finais,PALL-SICILIAN-BR_01-costas.png,PALL-SICILIAN-BR_01-costas.png
mockups-finais,PALL-SICILIAN-BR_02-frente.png,PALL-SICILIAN-BR_02-frente.png
mockups-finais,PALL-SICILIAN-BR_03-inclinada.png,PALL-SICILIAN-BR_03-close.png
modelos-branca,PALL-SICILIAN-BR_M1-costas-close.png,PALL-SICILIAN-BR_04-modelo-costas-close.png
modelos-branca,PALL-SICILIAN-BR_M2-frente-close.png,PALL-SICILIAN-BR_05-modelo-frente-close.png
modelos-branca,PALL-SICILIAN-BR_M3-costas-corpo.png,PALL-SICILIAN-BR_06-modelo-costas-corpo.png
modelos-branca,PALL-SICILIAN-BR_M4-frente-corpo.png,PALL-SICILIAN-BR_07-modelo-frente-corpo.png
mockups-finais,PALL-SICILIAN-OW_01-costas.png,PALL-SICILIAN-OW_01-costas.png
mockups-finais,PALL-SICILIAN-OW_02-frente.png,PALL-SICILIAN-OW_02-frente.png
mockups-finais,PALL-SICILIAN-OW_03-inclinada.png,PALL-SICILIAN-OW_03-close.png
modelos-off-white,PALL-SICILIAN-OW_M1-costas-close.png,PALL-SICILIAN-OW_04-modelo-costas-close.png
modelos-off-white,PALL-SICILIAN-OW_M2-frente-close.png,PALL-SICILIAN-OW_05-modelo-frente-close.png
modelos-off-white,PALL-SICILIAN-OW_M3-costas-corpo.png,PALL-SICILIAN-OW_06-modelo-costas-corpo.png
modelos-off-white,PALL-SICILIAN-OW_M4-frente-corpo.png,PALL-SICILIAN-OW_07-modelo-frente-corpo.png
mockups-finais,PALL-SICILIAN-PT_01-costas.png,PALL-SICILIAN-PT_01-costas.png
mockups-finais,PALL-SICILIAN-PT_02-frente.png,PALL-SICILIAN-PT_02-frente.png
mockups-finais,PALL-SICILIAN-PT_03-inclinada.png,PALL-SICILIAN-PT_03-close.png
modelos-preta,PALL-SICILIAN-PT_M1-costas-close.png,PALL-SICILIAN-PT_04-modelo-costas-close.png
modelos-preta,PALL-SICILIAN-PT_M2-frente-close.png,PALL-SICILIAN-PT_05-modelo-frente-close.png
modelos-preta,PALL-SICILIAN-PT_M3-costas-corpo.png,PALL-SICILIAN-PT_06-modelo-costas-corpo.png
modelos-preta,PALL-SICILIAN-PT_M4-frente-corpo.png,PALL-SICILIAN-PT_07-modelo-frente-corpo.png
mockups-finais,PALL-SILENCE-AZ_01-costas.png,PALL-SILENCE-AZ_01-costas.png
mockups-finais,PALL-SILENCE-AZ_03-inclinada.png,PALL-SILENCE-AZ_02-close.png
mockups-finais,PALL-SILENCE-AZ_02-frente.png,PALL-SILENCE-AZ_03-frente.png
modelos-azul-marinho,PALL-SILENCE-AZ_M1-costas-close.png,PALL-SILENCE-AZ_04-modelo-costas-close.png
modelos-azul-marinho,PALL-SILENCE-AZ_M2-frente-close.png,PALL-SILENCE-AZ_05-modelo-frente-close.png
modelos-azul-marinho,PALL-SILENCE-AZ_M3-costas-corpo.png,PALL-SILENCE-AZ_06-modelo-costas-corpo.png
modelos-azul-marinho,PALL-SILENCE-AZ_M4-frente-corpo.png,PALL-SILENCE-AZ_07-modelo-frente-corpo.png
mockups-finais,PALL-SILENCE-BR_01-costas.png,PALL-SILENCE-BR_01-costas.png
mockups-finais,PALL-SILENCE-BR_03-inclinada.png,PALL-SILENCE-BR_02-close.png
mockups-finais,PALL-SILENCE-BR_02-frente.png,PALL-SILENCE-BR_03-frente.png
modelos-branca,PALL-SILENCE-BR_M1-costas-close.png,PALL-SILENCE-BR_04-modelo-costas-close.png
modelos-branca,PALL-SILENCE-BR_M2-frente-close.png,PALL-SILENCE-BR_05-modelo-frente-close.png
modelos-branca,PALL-SILENCE-BR_M3-costas-corpo.png,PALL-SILENCE-BR_06-modelo-costas-corpo.png
modelos-branca,PALL-SILENCE-BR_M4-frente-corpo.png,PALL-SILENCE-BR_07-modelo-frente-corpo.png
mockups-finais,PALL-SILENCE-OW_01-costas.png,PALL-SILENCE-OW_01-costas.png
mockups-finais,PALL-SILENCE-OW_03-inclinada.png,PALL-SILENCE-OW_02-close.png
mockups-finais,PALL-SILENCE-OW_02-frente.png,PALL-SILENCE-OW_03-frente.png
modelos-off-white,PALL-SILENCE-OW_M1-costas-close.png,PALL-SILENCE-OW_04-modelo-costas-close.png
modelos-off-white,PALL-SILENCE-OW_M2-frente-close.png,PALL-SILENCE-OW_05-modelo-frente-close.png
modelos-off-white,PALL-SILENCE-OW_M3-costas-corpo.png,PALL-SILENCE-OW_06-modelo-costas-corpo.png
modelos-off-white,PALL-SILENCE-OW_M4-frente-corpo.png,PALL-SILENCE-OW_07-modelo-frente-corpo.png
mockups-finais,PALL-SILENCE-PT_01-costas.png,PALL-SILENCE-PT_01-costas.png
mockups-finais,PALL-SILENCE-PT_03-inclinada.png,PALL-SILENCE-PT_02-close.png
mockups-finais,PALL-SILENCE-PT_02-frente.png,PALL-SILENCE-PT_03-frente.png
modelos-preta,PALL-SILENCE-PT_M1-costas-close.png,PALL-SILENCE-PT_04-modelo-costas-close.png
modelos-preta,PALL-SILENCE-PT_M2-frente-close.png,PALL-SILENCE-PT_05-modelo-frente-close.png
modelos-preta,PALL-SILENCE-PT_M3-costas-corpo.png,PALL-SILENCE-PT_06-modelo-costas-corpo.png
modelos-preta,PALL-SILENCE-PT_M4-frente-corpo.png,PALL-SILENCE-PT_07-modelo-frente-corpo.png
mockups-finais,PALL-SOLE-MAR-AZ_01-costas.png,PALL-SOLE-MAR-AZ_01-costas.png
mockups-finais,PALL-SOLE-MAR-AZ_03-inclinada.png,PALL-SOLE-MAR-AZ_02-close.png
mockups-finais,PALL-SOLE-MAR-AZ_02-frente.png,PALL-SOLE-MAR-AZ_03-frente.png
modelos-azul-marinho,PALL-SOLE-MAR-AZ_M1-costas-close.png,PALL-SOLE-MAR-AZ_04-modelo-costas-close.png
modelos-azul-marinho,PALL-SOLE-MAR-AZ_M2-frente-close.png,PALL-SOLE-MAR-AZ_05-modelo-frente-close.png
modelos-azul-marinho,PALL-SOLE-MAR-AZ_M3-costas-corpo.png,PALL-SOLE-MAR-AZ_06-modelo-costas-corpo.png
modelos-azul-marinho,PALL-SOLE-MAR-AZ_M4-frente-corpo.png,PALL-SOLE-MAR-AZ_07-modelo-frente-corpo.png
mockups-finais,PALL-SOLE-MAR-BR_01-costas.png,PALL-SOLE-MAR-BR_01-costas.png
mockups-finais,PALL-SOLE-MAR-BR_03-inclinada.png,PALL-SOLE-MAR-BR_02-close.png
mockups-finais,PALL-SOLE-MAR-BR_02-frente.png,PALL-SOLE-MAR-BR_03-frente.png
modelos-branca,PALL-SOLE-MAR-BR_M1-costas-close.png,PALL-SOLE-MAR-BR_04-modelo-costas-close.png
modelos-branca,PALL-SOLE-MAR-BR_M2-frente-close.png,PALL-SOLE-MAR-BR_05-modelo-frente-close.png
modelos-branca,PALL-SOLE-MAR-BR_M3-costas-corpo.png,PALL-SOLE-MAR-BR_06-modelo-costas-corpo.png
modelos-branca,PALL-SOLE-MAR-BR_M4-frente-corpo.png,PALL-SOLE-MAR-BR_07-modelo-frente-corpo.png
mockups-finais,PALL-SOLE-MAR-OW_01-costas.png,PALL-SOLE-MAR-OW_01-costas.png
mockups-finais,PALL-SOLE-MAR-OW_03-inclinada.png,PALL-SOLE-MAR-OW_02-close.png
mockups-finais,PALL-SOLE-MAR-OW_02-frente.png,PALL-SOLE-MAR-OW_03-frente.png
modelos-off-white,PALL-SOLE-MAR-OW_M1-costas-close.png,PALL-SOLE-MAR-OW_04-modelo-costas-close.png
modelos-off-white,PALL-SOLE-MAR-OW_M2-frente-close.png,PALL-SOLE-MAR-OW_05-modelo-frente-close.png
modelos-off-white,PALL-SOLE-MAR-OW_M3-costas-corpo.png,PALL-SOLE-MAR-OW_06-modelo-costas-corpo.png
modelos-off-white,PALL-SOLE-MAR-OW_M4-frente-corpo.png,PALL-SOLE-MAR-OW_07-modelo-frente-corpo.png
mockups-finais,PALL-SOLE-MAR-PT_01-costas.png,PALL-SOLE-MAR-PT_01-costas.png
mockups-finais,PALL-SOLE-MAR-PT_03-inclinada.png,PALL-SOLE-MAR-PT_02-close.png
mockups-finais,PALL-SOLE-MAR-PT_02-frente.png,PALL-SOLE-MAR-PT_03-frente.png
modelos-preta,PALL-SOLE-MAR-PT_M1-costas-close.png,PALL-SOLE-MAR-PT_04-modelo-costas-close.png
modelos-preta,PALL-SOLE-MAR-PT_M2-frente-close.png,PALL-SOLE-MAR-PT_05-modelo-frente-close.png
modelos-preta,PALL-SOLE-MAR-PT_M3-costas-corpo.png,PALL-SOLE-MAR-PT_06-modelo-costas-corpo.png
modelos-preta,PALL-SOLE-MAR-PT_M4-frente-corpo.png,PALL-SOLE-MAR-PT_07-modelo-frente-corpo.png
mockups-finais,PALL-SORRY-MAMMA-AZ_01-costas.png,PALL-SORRY-MAMMA-AZ_01-costas.png
mockups-finais,PALL-SORRY-MAMMA-AZ_03-inclinada.png,PALL-SORRY-MAMMA-AZ_02-close.png
mockups-finais,PALL-SORRY-MAMMA-AZ_02-frente.png,PALL-SORRY-MAMMA-AZ_03-frente.png
modelos-azul-marinho,PALL-SORRY-MAMMA-AZ_M1-costas-close.png,PALL-SORRY-MAMMA-AZ_04-modelo-costas-close.png
modelos-azul-marinho,PALL-SORRY-MAMMA-AZ_M2-frente-close.png,PALL-SORRY-MAMMA-AZ_05-modelo-frente-close.png
modelos-azul-marinho,PALL-SORRY-MAMMA-AZ_M3-costas-corpo.png,PALL-SORRY-MAMMA-AZ_06-modelo-costas-corpo.png
modelos-azul-marinho,PALL-SORRY-MAMMA-AZ_M4-frente-corpo.png,PALL-SORRY-MAMMA-AZ_07-modelo-frente-corpo.png
mockups-finais,PALL-SORRY-MAMMA-BR_01-costas.png,PALL-SORRY-MAMMA-BR_01-costas.png
mockups-finais,PALL-SORRY-MAMMA-BR_03-inclinada.png,PALL-SORRY-MAMMA-BR_02-close.png
mockups-finais,PALL-SORRY-MAMMA-BR_02-frente.png,PALL-SORRY-MAMMA-BR_03-frente.png
modelos-branca,PALL-SORRY-MAMMA-BR_M1-costas-close.png,PALL-SORRY-MAMMA-BR_04-modelo-costas-close.png
modelos-branca,PALL-SORRY-MAMMA-BR_M2-frente-close.png,PALL-SORRY-MAMMA-BR_05-modelo-frente-close.png
modelos-branca,PALL-SORRY-MAMMA-BR_M3-costas-corpo.png,PALL-SORRY-MAMMA-BR_06-modelo-costas-corpo.png
modelos-branca,PALL-SORRY-MAMMA-BR_M4-frente-corpo.png,PALL-SORRY-MAMMA-BR_07-modelo-frente-corpo.png
mockups-finais,PALL-SORRY-MAMMA-OW_01-costas.png,PALL-SORRY-MAMMA-OW_01-costas.png
mockups-finais,PALL-SORRY-MAMMA-OW_03-inclinada.png,PALL-SORRY-MAMMA-OW_02-close.png
mockups-finais,PALL-SORRY-MAMMA-OW_02-frente.png,PALL-SORRY-MAMMA-OW_03-frente.png
modelos-off-white,PALL-SORRY-MAMMA-OW_M1-costas-close.png,PALL-SORRY-MAMMA-OW_04-modelo-costas-close.png
modelos-off-white,PALL-SORRY-MAMMA-OW_M2-frente-close.png,PALL-SORRY-MAMMA-OW_05-modelo-frente-close.png
modelos-off-white,PALL-SORRY-MAMMA-OW_M3-costas-corpo.png,PALL-SORRY-MAMMA-OW_06-modelo-costas-corpo.png
modelos-off-white,PALL-SORRY-MAMMA-OW_M4-frente-corpo.png,PALL-SORRY-MAMMA-OW_07-modelo-frente-corpo.png
mockups-finais,PALL-SORRY-MAMMA-PT_01-costas.png,PALL-SORRY-MAMMA-PT_01-costas.png
mockups-finais,PALL-SORRY-MAMMA-PT_03-inclinada.png,PALL-SORRY-MAMMA-PT_02-close.png
mockups-finais,PALL-SORRY-MAMMA-PT_02-frente.png,PALL-SORRY-MAMMA-PT_03-frente.png
modelos-preta,PALL-SORRY-MAMMA-PT_M1-costas-close.png,PALL-SORRY-MAMMA-PT_04-modelo-costas-close.png
modelos-preta,PALL-SORRY-MAMMA-PT_M2-frente-close.png,PALL-SORRY-MAMMA-PT_05-modelo-frente-close.png
modelos-preta,PALL-SORRY-MAMMA-PT_M3-costas-corpo.png,PALL-SORRY-MAMMA-PT_06-modelo-costas-corpo.png
modelos-preta,PALL-SORRY-MAMMA-PT_M4-frente-corpo.png,PALL-SORRY-MAMMA-PT_07-modelo-frente-corpo.png
mockups-finais,PALL-STAY-LATE-BR_01-costas.png,PALL-STAY-LATE-BR_01-costas.png
mockups-finais,PALL-STAY-LATE-BR_03-inclinada.png,PALL-STAY-LATE-BR_02-close.png
mockups-finais,PALL-STAY-LATE-BR_02-frente.png,PALL-STAY-LATE-BR_03-frente.png
modelos-branca,PALL-STAY-LATE-BR_M1-costas-close.png,PALL-STAY-LATE-BR_04-modelo-costas-close.png
modelos-branca,PALL-STAY-LATE-BR_M2-frente-close.png,PALL-STAY-LATE-BR_05-modelo-frente-close.png
modelos-branca,PALL-STAY-LATE-BR_M3-costas-corpo.png,PALL-STAY-LATE-BR_06-modelo-costas-corpo.png
modelos-branca,PALL-STAY-LATE-BR_M4-frente-corpo.png,PALL-STAY-LATE-BR_07-modelo-frente-corpo.png
mockups-finais,PALL-STAY-LATE-OW_01-costas.png,PALL-STAY-LATE-OW_01-costas.png
mockups-finais,PALL-STAY-LATE-OW_03-inclinada.png,PALL-STAY-LATE-OW_02-close.png
mockups-finais,PALL-STAY-LATE-OW_02-frente.png,PALL-STAY-LATE-OW_03-frente.png
modelos-off-white,PALL-STAY-LATE-OW_M1-costas-close.png,PALL-STAY-LATE-OW_04-modelo-costas-close.png
modelos-off-white,PALL-STAY-LATE-OW_M2-frente-close.png,PALL-STAY-LATE-OW_05-modelo-frente-close.png
modelos-off-white,PALL-STAY-LATE-OW_M3-costas-corpo.png,PALL-STAY-LATE-OW_06-modelo-costas-corpo.png
modelos-off-white,PALL-STAY-LATE-OW_M4-frente-corpo.png,PALL-STAY-LATE-OW_07-modelo-frente-corpo.png
mockups-finais,PALL-STAY-LATE-PT_01-costas.png,PALL-STAY-LATE-PT_01-costas.png
mockups-finais,PALL-STAY-LATE-PT_03-inclinada.png,PALL-STAY-LATE-PT_02-close.png
mockups-finais,PALL-STAY-LATE-PT_02-frente.png,PALL-STAY-LATE-PT_03-frente.png
modelos-preta,PALL-STAY-LATE-PT_M1-costas-close.png,PALL-STAY-LATE-PT_04-modelo-costas-close.png
modelos-preta,PALL-STAY-LATE-PT_M2-frente-close.png,PALL-STAY-LATE-PT_05-modelo-frente-close.png
modelos-preta,PALL-STAY-LATE-PT_M3-costas-corpo.png,PALL-STAY-LATE-PT_06-modelo-costas-corpo.png
modelos-preta,PALL-STAY-LATE-PT_M4-frente-corpo.png,PALL-STAY-LATE-PT_07-modelo-frente-corpo.png
mockups-finais,PALL-STICKERS-AZ_01-costas.png,PALL-STICKERS-AZ_01-costas.png
mockups-finais,PALL-STICKERS-AZ_03-inclinada.png,PALL-STICKERS-AZ_02-close.png
mockups-finais,PALL-STICKERS-AZ_02-frente.png,PALL-STICKERS-AZ_03-frente.png
modelos-azul-marinho,PALL-STICKERS-AZ_M1-costas-close.png,PALL-STICKERS-AZ_04-modelo-costas-close.png
modelos-azul-marinho,PALL-STICKERS-AZ_M2-frente-close.png,PALL-STICKERS-AZ_05-modelo-frente-close.png
modelos-azul-marinho,PALL-STICKERS-AZ_M3-costas-corpo.png,PALL-STICKERS-AZ_06-modelo-costas-corpo.png
modelos-azul-marinho,PALL-STICKERS-AZ_M4-frente-corpo.png,PALL-STICKERS-AZ_07-modelo-frente-corpo.png
mockups-finais,PALL-STICKERS-BR_01-costas.png,PALL-STICKERS-BR_01-costas.png
mockups-finais,PALL-STICKERS-BR_03-inclinada.png,PALL-STICKERS-BR_02-close.png
mockups-finais,PALL-STICKERS-BR_02-frente.png,PALL-STICKERS-BR_03-frente.png
modelos-branca,PALL-STICKERS-BR_M1-costas-close.png,PALL-STICKERS-BR_04-modelo-costas-close.png
modelos-branca,PALL-STICKERS-BR_M2-frente-close.png,PALL-STICKERS-BR_05-modelo-frente-close.png
modelos-branca,PALL-STICKERS-BR_M3-costas-corpo.png,PALL-STICKERS-BR_06-modelo-costas-corpo.png
modelos-branca,PALL-STICKERS-BR_M4-frente-corpo.png,PALL-STICKERS-BR_07-modelo-frente-corpo.png
mockups-finais,PALL-STICKERS-OW_01-costas.png,PALL-STICKERS-OW_01-costas.png
mockups-finais,PALL-STICKERS-OW_03-inclinada.png,PALL-STICKERS-OW_02-close.png
mockups-finais,PALL-STICKERS-OW_02-frente.png,PALL-STICKERS-OW_03-frente.png
modelos-off-white,PALL-STICKERS-OW_M1-costas-close.png,PALL-STICKERS-OW_04-modelo-costas-close.png
modelos-off-white,PALL-STICKERS-OW_M2-frente-close.png,PALL-STICKERS-OW_05-modelo-frente-close.png
modelos-off-white,PALL-STICKERS-OW_M3-costas-corpo.png,PALL-STICKERS-OW_06-modelo-costas-corpo.png
modelos-off-white,PALL-STICKERS-OW_M4-frente-corpo.png,PALL-STICKERS-OW_07-modelo-frente-corpo.png
mockups-finais,PALL-STICKERS-PT_01-costas.png,PALL-STICKERS-PT_01-costas.png
mockups-finais,PALL-STICKERS-PT_03-inclinada.png,PALL-STICKERS-PT_02-close.png
mockups-finais,PALL-STICKERS-PT_02-frente.png,PALL-STICKERS-PT_03-frente.png
modelos-preta,PALL-STICKERS-PT_M1-costas-close.png,PALL-STICKERS-PT_04-modelo-costas-close.png
modelos-preta,PALL-STICKERS-PT_M2-frente-close.png,PALL-STICKERS-PT_05-modelo-frente-close.png
modelos-preta,PALL-STICKERS-PT_M3-costas-corpo.png,PALL-STICKERS-PT_06-modelo-costas-corpo.png
modelos-preta,PALL-STICKERS-PT_M4-frente-corpo.png,PALL-STICKERS-PT_07-modelo-frente-corpo.png
mockups-finais,PALL-STOP-BR_01-costas.png,PALL-STOP-BR_01-costas.png
mockups-finais,PALL-STOP-BR_03-inclinada.png,PALL-STOP-BR_02-close.png
mockups-finais,PALL-STOP-BR_02-frente.png,PALL-STOP-BR_03-frente.png
modelos-branca,PALL-STOP-BR_M1-costas-close.png,PALL-STOP-BR_04-modelo-costas-close.png
modelos-branca,PALL-STOP-BR_M2-frente-close.png,PALL-STOP-BR_05-modelo-frente-close.png
modelos-branca,PALL-STOP-BR_M3-costas-corpo.png,PALL-STOP-BR_06-modelo-costas-corpo.png
modelos-branca,PALL-STOP-BR_M4-frente-corpo.png,PALL-STOP-BR_07-modelo-frente-corpo.png
mockups-finais,PALL-STOP-OW_01-costas.png,PALL-STOP-OW_01-costas.png
mockups-finais,PALL-STOP-OW_03-inclinada.png,PALL-STOP-OW_02-close.png
mockups-finais,PALL-STOP-OW_02-frente.png,PALL-STOP-OW_03-frente.png
modelos-off-white,PALL-STOP-OW_M1-costas-close.png,PALL-STOP-OW_04-modelo-costas-close.png
modelos-off-white,PALL-STOP-OW_M2-frente-close.png,PALL-STOP-OW_05-modelo-frente-close.png
modelos-off-white,PALL-STOP-OW_M3-costas-corpo.png,PALL-STOP-OW_06-modelo-costas-corpo.png
modelos-off-white,PALL-STOP-OW_M4-frente-corpo.png,PALL-STOP-OW_07-modelo-frente-corpo.png
mockups-finais,PALL-STOP-PT_01-costas.png,PALL-STOP-PT_01-costas.png
mockups-finais,PALL-STOP-PT_03-inclinada.png,PALL-STOP-PT_02-close.png
mockups-finais,PALL-STOP-PT_02-frente.png,PALL-STOP-PT_03-frente.png
modelos-preta,PALL-STOP-PT_M1-costas-close.png,PALL-STOP-PT_04-modelo-costas-close.png
modelos-preta,PALL-STOP-PT_M2-frente-close.png,PALL-STOP-PT_05-modelo-frente-close.png
modelos-preta,PALL-STOP-PT_M3-costas-corpo.png,PALL-STOP-PT_06-modelo-costas-corpo.png
modelos-preta,PALL-STOP-PT_M4-frente-corpo.png,PALL-STOP-PT_07-modelo-frente-corpo.png
mockups-finais,PALL-STUDIOS-AZ_01-frente.png,PALL-STUDIOS-AZ_01-frente.png
drive-organizacao,PALL-STUDIOS-AZ_02-costas.png,PALL-STUDIOS-AZ_02-costas.png
modelos-azul-marinho,PALL-STUDIOS-AZ_M1-costas-close.png,PALL-STUDIOS-AZ_04-modelo-costas-close.png
modelos-azul-marinho,PALL-STUDIOS-AZ_M2-frente-close.png,PALL-STUDIOS-AZ_05-modelo-frente-close.png
modelos-azul-marinho,PALL-STUDIOS-AZ_M3-costas-corpo.png,PALL-STUDIOS-AZ_06-modelo-costas-corpo.png
modelos-azul-marinho,PALL-STUDIOS-AZ_M4-frente-corpo.png,PALL-STUDIOS-AZ_07-modelo-frente-corpo.png
mockups-finais,PALL-STUDIOS-BR_01-frente.png,PALL-STUDIOS-BR_01-frente.png
drive-organizacao,PALL-STUDIOS-BR_02-costas.png,PALL-STUDIOS-BR_02-costas.png
modelos-branca,PALL-STUDIOS-BR_M1-costas-close.png,PALL-STUDIOS-BR_04-modelo-costas-close.png
modelos-branca,PALL-STUDIOS-BR_M2-frente-close.png,PALL-STUDIOS-BR_05-modelo-frente-close.png
modelos-branca,PALL-STUDIOS-BR_M3-costas-corpo.png,PALL-STUDIOS-BR_06-modelo-costas-corpo.png
modelos-branca,PALL-STUDIOS-BR_M4-frente-corpo.png,PALL-STUDIOS-BR_07-modelo-frente-corpo.png
mockups-finais,PALL-STUDIOS-OW_01-frente.png,PALL-STUDIOS-OW_01-frente.png
drive-organizacao,PALL-STUDIOS-OW_02-costas.png,PALL-STUDIOS-OW_02-costas.png
modelos-off-white,PALL-STUDIOS-OW_M1-costas-close.png,PALL-STUDIOS-OW_04-modelo-costas-close.png
modelos-off-white,PALL-STUDIOS-OW_M2-frente-close.png,PALL-STUDIOS-OW_05-modelo-frente-close.png
modelos-off-white,PALL-STUDIOS-OW_M3-costas-corpo.png,PALL-STUDIOS-OW_06-modelo-costas-corpo.png
modelos-off-white,PALL-STUDIOS-OW_M4-frente-corpo.png,PALL-STUDIOS-OW_07-modelo-frente-corpo.png
mockups-finais,PALL-STUDIOS-PT_01-frente.png,PALL-STUDIOS-PT_01-frente.png
drive-organizacao,PALL-STUDIOS-PT_02-costas.png,PALL-STUDIOS-PT_02-costas.png
modelos-preta,PALL-STUDIOS-PT_M1-costas-close.png,PALL-STUDIOS-PT_04-modelo-costas-close.png
modelos-preta,PALL-STUDIOS-PT_M2-frente-close.png,PALL-STUDIOS-PT_05-modelo-frente-close.png
modelos-preta,PALL-STUDIOS-PT_M3-costas-corpo.png,PALL-STUDIOS-PT_06-modelo-costas-corpo.png
modelos-preta,PALL-STUDIOS-PT_M4-frente-corpo.png,PALL-STUDIOS-PT_07-modelo-frente-corpo.png
mockups-finais,PALL-STYLE-AZ_01-costas.png,PALL-STYLE-AZ_01-costas.png
mockups-finais,PALL-STYLE-AZ_02-frente.png,PALL-STYLE-AZ_02-frente.png
mockups-finais,PALL-STYLE-AZ_03-inclinada.png,PALL-STYLE-AZ_03-close.png
modelos-azul-marinho,PALL-STYLE-AZ_M1-costas-close.png,PALL-STYLE-AZ_04-modelo-costas-close.png
modelos-azul-marinho,PALL-STYLE-AZ_M2-frente-close.png,PALL-STYLE-AZ_05-modelo-frente-close.png
modelos-azul-marinho,PALL-STYLE-AZ_M3-costas-corpo.png,PALL-STYLE-AZ_06-modelo-costas-corpo.png
modelos-azul-marinho,PALL-STYLE-AZ_M4-frente-corpo.png,PALL-STYLE-AZ_07-modelo-frente-corpo.png
mockups-finais,PALL-STYLE-BR_01-costas.png,PALL-STYLE-BR_01-costas.png
mockups-finais,PALL-STYLE-BR_02-frente.png,PALL-STYLE-BR_02-frente.png
mockups-finais,PALL-STYLE-BR_03-inclinada.png,PALL-STYLE-BR_03-close.png
modelos-branca,PALL-STYLE-BR_M1-costas-close.png,PALL-STYLE-BR_04-modelo-costas-close.png
modelos-branca,PALL-STYLE-BR_M2-frente-close.png,PALL-STYLE-BR_05-modelo-frente-close.png
modelos-branca,PALL-STYLE-BR_M3-costas-corpo.png,PALL-STYLE-BR_06-modelo-costas-corpo.png
modelos-branca,PALL-STYLE-BR_M4-frente-corpo.png,PALL-STYLE-BR_07-modelo-frente-corpo.png
mockups-finais,PALL-STYLE-OW_01-costas.png,PALL-STYLE-OW_01-costas.png
mockups-finais,PALL-STYLE-OW_02-frente.png,PALL-STYLE-OW_02-frente.png
mockups-finais,PALL-STYLE-OW_03-inclinada.png,PALL-STYLE-OW_03-close.png
modelos-off-white,PALL-STYLE-OW_M1-costas-close.png,PALL-STYLE-OW_04-modelo-costas-close.png
modelos-off-white,PALL-STYLE-OW_M2-frente-close.png,PALL-STYLE-OW_05-modelo-frente-close.png
modelos-off-white,PALL-STYLE-OW_M3-costas-corpo.png,PALL-STYLE-OW_06-modelo-costas-corpo.png
modelos-off-white,PALL-STYLE-OW_M4-frente-corpo.png,PALL-STYLE-OW_07-modelo-frente-corpo.png
mockups-finais,PALL-STYLE-PT_01-costas.png,PALL-STYLE-PT_01-costas.png
mockups-finais,PALL-STYLE-PT_02-frente.png,PALL-STYLE-PT_02-frente.png
mockups-finais,PALL-STYLE-PT_03-inclinada.png,PALL-STYLE-PT_03-close.png
modelos-preta,PALL-STYLE-PT_M1-costas-close.png,PALL-STYLE-PT_04-modelo-costas-close.png
modelos-preta,PALL-STYLE-PT_M2-frente-close.png,PALL-STYLE-PT_05-modelo-frente-close.png
modelos-preta,PALL-STYLE-PT_M3-costas-corpo.png,PALL-STYLE-PT_06-modelo-costas-corpo.png
modelos-preta,PALL-STYLE-PT_M4-frente-corpo.png,PALL-STYLE-PT_07-modelo-frente-corpo.png
mockups-finais,PALL-SUCCESS-BR_01-costas.png,PALL-SUCCESS-BR_01-costas.png
mockups-finais,PALL-SUCCESS-BR_02-frente.png,PALL-SUCCESS-BR_02-frente.png
mockups-finais,PALL-SUCCESS-BR_03-inclinada.png,PALL-SUCCESS-BR_03-close.png
modelos-branca,PALL-SUCCESS-BR_M1-costas-close.png,PALL-SUCCESS-BR_04-modelo-costas-close.png
modelos-branca,PALL-SUCCESS-BR_M2-frente-close.png,PALL-SUCCESS-BR_05-modelo-frente-close.png
modelos-branca,PALL-SUCCESS-BR_M3-costas-corpo.png,PALL-SUCCESS-BR_06-modelo-costas-corpo.png
modelos-branca,PALL-SUCCESS-BR_M4-frente-corpo.png,PALL-SUCCESS-BR_07-modelo-frente-corpo.png
mockups-finais,PALL-SUCCESS-OW_01-costas.png,PALL-SUCCESS-OW_01-costas.png
mockups-finais,PALL-SUCCESS-OW_02-frente.png,PALL-SUCCESS-OW_02-frente.png
mockups-finais,PALL-SUCCESS-OW_03-inclinada.png,PALL-SUCCESS-OW_03-close.png
modelos-off-white,PALL-SUCCESS-OW_M1-costas-close.png,PALL-SUCCESS-OW_04-modelo-costas-close.png
modelos-off-white,PALL-SUCCESS-OW_M2-frente-close.png,PALL-SUCCESS-OW_05-modelo-frente-close.png
modelos-off-white,PALL-SUCCESS-OW_M3-costas-corpo.png,PALL-SUCCESS-OW_06-modelo-costas-corpo.png
modelos-off-white,PALL-SUCCESS-OW_M4-frente-corpo.png,PALL-SUCCESS-OW_07-modelo-frente-corpo.png
mockups-finais,PALL-SUCCESS-PT_01-costas.png,PALL-SUCCESS-PT_01-costas.png
mockups-finais,PALL-SUCCESS-PT_02-frente.png,PALL-SUCCESS-PT_02-frente.png
mockups-finais,PALL-SUCCESS-PT_03-inclinada.png,PALL-SUCCESS-PT_03-close.png
modelos-preta,PALL-SUCCESS-PT_M1-costas-close.png,PALL-SUCCESS-PT_04-modelo-costas-close.png
modelos-preta,PALL-SUCCESS-PT_M2-frente-close.png,PALL-SUCCESS-PT_05-modelo-frente-close.png
modelos-preta,PALL-SUCCESS-PT_M3-costas-corpo.png,PALL-SUCCESS-PT_06-modelo-costas-corpo.png
modelos-preta,PALL-SUCCESS-PT_M4-frente-corpo.png,PALL-SUCCESS-PT_07-modelo-frente-corpo.png
mockups-finais,PALL-SUMMER-AZ_01-costas.png,PALL-SUMMER-AZ_01-costas.png
mockups-finais,PALL-SUMMER-AZ_02-frente.png,PALL-SUMMER-AZ_02-frente.png
mockups-finais,PALL-SUMMER-AZ_03-inclinada.png,PALL-SUMMER-AZ_03-close.png
modelos-azul-marinho,PALL-SUMMER-AZ_M1-costas-close.png,PALL-SUMMER-AZ_04-modelo-costas-close.png
modelos-azul-marinho,PALL-SUMMER-AZ_M2-frente-close.png,PALL-SUMMER-AZ_05-modelo-frente-close.png
modelos-azul-marinho,PALL-SUMMER-AZ_M3-costas-corpo.png,PALL-SUMMER-AZ_06-modelo-costas-corpo.png
modelos-azul-marinho,PALL-SUMMER-AZ_M4-frente-corpo.png,PALL-SUMMER-AZ_07-modelo-frente-corpo.png
mockups-finais,PALL-SUMMER-BR_01-costas.png,PALL-SUMMER-BR_01-costas.png
mockups-finais,PALL-SUMMER-BR_02-frente.png,PALL-SUMMER-BR_02-frente.png
mockups-finais,PALL-SUMMER-BR_03-inclinada.png,PALL-SUMMER-BR_03-close.png
modelos-branca,PALL-SUMMER-BR_M1-costas-close.png,PALL-SUMMER-BR_04-modelo-costas-close.png
modelos-branca,PALL-SUMMER-BR_M2-frente-close.png,PALL-SUMMER-BR_05-modelo-frente-close.png
modelos-branca,PALL-SUMMER-BR_M3-costas-corpo.png,PALL-SUMMER-BR_06-modelo-costas-corpo.png
modelos-branca,PALL-SUMMER-BR_M4-frente-corpo.png,PALL-SUMMER-BR_07-modelo-frente-corpo.png
mockups-finais,PALL-SUMMER-OW_01-costas.png,PALL-SUMMER-OW_01-costas.png
mockups-finais,PALL-SUMMER-OW_02-frente.png,PALL-SUMMER-OW_02-frente.png
mockups-finais,PALL-SUMMER-OW_03-inclinada.png,PALL-SUMMER-OW_03-close.png
modelos-off-white,PALL-SUMMER-OW_M1-costas-close.png,PALL-SUMMER-OW_04-modelo-costas-close.png
modelos-off-white,PALL-SUMMER-OW_M2-frente-close.png,PALL-SUMMER-OW_05-modelo-frente-close.png
modelos-off-white,PALL-SUMMER-OW_M3-costas-corpo.png,PALL-SUMMER-OW_06-modelo-costas-corpo.png
modelos-off-white,PALL-SUMMER-OW_M4-frente-corpo.png,PALL-SUMMER-OW_07-modelo-frente-corpo.png
mockups-finais,PALL-SUMMER-PT_01-costas.png,PALL-SUMMER-PT_01-costas.png
mockups-finais,PALL-SUMMER-PT_02-frente.png,PALL-SUMMER-PT_02-frente.png
mockups-finais,PALL-SUMMER-PT_03-inclinada.png,PALL-SUMMER-PT_03-close.png
modelos-preta,PALL-SUMMER-PT_M1-costas-close.png,PALL-SUMMER-PT_04-modelo-costas-close.png
modelos-preta,PALL-SUMMER-PT_M2-frente-close.png,PALL-SUMMER-PT_05-modelo-frente-close.png
modelos-preta,PALL-SUMMER-PT_M3-costas-corpo.png,PALL-SUMMER-PT_06-modelo-costas-corpo.png
modelos-preta,PALL-SUMMER-PT_M4-frente-corpo.png,PALL-SUMMER-PT_07-modelo-frente-corpo.png
mockups-finais,PALL-SUMMER-WITH-MONEY-BR_01-costas.png,PALL-SUMMER-WITH-MONEY-BR_01-costas.png
mockups-finais,PALL-SUMMER-WITH-MONEY-BR_03-inclinada.png,PALL-SUMMER-WITH-MONEY-BR_02-close.png
mockups-finais,PALL-SUMMER-WITH-MONEY-BR_02-frente.png,PALL-SUMMER-WITH-MONEY-BR_03-frente.png
modelos-branca,PALL-SUMMER-WITH-MONEY-BR_M1-costas-close.png,PALL-SUMMER-WITH-MONEY-BR_04-modelo-costas-close.png
modelos-branca,PALL-SUMMER-WITH-MONEY-BR_M2-frente-close.png,PALL-SUMMER-WITH-MONEY-BR_05-modelo-frente-close.png
modelos-branca,PALL-SUMMER-WITH-MONEY-BR_M3-costas-corpo.png,PALL-SUMMER-WITH-MONEY-BR_06-modelo-costas-corpo.png
modelos-branca,PALL-SUMMER-WITH-MONEY-BR_M4-frente-corpo.png,PALL-SUMMER-WITH-MONEY-BR_07-modelo-frente-corpo.png
mockups-finais,PALL-SUMMER-WITH-MONEY-OW_01-costas.png,PALL-SUMMER-WITH-MONEY-OW_01-costas.png
mockups-finais,PALL-SUMMER-WITH-MONEY-OW_03-inclinada.png,PALL-SUMMER-WITH-MONEY-OW_02-close.png
mockups-finais,PALL-SUMMER-WITH-MONEY-OW_02-frente.png,PALL-SUMMER-WITH-MONEY-OW_03-frente.png
modelos-off-white,PALL-SUMMER-WITH-MONEY-OW_M1-costas-close.png,PALL-SUMMER-WITH-MONEY-OW_04-modelo-costas-close.png
modelos-off-white,PALL-SUMMER-WITH-MONEY-OW_M2-frente-close.png,PALL-SUMMER-WITH-MONEY-OW_05-modelo-frente-close.png
modelos-off-white,PALL-SUMMER-WITH-MONEY-OW_M3-costas-corpo.png,PALL-SUMMER-WITH-MONEY-OW_06-modelo-costas-corpo.png
modelos-off-white,PALL-SUMMER-WITH-MONEY-OW_M4-frente-corpo.png,PALL-SUMMER-WITH-MONEY-OW_07-modelo-frente-corpo.png
mockups-finais,PALL-SUMMER-WITH-MONEY-PT_01-costas.png,PALL-SUMMER-WITH-MONEY-PT_01-costas.png
mockups-finais,PALL-SUMMER-WITH-MONEY-PT_03-inclinada.png,PALL-SUMMER-WITH-MONEY-PT_02-close.png
mockups-finais,PALL-SUMMER-WITH-MONEY-PT_02-frente.png,PALL-SUMMER-WITH-MONEY-PT_03-frente.png
modelos-preta,PALL-SUMMER-WITH-MONEY-PT_M1-costas-close.png,PALL-SUMMER-WITH-MONEY-PT_04-modelo-costas-close.png
modelos-preta,PALL-SUMMER-WITH-MONEY-PT_M2-frente-close.png,PALL-SUMMER-WITH-MONEY-PT_05-modelo-frente-close.png
modelos-preta,PALL-SUMMER-WITH-MONEY-PT_M3-costas-corpo.png,PALL-SUMMER-WITH-MONEY-PT_06-modelo-costas-corpo.png
modelos-preta,PALL-SUMMER-WITH-MONEY-PT_M4-frente-corpo.png,PALL-SUMMER-WITH-MONEY-PT_07-modelo-frente-corpo.png
mockups-finais,PALL-SUNRISE-AZ_01-costas.png,PALL-SUNRISE-AZ_01-costas.png
mockups-finais,PALL-SUNRISE-AZ_03-inclinada.png,PALL-SUNRISE-AZ_02-close.png
mockups-finais,PALL-SUNRISE-AZ_02-frente.png,PALL-SUNRISE-AZ_03-frente.png
modelos-azul-marinho,PALL-SUNRISE-AZ_M1-costas-close.png,PALL-SUNRISE-AZ_04-modelo-costas-close.png
modelos-azul-marinho,PALL-SUNRISE-AZ_M2-frente-close.png,PALL-SUNRISE-AZ_05-modelo-frente-close.png
modelos-azul-marinho,PALL-SUNRISE-AZ_M3-costas-corpo.png,PALL-SUNRISE-AZ_06-modelo-costas-corpo.png
modelos-azul-marinho,PALL-SUNRISE-AZ_M4-frente-corpo.png,PALL-SUNRISE-AZ_07-modelo-frente-corpo.png
mockups-finais,PALL-SUNRISE-BR_01-costas.png,PALL-SUNRISE-BR_01-costas.png
mockups-finais,PALL-SUNRISE-BR_03-inclinada.png,PALL-SUNRISE-BR_02-close.png
mockups-finais,PALL-SUNRISE-BR_02-frente.png,PALL-SUNRISE-BR_03-frente.png
modelos-branca,PALL-SUNRISE-BR_M1-costas-close.png,PALL-SUNRISE-BR_04-modelo-costas-close.png
modelos-branca,PALL-SUNRISE-BR_M2-frente-close.png,PALL-SUNRISE-BR_05-modelo-frente-close.png
modelos-branca,PALL-SUNRISE-BR_M3-costas-corpo.png,PALL-SUNRISE-BR_06-modelo-costas-corpo.png
modelos-branca,PALL-SUNRISE-BR_M4-frente-corpo.png,PALL-SUNRISE-BR_07-modelo-frente-corpo.png
mockups-finais,PALL-SUNRISE-OW_01-costas.png,PALL-SUNRISE-OW_01-costas.png
mockups-finais,PALL-SUNRISE-OW_03-inclinada.png,PALL-SUNRISE-OW_02-close.png
mockups-finais,PALL-SUNRISE-OW_02-frente.png,PALL-SUNRISE-OW_03-frente.png
modelos-off-white,PALL-SUNRISE-OW_M1-costas-close.png,PALL-SUNRISE-OW_04-modelo-costas-close.png
modelos-off-white,PALL-SUNRISE-OW_M2-frente-close.png,PALL-SUNRISE-OW_05-modelo-frente-close.png
modelos-off-white,PALL-SUNRISE-OW_M3-costas-corpo.png,PALL-SUNRISE-OW_06-modelo-costas-corpo.png
modelos-off-white,PALL-SUNRISE-OW_M4-frente-corpo.png,PALL-SUNRISE-OW_07-modelo-frente-corpo.png
mockups-finais,PALL-SUNRISE-PT_01-costas.png,PALL-SUNRISE-PT_01-costas.png
mockups-finais,PALL-SUNRISE-PT_03-inclinada.png,PALL-SUNRISE-PT_02-close.png
mockups-finais,PALL-SUNRISE-PT_02-frente.png,PALL-SUNRISE-PT_03-frente.png
modelos-preta,PALL-SUNRISE-PT_M1-costas-close.png,PALL-SUNRISE-PT_04-modelo-costas-close.png
modelos-preta,PALL-SUNRISE-PT_M2-frente-close.png,PALL-SUNRISE-PT_05-modelo-frente-close.png
modelos-preta,PALL-SUNRISE-PT_M3-costas-corpo.png,PALL-SUNRISE-PT_06-modelo-costas-corpo.png
modelos-preta,PALL-SUNRISE-PT_M4-frente-corpo.png,PALL-SUNRISE-PT_07-modelo-frente-corpo.png
mockups-finais,PALL-TENNIS-AZ_01-costas.png,PALL-TENNIS-AZ_01-costas.png
mockups-finais,PALL-TENNIS-AZ_03-inclinada.png,PALL-TENNIS-AZ_02-close.png
mockups-finais,PALL-TENNIS-AZ_02-frente.png,PALL-TENNIS-AZ_03-frente.png
modelos-azul-marinho,PALL-TENNIS-AZ_M1-costas-close.png,PALL-TENNIS-AZ_04-modelo-costas-close.png
modelos-azul-marinho,PALL-TENNIS-AZ_M2-frente-close.png,PALL-TENNIS-AZ_05-modelo-frente-close.png
modelos-azul-marinho,PALL-TENNIS-AZ_M3-costas-corpo.png,PALL-TENNIS-AZ_06-modelo-costas-corpo.png
modelos-azul-marinho,PALL-TENNIS-AZ_M4-frente-corpo.png,PALL-TENNIS-AZ_07-modelo-frente-corpo.png
mockups-finais,PALL-TENNIS-BR_01-costas.png,PALL-TENNIS-BR_01-costas.png
mockups-finais,PALL-TENNIS-BR_03-inclinada.png,PALL-TENNIS-BR_02-close.png
mockups-finais,PALL-TENNIS-BR_02-frente.png,PALL-TENNIS-BR_03-frente.png
modelos-branca,PALL-TENNIS-BR_M1-costas-close.png,PALL-TENNIS-BR_04-modelo-costas-close.png
modelos-branca,PALL-TENNIS-BR_M2-frente-close.png,PALL-TENNIS-BR_05-modelo-frente-close.png
modelos-branca,PALL-TENNIS-BR_M3-costas-corpo.png,PALL-TENNIS-BR_06-modelo-costas-corpo.png
modelos-branca,PALL-TENNIS-BR_M4-frente-corpo.png,PALL-TENNIS-BR_07-modelo-frente-corpo.png
mockups-finais,PALL-TENNIS-OW_01-costas.png,PALL-TENNIS-OW_01-costas.png
mockups-finais,PALL-TENNIS-OW_03-inclinada.png,PALL-TENNIS-OW_02-close.png
mockups-finais,PALL-TENNIS-OW_02-frente.png,PALL-TENNIS-OW_03-frente.png
modelos-off-white,PALL-TENNIS-OW_M1-costas-close.png,PALL-TENNIS-OW_04-modelo-costas-close.png
modelos-off-white,PALL-TENNIS-OW_M2-frente-close.png,PALL-TENNIS-OW_05-modelo-frente-close.png
modelos-off-white,PALL-TENNIS-OW_M3-costas-corpo.png,PALL-TENNIS-OW_06-modelo-costas-corpo.png
modelos-off-white,PALL-TENNIS-OW_M4-frente-corpo.png,PALL-TENNIS-OW_07-modelo-frente-corpo.png
mockups-finais,PALL-TENNIS-PT_01-costas.png,PALL-TENNIS-PT_01-costas.png
mockups-finais,PALL-TENNIS-PT_03-inclinada.png,PALL-TENNIS-PT_02-close.png
mockups-finais,PALL-TENNIS-PT_02-frente.png,PALL-TENNIS-PT_03-frente.png
modelos-preta,PALL-TENNIS-PT_M1-costas-close.png,PALL-TENNIS-PT_04-modelo-costas-close.png
modelos-preta,PALL-TENNIS-PT_M2-frente-close.png,PALL-TENNIS-PT_05-modelo-frente-close.png
modelos-preta,PALL-TENNIS-PT_M3-costas-corpo.png,PALL-TENNIS-PT_06-modelo-costas-corpo.png
modelos-preta,PALL-TENNIS-PT_M4-frente-corpo.png,PALL-TENNIS-PT_07-modelo-frente-corpo.png
mockups-finais,PALL-TEQUILA-AZ_01-costas.png,PALL-TEQUILA-AZ_01-costas.png
mockups-finais,PALL-TEQUILA-AZ_03-inclinada.png,PALL-TEQUILA-AZ_02-close.png
mockups-finais,PALL-TEQUILA-AZ_02-frente.png,PALL-TEQUILA-AZ_03-frente.png
modelos-azul-marinho,PALL-TEQUILA-AZ_M1-costas-close.png,PALL-TEQUILA-AZ_04-modelo-costas-close.png
modelos-azul-marinho,PALL-TEQUILA-AZ_M2-frente-close.png,PALL-TEQUILA-AZ_05-modelo-frente-close.png
modelos-azul-marinho,PALL-TEQUILA-AZ_M3-costas-corpo.png,PALL-TEQUILA-AZ_06-modelo-costas-corpo.png
modelos-azul-marinho,PALL-TEQUILA-AZ_M4-frente-corpo.png,PALL-TEQUILA-AZ_07-modelo-frente-corpo.png
mockups-finais,PALL-TEQUILA-BR_01-costas.png,PALL-TEQUILA-BR_01-costas.png
mockups-finais,PALL-TEQUILA-BR_03-inclinada.png,PALL-TEQUILA-BR_02-close.png
mockups-finais,PALL-TEQUILA-BR_02-frente.png,PALL-TEQUILA-BR_03-frente.png
modelos-branca,PALL-TEQUILA-BR_M1-costas-close.png,PALL-TEQUILA-BR_04-modelo-costas-close.png
modelos-branca,PALL-TEQUILA-BR_M2-frente-close.png,PALL-TEQUILA-BR_05-modelo-frente-close.png
modelos-branca,PALL-TEQUILA-BR_M3-costas-corpo.png,PALL-TEQUILA-BR_06-modelo-costas-corpo.png
modelos-branca,PALL-TEQUILA-BR_M4-frente-corpo.png,PALL-TEQUILA-BR_07-modelo-frente-corpo.png
mockups-finais,PALL-TEQUILA-OW_01-costas.png,PALL-TEQUILA-OW_01-costas.png
mockups-finais,PALL-TEQUILA-OW_03-inclinada.png,PALL-TEQUILA-OW_02-close.png
mockups-finais,PALL-TEQUILA-OW_02-frente.png,PALL-TEQUILA-OW_03-frente.png
modelos-off-white,PALL-TEQUILA-OW_M1-costas-close.png,PALL-TEQUILA-OW_04-modelo-costas-close.png
modelos-off-white,PALL-TEQUILA-OW_M2-frente-close.png,PALL-TEQUILA-OW_05-modelo-frente-close.png
modelos-off-white,PALL-TEQUILA-OW_M3-costas-corpo.png,PALL-TEQUILA-OW_06-modelo-costas-corpo.png
modelos-off-white,PALL-TEQUILA-OW_M4-frente-corpo.png,PALL-TEQUILA-OW_07-modelo-frente-corpo.png
mockups-finais,PALL-TEQUILA-PT_01-costas.png,PALL-TEQUILA-PT_01-costas.png
mockups-finais,PALL-TEQUILA-PT_03-inclinada.png,PALL-TEQUILA-PT_02-close.png
mockups-finais,PALL-TEQUILA-PT_02-frente.png,PALL-TEQUILA-PT_03-frente.png
modelos-preta,PALL-TEQUILA-PT_M1-costas-close.png,PALL-TEQUILA-PT_04-modelo-costas-close.png
modelos-preta,PALL-TEQUILA-PT_M2-frente-close.png,PALL-TEQUILA-PT_05-modelo-frente-close.png
modelos-preta,PALL-TEQUILA-PT_M3-costas-corpo.png,PALL-TEQUILA-PT_06-modelo-costas-corpo.png
modelos-preta,PALL-TEQUILA-PT_M4-frente-corpo.png,PALL-TEQUILA-PT_07-modelo-frente-corpo.png
mockups-finais,PALL-TEXT-BACK-BR_01-costas.png,PALL-TEXT-BACK-BR_01-costas.png
mockups-finais,PALL-TEXT-BACK-BR_03-inclinada.png,PALL-TEXT-BACK-BR_02-close.png
mockups-finais,PALL-TEXT-BACK-BR_02-frente.png,PALL-TEXT-BACK-BR_03-frente.png
modelos-branca,PALL-TEXT-BACK-BR_M1-costas-close.png,PALL-TEXT-BACK-BR_04-modelo-costas-close.png
modelos-branca,PALL-TEXT-BACK-BR_M2-frente-close.png,PALL-TEXT-BACK-BR_05-modelo-frente-close.png
modelos-branca,PALL-TEXT-BACK-BR_M3-costas-corpo.png,PALL-TEXT-BACK-BR_06-modelo-costas-corpo.png
modelos-branca,PALL-TEXT-BACK-BR_M4-frente-corpo.png,PALL-TEXT-BACK-BR_07-modelo-frente-corpo.png
mockups-finais,PALL-TEXT-BACK-OW_01-costas.png,PALL-TEXT-BACK-OW_01-costas.png
mockups-finais,PALL-TEXT-BACK-OW_03-inclinada.png,PALL-TEXT-BACK-OW_02-close.png
mockups-finais,PALL-TEXT-BACK-OW_02-frente.png,PALL-TEXT-BACK-OW_03-frente.png
modelos-off-white,PALL-TEXT-BACK-OW_M1-costas-close.png,PALL-TEXT-BACK-OW_04-modelo-costas-close.png
modelos-off-white,PALL-TEXT-BACK-OW_M2-frente-close.png,PALL-TEXT-BACK-OW_05-modelo-frente-close.png
modelos-off-white,PALL-TEXT-BACK-OW_M3-costas-corpo.png,PALL-TEXT-BACK-OW_06-modelo-costas-corpo.png
modelos-off-white,PALL-TEXT-BACK-OW_M4-frente-corpo.png,PALL-TEXT-BACK-OW_07-modelo-frente-corpo.png
mockups-finais,PALL-TEXT-BACK-PT_01-costas.png,PALL-TEXT-BACK-PT_01-costas.png
mockups-finais,PALL-TEXT-BACK-PT_03-inclinada.png,PALL-TEXT-BACK-PT_02-close.png
mockups-finais,PALL-TEXT-BACK-PT_02-frente.png,PALL-TEXT-BACK-PT_03-frente.png
modelos-preta,PALL-TEXT-BACK-PT_M1-costas-close.png,PALL-TEXT-BACK-PT_04-modelo-costas-close.png
modelos-preta,PALL-TEXT-BACK-PT_M2-frente-close.png,PALL-TEXT-BACK-PT_05-modelo-frente-close.png
modelos-preta,PALL-TEXT-BACK-PT_M3-costas-corpo.png,PALL-TEXT-BACK-PT_06-modelo-costas-corpo.png
modelos-preta,PALL-TEXT-BACK-PT_M4-frente-corpo.png,PALL-TEXT-BACK-PT_07-modelo-frente-corpo.png
mockups-finais,PALL-THE-STADIUM-AZ_01-costas.png,PALL-THE-STADIUM-AZ_01-costas.png
mockups-finais,PALL-THE-STADIUM-AZ_03-inclinada.png,PALL-THE-STADIUM-AZ_02-close.png
mockups-finais,PALL-THE-STADIUM-AZ_02-frente.png,PALL-THE-STADIUM-AZ_03-frente.png
modelos-azul-marinho,PALL-THE-STADIUM-AZ_M1-costas-close.png,PALL-THE-STADIUM-AZ_04-modelo-costas-close.png
modelos-azul-marinho,PALL-THE-STADIUM-AZ_M2-frente-close.png,PALL-THE-STADIUM-AZ_05-modelo-frente-close.png
modelos-azul-marinho,PALL-THE-STADIUM-AZ_M3-costas-corpo.png,PALL-THE-STADIUM-AZ_06-modelo-costas-corpo.png
modelos-azul-marinho,PALL-THE-STADIUM-AZ_M4-frente-corpo.png,PALL-THE-STADIUM-AZ_07-modelo-frente-corpo.png
mockups-finais,PALL-THE-STADIUM-BR_01-costas.png,PALL-THE-STADIUM-BR_01-costas.png
mockups-finais,PALL-THE-STADIUM-BR_03-inclinada.png,PALL-THE-STADIUM-BR_02-close.png
mockups-finais,PALL-THE-STADIUM-BR_02-frente.png,PALL-THE-STADIUM-BR_03-frente.png
modelos-branca,PALL-THE-STADIUM-BR_M1-costas-close.png,PALL-THE-STADIUM-BR_04-modelo-costas-close.png
modelos-branca,PALL-THE-STADIUM-BR_M2-frente-close.png,PALL-THE-STADIUM-BR_05-modelo-frente-close.png
modelos-branca,PALL-THE-STADIUM-BR_M3-costas-corpo.png,PALL-THE-STADIUM-BR_06-modelo-costas-corpo.png
modelos-branca,PALL-THE-STADIUM-BR_M4-frente-corpo.png,PALL-THE-STADIUM-BR_07-modelo-frente-corpo.png
mockups-finais,PALL-THE-STADIUM-OW_01-costas.png,PALL-THE-STADIUM-OW_01-costas.png
mockups-finais,PALL-THE-STADIUM-OW_03-inclinada.png,PALL-THE-STADIUM-OW_02-close.png
mockups-finais,PALL-THE-STADIUM-OW_02-frente.png,PALL-THE-STADIUM-OW_03-frente.png
modelos-off-white,PALL-THE-STADIUM-OW_M1-costas-close.png,PALL-THE-STADIUM-OW_04-modelo-costas-close.png
modelos-off-white,PALL-THE-STADIUM-OW_M2-frente-close.png,PALL-THE-STADIUM-OW_05-modelo-frente-close.png
modelos-off-white,PALL-THE-STADIUM-OW_M3-costas-corpo.png,PALL-THE-STADIUM-OW_06-modelo-costas-corpo.png
modelos-off-white,PALL-THE-STADIUM-OW_M4-frente-corpo.png,PALL-THE-STADIUM-OW_07-modelo-frente-corpo.png
mockups-finais,PALL-THE-STADIUM-PT_01-costas.png,PALL-THE-STADIUM-PT_01-costas.png
mockups-finais,PALL-THE-STADIUM-PT_03-inclinada.png,PALL-THE-STADIUM-PT_02-close.png
mockups-finais,PALL-THE-STADIUM-PT_02-frente.png,PALL-THE-STADIUM-PT_03-frente.png
modelos-preta,PALL-THE-STADIUM-PT_M1-costas-close.png,PALL-THE-STADIUM-PT_04-modelo-costas-close.png
modelos-preta,PALL-THE-STADIUM-PT_M2-frente-close.png,PALL-THE-STADIUM-PT_05-modelo-frente-close.png
modelos-preta,PALL-THE-STADIUM-PT_M3-costas-corpo.png,PALL-THE-STADIUM-PT_06-modelo-costas-corpo.png
modelos-preta,PALL-THE-STADIUM-PT_M4-frente-corpo.png,PALL-THE-STADIUM-PT_07-modelo-frente-corpo.png
mockups-finais,PALL-THE-SUN-BR_01-costas.png,PALL-THE-SUN-BR_01-costas.png
mockups-finais,PALL-THE-SUN-BR_03-inclinada.png,PALL-THE-SUN-BR_02-close.png
mockups-finais,PALL-THE-SUN-BR_02-frente.png,PALL-THE-SUN-BR_03-frente.png
modelos-branca,PALL-THE-SUN-BR_M1-costas-close.png,PALL-THE-SUN-BR_04-modelo-costas-close.png
modelos-branca,PALL-THE-SUN-BR_M2-frente-close.png,PALL-THE-SUN-BR_05-modelo-frente-close.png
modelos-branca,PALL-THE-SUN-BR_M3-costas-corpo.png,PALL-THE-SUN-BR_06-modelo-costas-corpo.png
modelos-branca,PALL-THE-SUN-BR_M4-frente-corpo.png,PALL-THE-SUN-BR_07-modelo-frente-corpo.png
mockups-finais,PALL-THE-SUN-OW_01-costas.png,PALL-THE-SUN-OW_01-costas.png
mockups-finais,PALL-THE-SUN-OW_03-inclinada.png,PALL-THE-SUN-OW_02-close.png
mockups-finais,PALL-THE-SUN-OW_02-frente.png,PALL-THE-SUN-OW_03-frente.png
modelos-off-white,PALL-THE-SUN-OW_M1-costas-close.png,PALL-THE-SUN-OW_04-modelo-costas-close.png
modelos-off-white,PALL-THE-SUN-OW_M2-frente-close.png,PALL-THE-SUN-OW_05-modelo-frente-close.png
modelos-off-white,PALL-THE-SUN-OW_M3-costas-corpo.png,PALL-THE-SUN-OW_06-modelo-costas-corpo.png
modelos-off-white,PALL-THE-SUN-OW_M4-frente-corpo.png,PALL-THE-SUN-OW_07-modelo-frente-corpo.png
mockups-finais,PALL-THE-SUN-PT_01-costas.png,PALL-THE-SUN-PT_01-costas.png
mockups-finais,PALL-THE-SUN-PT_03-inclinada.png,PALL-THE-SUN-PT_02-close.png
mockups-finais,PALL-THE-SUN-PT_02-frente.png,PALL-THE-SUN-PT_03-frente.png
modelos-preta,PALL-THE-SUN-PT_M1-costas-close.png,PALL-THE-SUN-PT_04-modelo-costas-close.png
modelos-preta,PALL-THE-SUN-PT_M2-frente-close.png,PALL-THE-SUN-PT_05-modelo-frente-close.png
modelos-preta,PALL-THE-SUN-PT_M3-costas-corpo.png,PALL-THE-SUN-PT_06-modelo-costas-corpo.png
modelos-preta,PALL-THE-SUN-PT_M4-frente-corpo.png,PALL-THE-SUN-PT_07-modelo-frente-corpo.png
mockups-finais,PALL-THERAPIST-BR_01-costas.png,PALL-THERAPIST-BR_01-costas.png
mockups-finais,PALL-THERAPIST-BR_03-inclinada.png,PALL-THERAPIST-BR_02-close.png
mockups-finais,PALL-THERAPIST-BR_02-frente.png,PALL-THERAPIST-BR_03-frente.png
modelos-branca,PALL-THERAPIST-BR_M1-costas-close.png,PALL-THERAPIST-BR_04-modelo-costas-close.png
modelos-branca,PALL-THERAPIST-BR_M2-frente-close.png,PALL-THERAPIST-BR_05-modelo-frente-close.png
modelos-branca,PALL-THERAPIST-BR_M3-costas-corpo.png,PALL-THERAPIST-BR_06-modelo-costas-corpo.png
modelos-branca,PALL-THERAPIST-BR_M4-frente-corpo.png,PALL-THERAPIST-BR_07-modelo-frente-corpo.png
mockups-finais,PALL-THERAPIST-OW_01-costas.png,PALL-THERAPIST-OW_01-costas.png
mockups-finais,PALL-THERAPIST-OW_03-inclinada.png,PALL-THERAPIST-OW_02-close.png
mockups-finais,PALL-THERAPIST-OW_02-frente.png,PALL-THERAPIST-OW_03-frente.png
modelos-off-white,PALL-THERAPIST-OW_M1-costas-close.png,PALL-THERAPIST-OW_04-modelo-costas-close.png
modelos-off-white,PALL-THERAPIST-OW_M2-frente-close.png,PALL-THERAPIST-OW_05-modelo-frente-close.png
modelos-off-white,PALL-THERAPIST-OW_M3-costas-corpo.png,PALL-THERAPIST-OW_06-modelo-costas-corpo.png
modelos-off-white,PALL-THERAPIST-OW_M4-frente-corpo.png,PALL-THERAPIST-OW_07-modelo-frente-corpo.png
mockups-finais,PALL-THERAPIST-PT_01-costas.png,PALL-THERAPIST-PT_01-costas.png
mockups-finais,PALL-THERAPIST-PT_03-inclinada.png,PALL-THERAPIST-PT_02-close.png
mockups-finais,PALL-THERAPIST-PT_02-frente.png,PALL-THERAPIST-PT_03-frente.png
modelos-preta,PALL-THERAPIST-PT_M1-costas-close.png,PALL-THERAPIST-PT_04-modelo-costas-close.png
modelos-preta,PALL-THERAPIST-PT_M2-frente-close.png,PALL-THERAPIST-PT_05-modelo-frente-close.png
modelos-preta,PALL-THERAPIST-PT_M3-costas-corpo.png,PALL-THERAPIST-PT_06-modelo-costas-corpo.png
modelos-preta,PALL-THERAPIST-PT_M4-frente-corpo.png,PALL-THERAPIST-PT_07-modelo-frente-corpo.png
mockups-finais,PALL-TOBACCO-BR_01-costas.png,PALL-TOBACCO-BR_01-costas.png
mockups-finais,PALL-TOBACCO-BR_02-frente.png,PALL-TOBACCO-BR_02-frente.png
mockups-finais,PALL-TOBACCO-BR_03-inclinada.png,PALL-TOBACCO-BR_03-close.png
modelos-branca,PALL-TOBACCO-BR_M1-costas-close.png,PALL-TOBACCO-BR_04-modelo-costas-close.png
modelos-branca,PALL-TOBACCO-BR_M2-frente-close.png,PALL-TOBACCO-BR_05-modelo-frente-close.png
modelos-branca,PALL-TOBACCO-BR_M3-costas-corpo.png,PALL-TOBACCO-BR_06-modelo-costas-corpo.png
modelos-branca,PALL-TOBACCO-BR_M4-frente-corpo.png,PALL-TOBACCO-BR_07-modelo-frente-corpo.png
mockups-finais,PALL-TOBACCO-OW_01-costas.png,PALL-TOBACCO-OW_01-costas.png
mockups-finais,PALL-TOBACCO-OW_02-frente.png,PALL-TOBACCO-OW_02-frente.png
mockups-finais,PALL-TOBACCO-OW_03-inclinada.png,PALL-TOBACCO-OW_03-close.png
modelos-off-white,PALL-TOBACCO-OW_M1-costas-close.png,PALL-TOBACCO-OW_04-modelo-costas-close.png
modelos-off-white,PALL-TOBACCO-OW_M2-frente-close.png,PALL-TOBACCO-OW_05-modelo-frente-close.png
modelos-off-white,PALL-TOBACCO-OW_M3-costas-corpo.png,PALL-TOBACCO-OW_06-modelo-costas-corpo.png
modelos-off-white,PALL-TOBACCO-OW_M4-frente-corpo.png,PALL-TOBACCO-OW_07-modelo-frente-corpo.png
mockups-finais,PALL-TOBACCO-PT_01-costas.png,PALL-TOBACCO-PT_01-costas.png
mockups-finais,PALL-TOBACCO-PT_02-frente.png,PALL-TOBACCO-PT_02-frente.png
mockups-finais,PALL-TOBACCO-PT_03-inclinada.png,PALL-TOBACCO-PT_03-close.png
modelos-preta,PALL-TOBACCO-PT_M1-costas-close.png,PALL-TOBACCO-PT_04-modelo-costas-close.png
modelos-preta,PALL-TOBACCO-PT_M2-frente-close.png,PALL-TOBACCO-PT_05-modelo-frente-close.png
modelos-preta,PALL-TOBACCO-PT_M3-costas-corpo.png,PALL-TOBACCO-PT_06-modelo-costas-corpo.png
modelos-preta,PALL-TOBACCO-PT_M4-frente-corpo.png,PALL-TOBACCO-PT_07-modelo-frente-corpo.png
mockups-finais,PALL-TOLD-YOU-AZ_01-costas.png,PALL-TOLD-YOU-AZ_01-costas.png
mockups-finais,PALL-TOLD-YOU-AZ_03-inclinada.png,PALL-TOLD-YOU-AZ_02-close.png
mockups-finais,PALL-TOLD-YOU-AZ_02-frente.png,PALL-TOLD-YOU-AZ_03-frente.png
modelos-azul-marinho,PALL-TOLD-YOU-AZ_M1-costas-close.png,PALL-TOLD-YOU-AZ_04-modelo-costas-close.png
modelos-azul-marinho,PALL-TOLD-YOU-AZ_M2-frente-close.png,PALL-TOLD-YOU-AZ_05-modelo-frente-close.png
modelos-azul-marinho,PALL-TOLD-YOU-AZ_M3-costas-corpo.png,PALL-TOLD-YOU-AZ_06-modelo-costas-corpo.png
modelos-azul-marinho,PALL-TOLD-YOU-AZ_M4-frente-corpo.png,PALL-TOLD-YOU-AZ_07-modelo-frente-corpo.png
mockups-finais,PALL-TOLD-YOU-BR_01-costas.png,PALL-TOLD-YOU-BR_01-costas.png
mockups-finais,PALL-TOLD-YOU-BR_03-inclinada.png,PALL-TOLD-YOU-BR_02-close.png
mockups-finais,PALL-TOLD-YOU-BR_02-frente.png,PALL-TOLD-YOU-BR_03-frente.png
modelos-branca,PALL-TOLD-YOU-BR_M1-costas-close.png,PALL-TOLD-YOU-BR_04-modelo-costas-close.png
modelos-branca,PALL-TOLD-YOU-BR_M2-frente-close.png,PALL-TOLD-YOU-BR_05-modelo-frente-close.png
modelos-branca,PALL-TOLD-YOU-BR_M3-costas-corpo.png,PALL-TOLD-YOU-BR_06-modelo-costas-corpo.png
modelos-branca,PALL-TOLD-YOU-BR_M4-frente-corpo.png,PALL-TOLD-YOU-BR_07-modelo-frente-corpo.png
mockups-finais,PALL-TOLD-YOU-OW_01-costas.png,PALL-TOLD-YOU-OW_01-costas.png
mockups-finais,PALL-TOLD-YOU-OW_03-inclinada.png,PALL-TOLD-YOU-OW_02-close.png
mockups-finais,PALL-TOLD-YOU-OW_02-frente.png,PALL-TOLD-YOU-OW_03-frente.png
modelos-off-white,PALL-TOLD-YOU-OW_M1-costas-close.png,PALL-TOLD-YOU-OW_04-modelo-costas-close.png
modelos-off-white,PALL-TOLD-YOU-OW_M2-frente-close.png,PALL-TOLD-YOU-OW_05-modelo-frente-close.png
modelos-off-white,PALL-TOLD-YOU-OW_M3-costas-corpo.png,PALL-TOLD-YOU-OW_06-modelo-costas-corpo.png
modelos-off-white,PALL-TOLD-YOU-OW_M4-frente-corpo.png,PALL-TOLD-YOU-OW_07-modelo-frente-corpo.png
mockups-finais,PALL-TOLD-YOU-PT_01-costas.png,PALL-TOLD-YOU-PT_01-costas.png
mockups-finais,PALL-TOLD-YOU-PT_03-inclinada.png,PALL-TOLD-YOU-PT_02-close.png
mockups-finais,PALL-TOLD-YOU-PT_02-frente.png,PALL-TOLD-YOU-PT_03-frente.png
modelos-preta,PALL-TOLD-YOU-PT_M1-costas-close.png,PALL-TOLD-YOU-PT_04-modelo-costas-close.png
modelos-preta,PALL-TOLD-YOU-PT_M2-frente-close.png,PALL-TOLD-YOU-PT_05-modelo-frente-close.png
modelos-preta,PALL-TOLD-YOU-PT_M3-costas-corpo.png,PALL-TOLD-YOU-PT_06-modelo-costas-corpo.png
modelos-preta,PALL-TOLD-YOU-PT_M4-frente-corpo.png,PALL-TOLD-YOU-PT_07-modelo-frente-corpo.png
mockups-finais,PALL-TRACK-AZ_01-costas.png,PALL-TRACK-AZ_01-costas.png
mockups-finais,PALL-TRACK-AZ_03-inclinada.png,PALL-TRACK-AZ_02-close.png
mockups-finais,PALL-TRACK-AZ_02-frente.png,PALL-TRACK-AZ_03-frente.png
modelos-azul-marinho,PALL-TRACK-AZ_M1-costas-close.png,PALL-TRACK-AZ_04-modelo-costas-close.png
modelos-azul-marinho,PALL-TRACK-AZ_M2-frente-close.png,PALL-TRACK-AZ_05-modelo-frente-close.png
modelos-azul-marinho,PALL-TRACK-AZ_M3-costas-corpo.png,PALL-TRACK-AZ_06-modelo-costas-corpo.png
modelos-azul-marinho,PALL-TRACK-AZ_M4-frente-corpo.png,PALL-TRACK-AZ_07-modelo-frente-corpo.png
mockups-finais,PALL-TRACK-BR_01-costas.png,PALL-TRACK-BR_01-costas.png
mockups-finais,PALL-TRACK-BR_03-inclinada.png,PALL-TRACK-BR_02-close.png
mockups-finais,PALL-TRACK-BR_02-frente.png,PALL-TRACK-BR_03-frente.png
modelos-branca,PALL-TRACK-BR_M1-costas-close.png,PALL-TRACK-BR_04-modelo-costas-close.png
modelos-branca,PALL-TRACK-BR_M2-frente-close.png,PALL-TRACK-BR_05-modelo-frente-close.png
modelos-branca,PALL-TRACK-BR_M3-costas-corpo.png,PALL-TRACK-BR_06-modelo-costas-corpo.png
modelos-branca,PALL-TRACK-BR_M4-frente-corpo.png,PALL-TRACK-BR_07-modelo-frente-corpo.png
mockups-finais,PALL-TRACK-OW_01-costas.png,PALL-TRACK-OW_01-costas.png
mockups-finais,PALL-TRACK-OW_03-inclinada.png,PALL-TRACK-OW_02-close.png
mockups-finais,PALL-TRACK-OW_02-frente.png,PALL-TRACK-OW_03-frente.png
modelos-off-white,PALL-TRACK-OW_M1-costas-close.png,PALL-TRACK-OW_04-modelo-costas-close.png
modelos-off-white,PALL-TRACK-OW_M2-frente-close.png,PALL-TRACK-OW_05-modelo-frente-close.png
modelos-off-white,PALL-TRACK-OW_M3-costas-corpo.png,PALL-TRACK-OW_06-modelo-costas-corpo.png
modelos-off-white,PALL-TRACK-OW_M4-frente-corpo.png,PALL-TRACK-OW_07-modelo-frente-corpo.png
mockups-finais,PALL-TRACK-PT_01-costas.png,PALL-TRACK-PT_01-costas.png
mockups-finais,PALL-TRACK-PT_03-inclinada.png,PALL-TRACK-PT_02-close.png
mockups-finais,PALL-TRACK-PT_02-frente.png,PALL-TRACK-PT_03-frente.png
modelos-preta,PALL-TRACK-PT_M1-costas-close.png,PALL-TRACK-PT_04-modelo-costas-close.png
modelos-preta,PALL-TRACK-PT_M2-frente-close.png,PALL-TRACK-PT_05-modelo-frente-close.png
modelos-preta,PALL-TRACK-PT_M3-costas-corpo.png,PALL-TRACK-PT_06-modelo-costas-corpo.png
modelos-preta,PALL-TRACK-PT_M4-frente-corpo.png,PALL-TRACK-PT_07-modelo-frente-corpo.png
mockups-finais,PALL-TRANCOSO-BR_01-costas.png,PALL-TRANCOSO-BR_01-costas.png
mockups-finais,PALL-TRANCOSO-BR_03-inclinada.png,PALL-TRANCOSO-BR_02-close.png
mockups-finais,PALL-TRANCOSO-BR_02-frente.png,PALL-TRANCOSO-BR_03-frente.png
modelos-branca,PALL-TRANCOSO-BR_M1-costas-close.png,PALL-TRANCOSO-BR_04-modelo-costas-close.png
modelos-branca,PALL-TRANCOSO-BR_M2-frente-close.png,PALL-TRANCOSO-BR_05-modelo-frente-close.png
modelos-branca,PALL-TRANCOSO-BR_M3-costas-corpo.png,PALL-TRANCOSO-BR_06-modelo-costas-corpo.png
modelos-branca,PALL-TRANCOSO-BR_M4-frente-corpo.png,PALL-TRANCOSO-BR_07-modelo-frente-corpo.png
mockups-finais,PALL-TRANCOSO-OW_01-costas.png,PALL-TRANCOSO-OW_01-costas.png
mockups-finais,PALL-TRANCOSO-OW_03-inclinada.png,PALL-TRANCOSO-OW_02-close.png
mockups-finais,PALL-TRANCOSO-OW_02-frente.png,PALL-TRANCOSO-OW_03-frente.png
modelos-off-white,PALL-TRANCOSO-OW_M1-costas-close.png,PALL-TRANCOSO-OW_04-modelo-costas-close.png
modelos-off-white,PALL-TRANCOSO-OW_M2-frente-close.png,PALL-TRANCOSO-OW_05-modelo-frente-close.png
modelos-off-white,PALL-TRANCOSO-OW_M3-costas-corpo.png,PALL-TRANCOSO-OW_06-modelo-costas-corpo.png
modelos-off-white,PALL-TRANCOSO-OW_M4-frente-corpo.png,PALL-TRANCOSO-OW_07-modelo-frente-corpo.png
mockups-finais,PALL-TRANCOSO-PT_01-costas.png,PALL-TRANCOSO-PT_01-costas.png
mockups-finais,PALL-TRANCOSO-PT_03-inclinada.png,PALL-TRANCOSO-PT_02-close.png
mockups-finais,PALL-TRANCOSO-PT_02-frente.png,PALL-TRANCOSO-PT_03-frente.png
modelos-preta,PALL-TRANCOSO-PT_M1-costas-close.png,PALL-TRANCOSO-PT_04-modelo-costas-close.png
modelos-preta,PALL-TRANCOSO-PT_M2-frente-close.png,PALL-TRANCOSO-PT_05-modelo-frente-close.png
modelos-preta,PALL-TRANCOSO-PT_M3-costas-corpo.png,PALL-TRANCOSO-PT_06-modelo-costas-corpo.png
modelos-preta,PALL-TRANCOSO-PT_M4-frente-corpo.png,PALL-TRANCOSO-PT_07-modelo-frente-corpo.png
mockups-finais,PALL-TRIPLE-R-AZ_01-costas.png,PALL-TRIPLE-R-AZ_01-costas.png
mockups-finais,PALL-TRIPLE-R-AZ_03-inclinada.png,PALL-TRIPLE-R-AZ_02-close.png
mockups-finais,PALL-TRIPLE-R-AZ_02-frente.png,PALL-TRIPLE-R-AZ_03-frente.png
modelos-azul-marinho,PALL-TRIPLE-R-AZ_M1-costas-close.png,PALL-TRIPLE-R-AZ_04-modelo-costas-close.png
modelos-azul-marinho,PALL-TRIPLE-R-AZ_M2-frente-close.png,PALL-TRIPLE-R-AZ_05-modelo-frente-close.png
modelos-azul-marinho,PALL-TRIPLE-R-AZ_M3-costas-corpo.png,PALL-TRIPLE-R-AZ_06-modelo-costas-corpo.png
modelos-azul-marinho,PALL-TRIPLE-R-AZ_M4-frente-corpo.png,PALL-TRIPLE-R-AZ_07-modelo-frente-corpo.png
mockups-finais,PALL-TRIPLE-R-BR_01-costas.png,PALL-TRIPLE-R-BR_01-costas.png
mockups-finais,PALL-TRIPLE-R-BR_03-inclinada.png,PALL-TRIPLE-R-BR_02-close.png
mockups-finais,PALL-TRIPLE-R-BR_02-frente.png,PALL-TRIPLE-R-BR_03-frente.png
modelos-branca,PALL-TRIPLE-R-BR_M1-costas-close.png,PALL-TRIPLE-R-BR_04-modelo-costas-close.png
modelos-branca,PALL-TRIPLE-R-BR_M2-frente-close.png,PALL-TRIPLE-R-BR_05-modelo-frente-close.png
modelos-branca,PALL-TRIPLE-R-BR_M3-costas-corpo.png,PALL-TRIPLE-R-BR_06-modelo-costas-corpo.png
modelos-branca,PALL-TRIPLE-R-BR_M4-frente-corpo.png,PALL-TRIPLE-R-BR_07-modelo-frente-corpo.png
mockups-finais,PALL-TRIPLE-R-OW_01-costas.png,PALL-TRIPLE-R-OW_01-costas.png
mockups-finais,PALL-TRIPLE-R-OW_03-inclinada.png,PALL-TRIPLE-R-OW_02-close.png
mockups-finais,PALL-TRIPLE-R-OW_02-frente.png,PALL-TRIPLE-R-OW_03-frente.png
modelos-off-white,PALL-TRIPLE-R-OW_M1-costas-close.png,PALL-TRIPLE-R-OW_04-modelo-costas-close.png
modelos-off-white,PALL-TRIPLE-R-OW_M2-frente-close.png,PALL-TRIPLE-R-OW_05-modelo-frente-close.png
modelos-off-white,PALL-TRIPLE-R-OW_M3-costas-corpo.png,PALL-TRIPLE-R-OW_06-modelo-costas-corpo.png
modelos-off-white,PALL-TRIPLE-R-OW_M4-frente-corpo.png,PALL-TRIPLE-R-OW_07-modelo-frente-corpo.png
mockups-finais,PALL-TRIPLE-R-PT_01-costas.png,PALL-TRIPLE-R-PT_01-costas.png
mockups-finais,PALL-TRIPLE-R-PT_03-inclinada.png,PALL-TRIPLE-R-PT_02-close.png
mockups-finais,PALL-TRIPLE-R-PT_02-frente.png,PALL-TRIPLE-R-PT_03-frente.png
modelos-preta,PALL-TRIPLE-R-PT_M1-costas-close.png,PALL-TRIPLE-R-PT_04-modelo-costas-close.png
modelos-preta,PALL-TRIPLE-R-PT_M2-frente-close.png,PALL-TRIPLE-R-PT_05-modelo-frente-close.png
modelos-preta,PALL-TRIPLE-R-PT_M3-costas-corpo.png,PALL-TRIPLE-R-PT_06-modelo-costas-corpo.png
modelos-preta,PALL-TRIPLE-R-PT_M4-frente-corpo.png,PALL-TRIPLE-R-PT_07-modelo-frente-corpo.png
mockups-finais,PALL-TUTO-PASSA-BR_01-costas.png,PALL-TUTO-PASSA-BR_01-costas.png
mockups-finais,PALL-TUTO-PASSA-BR_02-frente.png,PALL-TUTO-PASSA-BR_02-frente.png
mockups-finais,PALL-TUTO-PASSA-BR_03-inclinada.png,PALL-TUTO-PASSA-BR_03-close.png
modelos-branca,PALL-TUTO-PASSA-BR_M1-costas-close.png,PALL-TUTO-PASSA-BR_04-modelo-costas-close.png
modelos-branca,PALL-TUTO-PASSA-BR_M2-frente-close.png,PALL-TUTO-PASSA-BR_05-modelo-frente-close.png
modelos-branca,PALL-TUTO-PASSA-BR_M3-costas-corpo.png,PALL-TUTO-PASSA-BR_06-modelo-costas-corpo.png
modelos-branca,PALL-TUTO-PASSA-BR_M4-frente-corpo.png,PALL-TUTO-PASSA-BR_07-modelo-frente-corpo.png
mockups-finais,PALL-TUTO-PASSA-OW_01-costas.png,PALL-TUTO-PASSA-OW_01-costas.png
mockups-finais,PALL-TUTO-PASSA-OW_02-frente.png,PALL-TUTO-PASSA-OW_02-frente.png
mockups-finais,PALL-TUTO-PASSA-OW_03-inclinada.png,PALL-TUTO-PASSA-OW_03-close.png
modelos-off-white,PALL-TUTO-PASSA-OW_M1-costas-close.png,PALL-TUTO-PASSA-OW_04-modelo-costas-close.png
modelos-off-white,PALL-TUTO-PASSA-OW_M2-frente-close.png,PALL-TUTO-PASSA-OW_05-modelo-frente-close.png
modelos-off-white,PALL-TUTO-PASSA-OW_M3-costas-corpo.png,PALL-TUTO-PASSA-OW_06-modelo-costas-corpo.png
modelos-off-white,PALL-TUTO-PASSA-OW_M4-frente-corpo.png,PALL-TUTO-PASSA-OW_07-modelo-frente-corpo.png
mockups-finais,PALL-VESPA-AZ_01-costas.png,PALL-VESPA-AZ_01-costas.png
mockups-finais,PALL-VESPA-AZ_02-frente.png,PALL-VESPA-AZ_02-frente.png
mockups-finais,PALL-VESPA-AZ_03-inclinada.png,PALL-VESPA-AZ_03-close.png
modelos-azul-marinho,PALL-VESPA-AZ_M1-costas-close.png,PALL-VESPA-AZ_04-modelo-costas-close.png
modelos-azul-marinho,PALL-VESPA-AZ_M2-frente-close.png,PALL-VESPA-AZ_05-modelo-frente-close.png
modelos-azul-marinho,PALL-VESPA-AZ_M3-costas-corpo.png,PALL-VESPA-AZ_06-modelo-costas-corpo.png
modelos-azul-marinho,PALL-VESPA-AZ_M4-frente-corpo.png,PALL-VESPA-AZ_07-modelo-frente-corpo.png
mockups-finais,PALL-VESPA-BR_01-costas.png,PALL-VESPA-BR_01-costas.png
mockups-finais,PALL-VESPA-BR_02-frente.png,PALL-VESPA-BR_02-frente.png
mockups-finais,PALL-VESPA-BR_03-inclinada.png,PALL-VESPA-BR_03-close.png
modelos-branca,PALL-VESPA-BR_M1-costas-close.png,PALL-VESPA-BR_04-modelo-costas-close.png
modelos-branca,PALL-VESPA-BR_M2-frente-close.png,PALL-VESPA-BR_05-modelo-frente-close.png
modelos-branca,PALL-VESPA-BR_M3-costas-corpo.png,PALL-VESPA-BR_06-modelo-costas-corpo.png
modelos-branca,PALL-VESPA-BR_M4-frente-corpo.png,PALL-VESPA-BR_07-modelo-frente-corpo.png
mockups-finais,PALL-VESPA-OW_01-costas.png,PALL-VESPA-OW_01-costas.png
mockups-finais,PALL-VESPA-OW_02-frente.png,PALL-VESPA-OW_02-frente.png
mockups-finais,PALL-VESPA-OW_03-inclinada.png,PALL-VESPA-OW_03-close.png
modelos-off-white,PALL-VESPA-OW_M1-costas-close.png,PALL-VESPA-OW_04-modelo-costas-close.png
modelos-off-white,PALL-VESPA-OW_M2-frente-close.png,PALL-VESPA-OW_05-modelo-frente-close.png
modelos-off-white,PALL-VESPA-OW_M3-costas-corpo.png,PALL-VESPA-OW_06-modelo-costas-corpo.png
modelos-off-white,PALL-VESPA-OW_M4-frente-corpo.png,PALL-VESPA-OW_07-modelo-frente-corpo.png
mockups-finais,PALL-VESPA-PT_01-costas.png,PALL-VESPA-PT_01-costas.png
mockups-finais,PALL-VESPA-PT_02-frente.png,PALL-VESPA-PT_02-frente.png
mockups-finais,PALL-VESPA-PT_03-inclinada.png,PALL-VESPA-PT_03-close.png
modelos-preta,PALL-VESPA-PT_M1-costas-close.png,PALL-VESPA-PT_04-modelo-costas-close.png
modelos-preta,PALL-VESPA-PT_M2-frente-close.png,PALL-VESPA-PT_05-modelo-frente-close.png
modelos-preta,PALL-VESPA-PT_M3-costas-corpo.png,PALL-VESPA-PT_06-modelo-costas-corpo.png
modelos-preta,PALL-VESPA-PT_M4-frente-corpo.png,PALL-VESPA-PT_07-modelo-frente-corpo.png
mockups-finais,PALL-VIRGINITY-AZ_01-costas.png,PALL-VIRGINITY-AZ_01-costas.png
mockups-finais,PALL-VIRGINITY-AZ_03-inclinada.png,PALL-VIRGINITY-AZ_02-close.png
mockups-finais,PALL-VIRGINITY-AZ_02-frente.png,PALL-VIRGINITY-AZ_03-frente.png
modelos-azul-marinho,PALL-VIRGINITY-AZ_M1-costas-close.png,PALL-VIRGINITY-AZ_04-modelo-costas-close.png
modelos-azul-marinho,PALL-VIRGINITY-AZ_M2-frente-close.png,PALL-VIRGINITY-AZ_05-modelo-frente-close.png
modelos-azul-marinho,PALL-VIRGINITY-AZ_M3-costas-corpo.png,PALL-VIRGINITY-AZ_06-modelo-costas-corpo.png
modelos-azul-marinho,PALL-VIRGINITY-AZ_M4-frente-corpo.png,PALL-VIRGINITY-AZ_07-modelo-frente-corpo.png
mockups-finais,PALL-VIRGINITY-BR_01-costas.png,PALL-VIRGINITY-BR_01-costas.png
mockups-finais,PALL-VIRGINITY-BR_03-inclinada.png,PALL-VIRGINITY-BR_02-close.png
mockups-finais,PALL-VIRGINITY-BR_02-frente.png,PALL-VIRGINITY-BR_03-frente.png
modelos-branca,PALL-VIRGINITY-BR_M1-costas-close.png,PALL-VIRGINITY-BR_04-modelo-costas-close.png
modelos-branca,PALL-VIRGINITY-BR_M2-frente-close.png,PALL-VIRGINITY-BR_05-modelo-frente-close.png
modelos-branca,PALL-VIRGINITY-BR_M3-costas-corpo.png,PALL-VIRGINITY-BR_06-modelo-costas-corpo.png
modelos-branca,PALL-VIRGINITY-BR_M4-frente-corpo.png,PALL-VIRGINITY-BR_07-modelo-frente-corpo.png
mockups-finais,PALL-VIRGINITY-OW_01-costas.png,PALL-VIRGINITY-OW_01-costas.png
mockups-finais,PALL-VIRGINITY-OW_03-inclinada.png,PALL-VIRGINITY-OW_02-close.png
mockups-finais,PALL-VIRGINITY-OW_02-frente.png,PALL-VIRGINITY-OW_03-frente.png
modelos-off-white,PALL-VIRGINITY-OW_M1-costas-close.png,PALL-VIRGINITY-OW_04-modelo-costas-close.png
modelos-off-white,PALL-VIRGINITY-OW_M2-frente-close.png,PALL-VIRGINITY-OW_05-modelo-frente-close.png
modelos-off-white,PALL-VIRGINITY-OW_M3-costas-corpo.png,PALL-VIRGINITY-OW_06-modelo-costas-corpo.png
modelos-off-white,PALL-VIRGINITY-OW_M4-frente-corpo.png,PALL-VIRGINITY-OW_07-modelo-frente-corpo.png
mockups-finais,PALL-VIRGINITY-PT_01-costas.png,PALL-VIRGINITY-PT_01-costas.png
mockups-finais,PALL-VIRGINITY-PT_03-inclinada.png,PALL-VIRGINITY-PT_02-close.png
mockups-finais,PALL-VIRGINITY-PT_02-frente.png,PALL-VIRGINITY-PT_03-frente.png
modelos-preta,PALL-VIRGINITY-PT_M1-costas-close.png,PALL-VIRGINITY-PT_04-modelo-costas-close.png
modelos-preta,PALL-VIRGINITY-PT_M2-frente-close.png,PALL-VIRGINITY-PT_05-modelo-frente-close.png
modelos-preta,PALL-VIRGINITY-PT_M3-costas-corpo.png,PALL-VIRGINITY-PT_06-modelo-costas-corpo.png
modelos-preta,PALL-VIRGINITY-PT_M4-frente-corpo.png,PALL-VIRGINITY-PT_07-modelo-frente-corpo.png
mockups-finais,PALL-WORLD-IS-YOURS-AZ_01-costas.png,PALL-WORLD-IS-YOURS-AZ_01-costas.png
mockups-finais,PALL-WORLD-IS-YOURS-AZ_03-inclinada.png,PALL-WORLD-IS-YOURS-AZ_02-close.png
mockups-finais,PALL-WORLD-IS-YOURS-AZ_02-frente.png,PALL-WORLD-IS-YOURS-AZ_03-frente.png
modelos-azul-marinho,PALL-WORLD-IS-YOURS-AZ_M1-costas-close.png,PALL-WORLD-IS-YOURS-AZ_04-modelo-costas-close.png
modelos-azul-marinho,PALL-WORLD-IS-YOURS-AZ_M2-frente-close.png,PALL-WORLD-IS-YOURS-AZ_05-modelo-frente-close.png
modelos-azul-marinho,PALL-WORLD-IS-YOURS-AZ_M3-costas-corpo.png,PALL-WORLD-IS-YOURS-AZ_06-modelo-costas-corpo.png
modelos-azul-marinho,PALL-WORLD-IS-YOURS-AZ_M4-frente-corpo.png,PALL-WORLD-IS-YOURS-AZ_07-modelo-frente-corpo.png
mockups-finais,PALL-WORLD-IS-YOURS-BR_01-costas.png,PALL-WORLD-IS-YOURS-BR_01-costas.png
mockups-finais,PALL-WORLD-IS-YOURS-BR_03-inclinada.png,PALL-WORLD-IS-YOURS-BR_02-close.png
mockups-finais,PALL-WORLD-IS-YOURS-BR_02-frente.png,PALL-WORLD-IS-YOURS-BR_03-frente.png
modelos-branca,PALL-WORLD-IS-YOURS-BR_M1-costas-close.png,PALL-WORLD-IS-YOURS-BR_04-modelo-costas-close.png
modelos-branca,PALL-WORLD-IS-YOURS-BR_M2-frente-close.png,PALL-WORLD-IS-YOURS-BR_05-modelo-frente-close.png
modelos-branca,PALL-WORLD-IS-YOURS-BR_M3-costas-corpo.png,PALL-WORLD-IS-YOURS-BR_06-modelo-costas-corpo.png
modelos-branca,PALL-WORLD-IS-YOURS-BR_M4-frente-corpo.png,PALL-WORLD-IS-YOURS-BR_07-modelo-frente-corpo.png
mockups-finais,PALL-WORLD-IS-YOURS-OW_01-costas.png,PALL-WORLD-IS-YOURS-OW_01-costas.png
mockups-finais,PALL-WORLD-IS-YOURS-OW_03-inclinada.png,PALL-WORLD-IS-YOURS-OW_02-close.png
mockups-finais,PALL-WORLD-IS-YOURS-OW_02-frente.png,PALL-WORLD-IS-YOURS-OW_03-frente.png
modelos-off-white,PALL-WORLD-IS-YOURS-OW_M1-costas-close.png,PALL-WORLD-IS-YOURS-OW_04-modelo-costas-close.png
modelos-off-white,PALL-WORLD-IS-YOURS-OW_M2-frente-close.png,PALL-WORLD-IS-YOURS-OW_05-modelo-frente-close.png
modelos-off-white,PALL-WORLD-IS-YOURS-OW_M3-costas-corpo.png,PALL-WORLD-IS-YOURS-OW_06-modelo-costas-corpo.png
modelos-off-white,PALL-WORLD-IS-YOURS-OW_M4-frente-corpo.png,PALL-WORLD-IS-YOURS-OW_07-modelo-frente-corpo.png
mockups-finais,PALL-WORLD-IS-YOURS-PT_01-costas.png,PALL-WORLD-IS-YOURS-PT_01-costas.png
mockups-finais,PALL-WORLD-IS-YOURS-PT_03-inclinada.png,PALL-WORLD-IS-YOURS-PT_02-close.png
mockups-finais,PALL-WORLD-IS-YOURS-PT_02-frente.png,PALL-WORLD-IS-YOURS-PT_03-frente.png
modelos-preta,PALL-WORLD-IS-YOURS-PT_M1-costas-close.png,PALL-WORLD-IS-YOURS-PT_04-modelo-costas-close.png
modelos-preta,PALL-WORLD-IS-YOURS-PT_M2-frente-close.png,PALL-WORLD-IS-YOURS-PT_05-modelo-frente-close.png
modelos-preta,PALL-WORLD-IS-YOURS-PT_M3-costas-corpo.png,PALL-WORLD-IS-YOURS-PT_06-modelo-costas-corpo.png
modelos-preta,PALL-WORLD-IS-YOURS-PT_M4-frente-corpo.png,PALL-WORLD-IS-YOURS-PT_07-modelo-frente-corpo.png
mockups-finais,PALL-WRONG-PLACES-BR_01-costas.png,PALL-WRONG-PLACES-BR_01-costas.png
mockups-finais,PALL-WRONG-PLACES-BR_03-inclinada.png,PALL-WRONG-PLACES-BR_02-close.png
mockups-finais,PALL-WRONG-PLACES-BR_02-frente.png,PALL-WRONG-PLACES-BR_03-frente.png
modelos-branca,PALL-WRONG-PLACES-BR_M1-costas-close.png,PALL-WRONG-PLACES-BR_04-modelo-costas-close.png
modelos-branca,PALL-WRONG-PLACES-BR_M2-frente-close.png,PALL-WRONG-PLACES-BR_05-modelo-frente-close.png
modelos-branca,PALL-WRONG-PLACES-BR_M3-costas-corpo.png,PALL-WRONG-PLACES-BR_06-modelo-costas-corpo.png
modelos-branca,PALL-WRONG-PLACES-BR_M4-frente-corpo.png,PALL-WRONG-PLACES-BR_07-modelo-frente-corpo.png
mockups-finais,PALL-WRONG-PLACES-OW_01-costas.png,PALL-WRONG-PLACES-OW_01-costas.png
mockups-finais,PALL-WRONG-PLACES-OW_03-inclinada.png,PALL-WRONG-PLACES-OW_02-close.png
mockups-finais,PALL-WRONG-PLACES-OW_02-frente.png,PALL-WRONG-PLACES-OW_03-frente.png
modelos-off-white,PALL-WRONG-PLACES-OW_M1-costas-close.png,PALL-WRONG-PLACES-OW_04-modelo-costas-close.png
modelos-off-white,PALL-WRONG-PLACES-OW_M2-frente-close.png,PALL-WRONG-PLACES-OW_05-modelo-frente-close.png
modelos-off-white,PALL-WRONG-PLACES-OW_M3-costas-corpo.png,PALL-WRONG-PLACES-OW_06-modelo-costas-corpo.png
modelos-off-white,PALL-WRONG-PLACES-OW_M4-frente-corpo.png,PALL-WRONG-PLACES-OW_07-modelo-frente-corpo.png
mockups-finais,PALL-WRONG-PLACES-PT_01-costas.png,PALL-WRONG-PLACES-PT_01-costas.png
mockups-finais,PALL-WRONG-PLACES-PT_03-inclinada.png,PALL-WRONG-PLACES-PT_02-close.png
mockups-finais,PALL-WRONG-PLACES-PT_02-frente.png,PALL-WRONG-PLACES-PT_03-frente.png
modelos-preta,PALL-WRONG-PLACES-PT_M1-costas-close.png,PALL-WRONG-PLACES-PT_04-modelo-costas-close.png
modelos-preta,PALL-WRONG-PLACES-PT_M2-frente-close.png,PALL-WRONG-PLACES-PT_05-modelo-frente-close.png
modelos-preta,PALL-WRONG-PLACES-PT_M3-costas-corpo.png,PALL-WRONG-PLACES-PT_06-modelo-costas-corpo.png
modelos-preta,PALL-WRONG-PLACES-PT_M4-frente-corpo.png,PALL-WRONG-PLACES-PT_07-modelo-frente-corpo.png
mockups-finais,PALL-YACHT-AZ_01-costas.png,PALL-YACHT-AZ_01-costas.png
mockups-finais,PALL-YACHT-AZ_03-inclinada.png,PALL-YACHT-AZ_02-close.png
mockups-finais,PALL-YACHT-AZ_02-frente.png,PALL-YACHT-AZ_03-frente.png
modelos-azul-marinho,PALL-YACHT-AZ_M1-costas-close.png,PALL-YACHT-AZ_04-modelo-costas-close.png
modelos-azul-marinho,PALL-YACHT-AZ_M2-frente-close.png,PALL-YACHT-AZ_05-modelo-frente-close.png
modelos-azul-marinho,PALL-YACHT-AZ_M3-costas-corpo.png,PALL-YACHT-AZ_06-modelo-costas-corpo.png
modelos-azul-marinho,PALL-YACHT-AZ_M4-frente-corpo.png,PALL-YACHT-AZ_07-modelo-frente-corpo.png
mockups-finais,PALL-YACHT-BR_01-costas.png,PALL-YACHT-BR_01-costas.png
mockups-finais,PALL-YACHT-BR_03-inclinada.png,PALL-YACHT-BR_02-close.png
mockups-finais,PALL-YACHT-BR_02-frente.png,PALL-YACHT-BR_03-frente.png
modelos-branca,PALL-YACHT-BR_M1-costas-close.png,PALL-YACHT-BR_04-modelo-costas-close.png
modelos-branca,PALL-YACHT-BR_M2-frente-close.png,PALL-YACHT-BR_05-modelo-frente-close.png
modelos-branca,PALL-YACHT-BR_M3-costas-corpo.png,PALL-YACHT-BR_06-modelo-costas-corpo.png
modelos-branca,PALL-YACHT-BR_M4-frente-corpo.png,PALL-YACHT-BR_07-modelo-frente-corpo.png
mockups-finais,PALL-YACHT-OW_01-costas.png,PALL-YACHT-OW_01-costas.png
mockups-finais,PALL-YACHT-OW_03-inclinada.png,PALL-YACHT-OW_02-close.png
mockups-finais,PALL-YACHT-OW_02-frente.png,PALL-YACHT-OW_03-frente.png
modelos-off-white,PALL-YACHT-OW_M1-costas-close.png,PALL-YACHT-OW_04-modelo-costas-close.png
modelos-off-white,PALL-YACHT-OW_M2-frente-close.png,PALL-YACHT-OW_05-modelo-frente-close.png
modelos-off-white,PALL-YACHT-OW_M3-costas-corpo.png,PALL-YACHT-OW_06-modelo-costas-corpo.png
modelos-off-white,PALL-YACHT-OW_M4-frente-corpo.png,PALL-YACHT-OW_07-modelo-frente-corpo.png
mockups-finais,PALL-YACHT-PT_01-costas.png,PALL-YACHT-PT_01-costas.png
mockups-finais,PALL-YACHT-PT_03-inclinada.png,PALL-YACHT-PT_02-close.png
mockups-finais,PALL-YACHT-PT_02-frente.png,PALL-YACHT-PT_03-frente.png
modelos-preta,PALL-YACHT-PT_M1-costas-close.png,PALL-YACHT-PT_04-modelo-costas-close.png
modelos-preta,PALL-YACHT-PT_M2-frente-close.png,PALL-YACHT-PT_05-modelo-frente-close.png
modelos-preta,PALL-YACHT-PT_M3-costas-corpo.png,PALL-YACHT-PT_06-modelo-costas-corpo.png
modelos-preta,PALL-YACHT-PT_M4-frente-corpo.png,PALL-YACHT-PT_07-modelo-frente-corpo.png
mockups-finais,PALL-YOU-KNOW-AZ_01-costas.png,PALL-YOU-KNOW-AZ_01-costas.png
mockups-finais,PALL-YOU-KNOW-AZ_03-inclinada.png,PALL-YOU-KNOW-AZ_02-close.png
mockups-finais,PALL-YOU-KNOW-AZ_02-frente.png,PALL-YOU-KNOW-AZ_03-frente.png
modelos-azul-marinho,PALL-YOU-KNOW-AZ_M1-costas-close.png,PALL-YOU-KNOW-AZ_04-modelo-costas-close.png
modelos-azul-marinho,PALL-YOU-KNOW-AZ_M2-frente-close.png,PALL-YOU-KNOW-AZ_05-modelo-frente-close.png
modelos-azul-marinho,PALL-YOU-KNOW-AZ_M3-costas-corpo.png,PALL-YOU-KNOW-AZ_06-modelo-costas-corpo.png
modelos-azul-marinho,PALL-YOU-KNOW-AZ_M4-frente-corpo.png,PALL-YOU-KNOW-AZ_07-modelo-frente-corpo.png
mockups-finais,PALL-YOU-KNOW-BR_01-costas.png,PALL-YOU-KNOW-BR_01-costas.png
mockups-finais,PALL-YOU-KNOW-BR_03-inclinada.png,PALL-YOU-KNOW-BR_02-close.png
mockups-finais,PALL-YOU-KNOW-BR_02-frente.png,PALL-YOU-KNOW-BR_03-frente.png
modelos-branca,PALL-YOU-KNOW-BR_M1-costas-close.png,PALL-YOU-KNOW-BR_04-modelo-costas-close.png
modelos-branca,PALL-YOU-KNOW-BR_M2-frente-close.png,PALL-YOU-KNOW-BR_05-modelo-frente-close.png
modelos-branca,PALL-YOU-KNOW-BR_M3-costas-corpo.png,PALL-YOU-KNOW-BR_06-modelo-costas-corpo.png
modelos-branca,PALL-YOU-KNOW-BR_M4-frente-corpo.png,PALL-YOU-KNOW-BR_07-modelo-frente-corpo.png
mockups-finais,PALL-YOU-KNOW-OW_01-costas.png,PALL-YOU-KNOW-OW_01-costas.png
mockups-finais,PALL-YOU-KNOW-OW_03-inclinada.png,PALL-YOU-KNOW-OW_02-close.png
mockups-finais,PALL-YOU-KNOW-OW_02-frente.png,PALL-YOU-KNOW-OW_03-frente.png
modelos-off-white,PALL-YOU-KNOW-OW_M1-costas-close.png,PALL-YOU-KNOW-OW_04-modelo-costas-close.png
modelos-off-white,PALL-YOU-KNOW-OW_M2-frente-close.png,PALL-YOU-KNOW-OW_05-modelo-frente-close.png
modelos-off-white,PALL-YOU-KNOW-OW_M3-costas-corpo.png,PALL-YOU-KNOW-OW_06-modelo-costas-corpo.png
modelos-off-white,PALL-YOU-KNOW-OW_M4-frente-corpo.png,PALL-YOU-KNOW-OW_07-modelo-frente-corpo.png
mockups-finais,PALL-YOU-KNOW-PT_01-costas.png,PALL-YOU-KNOW-PT_01-costas.png
mockups-finais,PALL-YOU-KNOW-PT_03-inclinada.png,PALL-YOU-KNOW-PT_02-close.png
mockups-finais,PALL-YOU-KNOW-PT_02-frente.png,PALL-YOU-KNOW-PT_03-frente.png
modelos-preta,PALL-YOU-KNOW-PT_M1-costas-close.png,PALL-YOU-KNOW-PT_04-modelo-costas-close.png
modelos-preta,PALL-YOU-KNOW-PT_M2-frente-close.png,PALL-YOU-KNOW-PT_05-modelo-frente-close.png
modelos-preta,PALL-YOU-KNOW-PT_M3-costas-corpo.png,PALL-YOU-KNOW-PT_06-modelo-costas-corpo.png
modelos-preta,PALL-YOU-KNOW-PT_M4-frente-corpo.png,PALL-YOU-KNOW-PT_07-modelo-frente-corpo.png
mockups-finais,PALL-YOUR-BED-AZ_01-costas.png,PALL-YOUR-BED-AZ_01-costas.png
mockups-finais,PALL-YOUR-BED-AZ_03-inclinada.png,PALL-YOUR-BED-AZ_02-close.png
mockups-finais,PALL-YOUR-BED-AZ_02-frente.png,PALL-YOUR-BED-AZ_03-frente.png
modelos-azul-marinho,PALL-YOUR-BED-AZ_M1-costas-close.png,PALL-YOUR-BED-AZ_04-modelo-costas-close.png
modelos-azul-marinho,PALL-YOUR-BED-AZ_M2-frente-close.png,PALL-YOUR-BED-AZ_05-modelo-frente-close.png
modelos-azul-marinho,PALL-YOUR-BED-AZ_M3-costas-corpo.png,PALL-YOUR-BED-AZ_06-modelo-costas-corpo.png
modelos-azul-marinho,PALL-YOUR-BED-AZ_M4-frente-corpo.png,PALL-YOUR-BED-AZ_07-modelo-frente-corpo.png
mockups-finais,PALL-YOUR-BED-BR_01-costas.png,PALL-YOUR-BED-BR_01-costas.png
mockups-finais,PALL-YOUR-BED-BR_03-inclinada.png,PALL-YOUR-BED-BR_02-close.png
mockups-finais,PALL-YOUR-BED-BR_02-frente.png,PALL-YOUR-BED-BR_03-frente.png
modelos-branca,PALL-YOUR-BED-BR_M1-costas-close.png,PALL-YOUR-BED-BR_04-modelo-costas-close.png
modelos-branca,PALL-YOUR-BED-BR_M2-frente-close.png,PALL-YOUR-BED-BR_05-modelo-frente-close.png
modelos-branca,PALL-YOUR-BED-BR_M3-costas-corpo.png,PALL-YOUR-BED-BR_06-modelo-costas-corpo.png
modelos-branca,PALL-YOUR-BED-BR_M4-frente-corpo.png,PALL-YOUR-BED-BR_07-modelo-frente-corpo.png
mockups-finais,PALL-YOUR-BED-OW_01-costas.png,PALL-YOUR-BED-OW_01-costas.png
mockups-finais,PALL-YOUR-BED-OW_03-inclinada.png,PALL-YOUR-BED-OW_02-close.png
mockups-finais,PALL-YOUR-BED-OW_02-frente.png,PALL-YOUR-BED-OW_03-frente.png
modelos-off-white,PALL-YOUR-BED-OW_M1-costas-close.png,PALL-YOUR-BED-OW_04-modelo-costas-close.png
modelos-off-white,PALL-YOUR-BED-OW_M2-frente-close.png,PALL-YOUR-BED-OW_05-modelo-frente-close.png
modelos-off-white,PALL-YOUR-BED-OW_M3-costas-corpo.png,PALL-YOUR-BED-OW_06-modelo-costas-corpo.png
modelos-off-white,PALL-YOUR-BED-OW_M4-frente-corpo.png,PALL-YOUR-BED-OW_07-modelo-frente-corpo.png
mockups-finais,PALL-YOUR-BED-PT_01-costas.png,PALL-YOUR-BED-PT_01-costas.png
mockups-finais,PALL-YOUR-BED-PT_03-inclinada.png,PALL-YOUR-BED-PT_02-close.png
mockups-finais,PALL-YOUR-BED-PT_02-frente.png,PALL-YOUR-BED-PT_03-frente.png
modelos-preta,PALL-YOUR-BED-PT_M1-costas-close.png,PALL-YOUR-BED-PT_04-modelo-costas-close.png
modelos-preta,PALL-YOUR-BED-PT_M2-frente-close.png,PALL-YOUR-BED-PT_05-modelo-frente-close.png
modelos-preta,PALL-YOUR-BED-PT_M3-costas-corpo.png,PALL-YOUR-BED-PT_06-modelo-costas-corpo.png
modelos-preta,PALL-YOUR-BED-PT_M4-frente-corpo.png,PALL-YOUR-BED-PT_07-modelo-frente-corpo.png
